# Blender v2.79 (sub 0) OBJ File: 'Slime1.blend'
# www.blender.org
mtllib Slime.mtl
o Bone_Sphere.003
v 0.134927 1.757636 0.480202
v 0.245383 1.814540 0.412622
v 0.179720 1.761029 0.457790
v 0.148922 1.735052 0.513392
v 0.293800 1.792454 0.456843
v 0.218578 1.731153 0.508586
v 0.148922 1.744899 0.525058
v 0.293800 1.810284 0.477966
v 0.218578 1.748983 0.529709
v 0.134927 1.781410 0.508367
v 0.245383 1.857585 0.463619
v 0.179720 1.804074 0.508786
v 0.097112 1.808507 0.485495
v 0.176912 1.906649 0.422205
v 0.111249 1.853138 0.467372
v 0.057627 1.810319 0.469839
v 0.128495 1.928735 0.377984
v 0.053273 1.867435 0.429727
v 0.053273 1.849605 0.408603
v 0.057627 1.800471 0.458173
v 0.128495 1.910906 0.356861
v 0.111249 1.810093 0.416376
v 0.097112 1.784734 0.457330
v 0.176912 1.863604 0.371208
v 0.330873 1.874903 0.418134
v 0.213905 1.946102 0.332441
v 0.296614 1.908373 0.407982
v 0.248165 1.912632 0.342593
v 0.248165 1.943091 0.378678
v 0.296614 1.877915 0.371897
v 0.330873 1.862287 0.403187
v 0.213905 1.958719 0.347388
v 0.636495 2.163830 0.135839
v 0.569044 2.221297 0.102341
v 0.593824 2.215842 0.143178
v 0.671922 2.167052 0.169353
v 0.594118 2.190825 0.113053
v 0.568996 2.231720 0.114768
v 0.633160 2.186369 0.168056
v 0.675010 2.159107 0.154834
v 0.598699 2.193555 0.123356
v 0.633917 2.174132 0.139097
v 0.632252 2.185403 0.155204
v 0.598551 2.206063 0.138419
v 0.575911 2.218436 0.115165
v 0.662626 2.166706 0.158176
v 0.509092 2.023896 0.268963
v 0.473986 2.056653 0.277546
v 0.407619 2.100209 0.225773
v 0.434386 2.060655 0.222926
v 0.507545 2.033096 0.282421
v 0.434240 2.085793 0.252950
v 0.407643 2.089766 0.213363
v 0.475656 2.032758 0.246474
v 0.274605 1.798599 0.436218
v 0.201773 1.739245 0.486317
v 0.300890 1.796288 0.471693
v 0.225668 1.734987 0.523436
v 0.175268 1.722648 0.519340
v 0.263279 1.755958 0.486097
v 0.314783 1.831083 0.427111
v 0.274605 1.831647 0.475372
v 0.201773 1.772294 0.525471
v 0.175268 1.736953 0.536287
v 0.263279 1.775317 0.509032
v 0.314783 1.846080 0.444878
v 0.211148 1.883964 0.445099
v 0.150264 1.834347 0.486979
v 0.151559 1.787236 0.514366
v 0.213099 1.828624 0.491810
v 0.274060 1.885865 0.432810
v 0.147690 1.922591 0.398609
v 0.074857 1.863237 0.448708
v 0.096625 1.826599 0.481140
v 0.138754 1.881897 0.446843
v 0.216468 1.927134 0.397976
v 0.121405 1.924901 0.363134
v 0.046183 1.863600 0.414876
v 0.175744 1.945711 0.360782
v 0.042646 1.831985 0.456073
v 0.083794 1.903931 0.400473
v 0.147690 1.889542 0.359455
v 0.074857 1.830189 0.409554
v 0.042646 1.817680 0.439126
v 0.083794 1.884571 0.377537
v 0.175744 1.930714 0.343015
v 0.211148 1.837226 0.389728
v 0.150264 1.787609 0.431608
v 0.096625 1.792065 0.440226
v 0.138754 1.835159 0.391472
v 0.216468 1.890928 0.355082
v 0.120446 1.775513 0.466576
v 0.138020 1.746671 0.497556
v 0.151559 1.752701 0.473452
v 0.213099 1.781886 0.436439
v 0.274060 1.849660 0.389916
v 0.147393 1.742970 0.516697
v 0.138020 1.762462 0.516263
v 0.120446 1.797845 0.493032
v 0.077381 1.805914 0.479586
v 0.061636 1.804421 0.464828
v 0.077381 1.790123 0.460879
v 0.382250 1.916434 0.359122
v 0.381863 1.927120 0.372420
v 0.350704 1.955254 0.364454
v 0.308567 1.985612 0.338829
v 0.279143 1.999603 0.311239
v 0.279149 1.988607 0.298202
v 0.308604 1.959085 0.307341
v 0.351122 1.929037 0.332703
v 0.335891 1.865000 0.413695
v 0.317292 1.890020 0.416298
v 0.208888 1.956005 0.336880
v 0.227487 1.930985 0.334277
v 0.272389 1.927038 0.394878
v 0.272389 1.893967 0.355697
v 0.227487 1.954370 0.361981
v 0.317292 1.866635 0.388593
v 0.672585 2.161553 0.155208
v 0.670272 2.167515 0.166095
v 0.633581 2.186656 0.164397
v 0.595644 2.213917 0.141549
v 0.571366 2.228921 0.114426
v 0.571401 2.221104 0.105106
v 0.595902 2.192029 0.115189
v 0.636496 2.166932 0.136209
v 0.615407 2.176327 0.123093
v 0.494281 2.024609 0.259302
v 0.567189 2.231388 0.104436
v 0.417331 2.075948 0.215968
v 0.614252 2.202809 0.156377
v 0.417265 2.095286 0.238987
v 0.683002 2.164479 0.160912
v 0.491929 2.042084 0.283894
v 0.584425 2.205051 0.117852
v 0.616080 2.183424 0.130747
v 0.650126 2.167840 0.148282
v 0.584364 2.213389 0.127832
v 0.615502 2.196665 0.147389
v 0.648169 2.174633 0.159566
v 0.631566 2.181574 0.145197
v 0.600313 2.197526 0.132713
v 0.455073 2.045665 0.233381
v 0.656618 2.156902 0.147637
v 0.404634 2.098917 0.216251
v 0.577155 2.206194 0.106031
v 0.454496 2.072618 0.266268
v 0.577022 2.225477 0.129096
v 0.515158 2.027698 0.276366
v 0.651923 2.172468 0.173839
v 0.632860 2.124757 0.183828
v 0.592718 2.153412 0.195874
v 0.528011 2.198320 0.142960
v 0.553546 2.157762 0.140961
v 0.630153 2.133014 0.198084
v 0.553289 2.182810 0.171060
v 0.528052 2.187892 0.130537
v 0.595640 2.130536 0.163942
v 0.112086 1.779866 0.485554
v 0.298639 1.836251 0.409763
v 0.243035 1.763116 0.463292
v 0.162780 1.732069 0.499627
v 0.320747 1.834308 0.439602
v 0.270978 1.760121 0.502221
v 0.179595 1.727174 0.530030
v 0.298639 1.864049 0.442696
v 0.243035 1.799000 0.505804
v 0.162780 1.757967 0.530311
v 0.245264 1.908053 0.417233
v 0.177121 1.858239 0.470880
v 0.131173 1.813734 0.494122
v 0.191889 1.940542 0.378129
v 0.105232 1.897745 0.422456
v 0.063321 1.829236 0.470154
v 0.169780 1.942486 0.348291
v 0.076095 1.899768 0.384349
v 0.038939 1.827964 0.444956
v 0.191889 1.912745 0.345197
v 0.105232 1.861862 0.379943
v 0.063321 1.803337 0.439471
v 0.245264 1.868741 0.370659
v 0.177121 1.807492 0.410758
v 0.131173 1.777107 0.450729
v 0.369520 1.919502 0.347007
v 0.387101 1.919188 0.367956
v 0.368932 1.939413 0.371568
v 0.329731 1.971650 0.352925
v 0.290581 1.995482 0.324242
v 0.275062 1.997477 0.301875
v 0.290598 1.975106 0.300074
v 0.329876 1.942932 0.318663
v 0.655650 2.160171 0.147347
v 0.677097 2.164592 0.160722
v 0.651645 2.173547 0.169817
v 0.615205 2.201795 0.153690
v 0.579497 2.222976 0.128340
v 0.569542 2.228245 0.107067
v 0.579612 2.206429 0.108547
v 0.616216 2.178623 0.124566
v 0.589250 2.205090 0.126294
v 0.615632 2.189760 0.139175
v 0.643405 2.174438 0.151078
v 0.574683 2.143139 0.151106
v 0.615378 2.123295 0.176004
v 0.525909 2.197747 0.132831
v 0.536560 2.173111 0.133955
v 0.573673 2.169739 0.184291
v 0.536444 2.192408 0.157008
v 0.640360 2.129729 0.190244
v 0.611265 2.139334 0.201807
vn -0.5627 -0.7453 -0.3575
vn -0.6889 -0.7207 -0.0768
vn -0.6840 -0.5574 0.4705
vn -0.4480 -0.8525 -0.2693
vn -0.2514 -0.8047 -0.5378
vn -0.2663 -0.7985 -0.5398
vn -0.2331 -0.8828 -0.4077
vn 0.1571 -0.6508 -0.7428
vn 0.0889 -0.7074 -0.7012
vn -0.0032 -0.6476 -0.7619
vn 0.0601 -0.5935 -0.8026
vn 0.0806 -0.5748 -0.8143
vn 0.1777 -0.6293 -0.7566
vn 0.3289 -0.6709 -0.6646
vn 0.3045 -0.7007 -0.6452
vn 0.2223 -0.7751 -0.5914
vn -0.0338 -0.7662 -0.6417
vn -0.1012 -0.7204 -0.6861
vn 0.0779 -0.8471 -0.5256
vn -0.6000 -0.7716 0.2111
vn -0.7211 -0.5294 0.4469
vn -0.1788 -0.9763 0.1213
vn -0.0584 -0.7628 0.6439
vn 0.5914 -0.7069 -0.3878
vn 0.4738 -0.8304 -0.2929
vn 0.6245 -0.6561 -0.4237
vn 0.9318 -0.2774 0.2341
vn 0.8867 -0.3533 0.2982
vn 0.7295 -0.5227 0.4412
vn 0.2657 -0.9515 -0.1547
vn 0.4415 -0.6856 0.5787
vn -0.6000 -0.3377 0.7252
vn -0.6889 -0.0452 0.7234
vn -0.1788 -0.2835 0.9421
vn -0.2331 0.2537 0.9387
vn 0.5914 0.2636 0.7620
vn 0.4738 0.1494 0.8679
vn 0.6245 0.3075 0.7179
vn 0.3289 0.5426 0.7729
vn 0.3045 0.5183 0.7991
vn 0.2223 0.4529 0.8634
vn 0.2657 -0.0072 0.9640
vn 0.0779 0.3759 0.9233
vn -0.5627 0.2273 0.7948
vn -0.4480 0.1223 0.8856
vn -0.2663 0.3981 0.8778
vn -0.2514 0.3950 0.8836
vn 0.1571 0.6229 0.7663
vn 0.0889 0.5725 0.8151
vn 0.1777 0.6402 0.7474
vn 0.0806 0.7062 0.7034
vn 0.0601 0.6915 0.7198
vn -0.0032 0.6424 0.7664
vn -0.0338 0.5039 0.8631
vn -0.1012 0.5554 0.8254
vn -0.3021 0.0406 0.9524
vn -0.4559 -0.2122 0.8643
vn -0.2444 0.3823 0.8911
vn -0.3958 0.3703 0.8403
vn -0.0283 0.7558 0.6541
vn -0.0938 0.7034 0.7046
vn -0.0043 0.7706 0.6373
vn -0.1049 0.8534 0.5105
vn -0.1386 0.8358 0.5311
vn -0.2246 0.7732 0.5930
vn -0.1691 0.6008 0.7813
vn -0.3127 0.6558 0.6871
vn -0.6858 -0.2762 0.6733
vn -0.6451 -0.5839 0.4928
vn -0.8112 0.1696 0.5597
vn -0.9925 -0.0935 0.0790
vn -0.3275 0.9221 0.2062
vn -0.4751 0.8293 0.2939
vn -0.2677 0.9468 0.1783
vn -0.4221 0.6927 -0.5847
vn -0.5183 0.6535 -0.5516
vn -0.7295 0.5227 -0.4412
vn -0.6431 0.6440 0.4143
vn -0.9237 0.2926 -0.2470
vn -0.6431 -0.3003 -0.7044
vn -0.8112 -0.5233 -0.2611
vn -0.4751 -0.1505 -0.8669
vn -0.2246 -0.4548 -0.8618
vn -0.3127 -0.5672 -0.7619
vn -0.3958 -0.7662 -0.5061
vn -0.6858 -0.7102 0.1592
vn -0.4559 -0.8877 0.0641
vn -0.3275 -0.0485 -0.9436
vn -0.2677 -0.0168 -0.9633
vn -0.1049 -0.3600 -0.9270
vn -0.1386 -0.3832 -0.9132
vn -0.1691 -0.6693 -0.7234
vn -0.2444 -0.8143 -0.5265
vn -0.0938 -0.5765 -0.8117
vn -0.3021 -0.9321 -0.1999
vn -0.0283 -0.5179 -0.8549
vn -0.0043 -0.4989 -0.8666
vn 0.5671 0.2751 0.7763
vn 0.2889 0.5206 0.8034
vn 0.8874 -0.3518 0.2977
vn 0.7770 -0.4802 0.4070
vn 0.4926 0.2013 0.8466
vn 0.2389 0.4775 0.8455
vn -0.3266 -0.0773 -0.9420
vn -0.1389 -0.3977 -0.9069
vn -0.5161 0.6545 -0.5525
vn -0.6756 0.5634 -0.4755
vn -0.4244 -0.1425 -0.8942
vn -0.1962 -0.4416 -0.8755
vn 0.1487 0.6212 0.7693
vn 0.0549 0.6877 0.7239
vn 0.1077 0.5882 0.8015
vn 0.0154 0.6574 0.7534
vn -0.0311 -0.5253 -0.8503
vn 0.0548 -0.5982 -0.7995
vn -0.0745 -0.5609 -0.8245
vn 0.0153 -0.6322 -0.7746
vn -0.0310 0.7501 0.6606
vn -0.1389 0.8272 0.5444
vn -0.0744 0.7186 0.6914
vn -0.1961 0.7889 0.5824
vn 0.1485 -0.6542 -0.7416
vn 0.2888 -0.7048 -0.6480
vn 0.1074 -0.6914 -0.7144
vn 0.2387 -0.7536 -0.6124
vn 0.5674 -0.7192 -0.4009
vn 0.4929 -0.8013 -0.3390
vn -0.3266 0.9156 0.2344
vn -0.4243 0.8576 0.2906
vn 0.3529 -0.3533 -0.8664
vn 0.3701 -0.4162 -0.8305
vn 0.2199 -0.7726 -0.5956
vn 0.0916 -0.7056 -0.7027
vn 0.0000 -0.6450 -0.7642
vn 0.3387 -0.2348 -0.9111
vn 0.6095 0.4489 -0.6534
vn 0.5800 0.3266 -0.7462
vn 0.4695 0.3657 -0.8036
vn 0.1178 0.0787 -0.9899
vn 0.2393 -0.1451 -0.9601
vn -0.2199 -0.4574 -0.8616
vn -0.4641 -0.1650 -0.8702
vn -0.0089 0.7651 -0.6438
vn 0.8447 0.4111 -0.3426
vn 0.8187 0.3152 -0.4800
vn 0.7411 0.4217 -0.5224
vn 0.3090 0.8974 0.3149
vn 0.2406 0.9208 0.3068
vn -0.2199 0.7726 0.5956
vn -0.0916 0.7056 0.7027
vn 0.0000 0.6450 0.7642
vn 0.3586 0.8364 0.4145
vn 0.6510 0.7188 -0.2437
vn 0.6580 0.6482 -0.3831
vn 0.7429 0.5900 -0.3163
vn 0.5157 0.6292 0.5815
vn 0.3445 0.7002 0.6254
vn 0.2199 0.4574 0.8616
vn 0.4641 0.1650 0.8702
vn 0.9677 0.2313 -0.1006
vn 0.1892 0.8732 -0.4491
vn 0.2532 0.9529 -0.1669
vn 0.4536 0.8912 -0.0001
vn 0.3034 -0.1490 -0.9411
vn -0.0916 -0.5742 -0.8135
vn 0.6444 0.5228 -0.5580
vn 0.1182 0.9887 0.0920
vn -0.4641 0.8302 0.3088
vn 0.8196 0.5275 -0.2237
vn 0.3614 0.7605 0.5394
vn 0.0916 0.5742 0.8135
vn 0.6208 0.7820 -0.0547
vn 0.5986 -0.2969 -0.7439
vn 0.4641 -0.8302 -0.3088
vn 0.2982 0.6121 -0.7324
vn 0.6298 0.6710 -0.3912
vn 0.7486 0.5651 -0.3468
vn 0.7004 0.5517 -0.4527
vn 0.6148 0.6156 -0.4929
vn 0.5753 0.6574 -0.4866
vn 0.5865 0.6494 -0.4840
vn 0.5818 0.5980 -0.5512
vn 0.5788 0.6848 -0.4427
vn 0.5582 0.7250 -0.4035
vn 0.5120 0.6485 -0.5633
vn 0.6216 0.7178 -0.3135
vn 0.5119 0.8160 -0.2684
vn 0.6253 0.6268 -0.4648
vn 0.6447 0.5218 -0.5585
vn 0.7515 0.4496 -0.4828
vn 0.8479 0.4090 -0.3373
vn 0.3604 0.8249 -0.4355
vn 0.4675 -0.8263 -0.3138
vn 0.7345 -0.5183 0.4379
vn 0.2222 -0.7698 -0.5983
vn 0.0938 0.5762 0.8119
vn 0.0020 0.6466 0.7627
vn 0.2223 0.4608 0.8592
vn -0.4583 0.8341 0.3069
vn -0.7233 0.5277 -0.4454
vn -0.2164 0.7748 0.5940
vn -0.0893 -0.5725 -0.8150
vn 0.0020 -0.6433 -0.7656
vn -0.2164 -0.4554 -0.8636
vn 0.4674 0.1716 0.8672
vn -0.0893 0.7073 0.7012
vn -0.4583 -0.1625 -0.8738
vn 0.0937 -0.7036 -0.7043
usemtl Material.002
s 1
f 1//1 93//2 159//3 92//4
f 1//1 92//4 183//5 94//6
f 1//1 94//6 162//7 93//2
f 2//8 95//9 182//10 87//11
f 2//8 87//11 181//12 96//13
f 2//8 96//13 160//14 55//15
f 2//8 55//15 161//16 95//9
f 3//17 94//6 183//5 88//18
f 3//17 88//18 182//10 95//9
f 3//17 95//9 161//16 56//19
f 3//17 56//19 162//7 94//6
f 4//20 97//21 159//3 93//2
f 4//20 93//2 162//7 59//22
f 4//20 59//22 165//23 97//21
f 5//24 60//25 161//16 55//15
f 5//24 55//15 160//14 61//26
f 5//24 61//26 163//27 57//28
f 5//24 57//28 164//29 60//25
f 6//30 59//22 162//7 56//19
f 6//30 56//19 161//16 60//25
f 6//30 60//25 164//29 58//31
f 6//30 58//31 165//23 59//22
f 7//32 98//33 159//3 97//21
f 7//32 97//21 165//23 64//34
f 7//32 64//34 168//35 98//33
f 8//36 65//37 164//29 57//28
f 8//36 57//28 163//27 66//38
f 8//36 66//38 166//39 62//40
f 8//36 62//40 167//41 65//37
f 9//42 64//34 165//23 58//31
f 9//42 58//31 164//29 65//37
f 9//42 65//37 167//41 63//43
f 9//42 63//43 168//35 64//34
f 10//44 99//45 159//3 98//33
f 10//44 98//33 168//35 69//46
f 10//44 69//46 171//47 99//45
f 11//48 70//49 167//41 62//40
f 11//48 62//40 166//39 71//50
f 11//48 71//50 169//51 67//52
f 11//48 67//52 170//53 70//49
f 12//54 69//46 168//35 63//43
f 12//54 63//43 167//41 70//49
f 12//54 70//49 170//53 68//55
f 12//54 68//55 171//47 69//46
f 13//56 100//57 159//3 99//45
f 13//56 99//45 171//47 74//58
f 13//56 74//58 174//59 100//57
f 14//60 75//61 170//53 67//52
f 14//60 67//52 169//51 76//62
f 14//60 76//62 172//63 72//64
f 14//60 72//64 173//65 75//61
f 15//66 74//58 171//47 68//55
f 15//66 68//55 170//53 75//61
f 15//66 75//61 173//65 73//67
f 15//66 73//67 174//59 74//58
f 16//68 101//69 159//3 100//57
f 16//68 100//57 174//59 80//70
f 16//68 80//70 177//71 101//69
f 17//72 81//73 173//65 72//64
f 17//72 72//64 172//63 79//74
f 17//72 79//74 175//75 77//76
f 17//72 77//76 176//77 81//73
f 18//78 80//70 174//59 73//67
f 18//78 73//67 173//65 81//73
f 18//78 81//73 176//77 78//79
f 18//78 78//79 177//71 80//70
f 19//80 84//81 177//71 78//79
f 19//80 78//79 176//77 85//82
f 19//80 85//82 179//83 83//84
f 19//80 83//84 180//85 84//81
f 20//86 102//87 159//3 101//69
f 20//86 101//69 177//71 84//81
f 20//86 84//81 180//85 102//87
f 21//88 85//82 176//77 77//76
f 21//88 77//76 175//75 86//89
f 21//88 86//89 178//90 82//91
f 21//88 82//91 179//83 85//82
f 22//92 89//93 180//85 83//84
f 22//92 83//84 179//83 90//94
f 22//92 90//94 182//10 88//18
f 22//92 88//18 183//5 89//93
f 23//95 92//4 159//3 102//87
f 23//95 102//87 180//85 89//93
f 23//95 89//93 183//5 92//4
f 24//96 90//94 179//83 82//91
f 24//96 82//91 178//90 91//97
f 24//96 91//97 181//12 87//11
f 24//96 87//11 182//10 90//94
f 25//98 112//99 166//39 66//38
f 25//98 66//38 163//27 111//100
f 25//98 111//100 185//101 104//102
f 25//98 104//102 186//103 112//99
f 26//104 114//105 178//90 86//89
f 26//104 86//89 175//75 113//106
f 26//104 113//106 189//107 108//108
f 26//104 108//108 190//109 114//105
f 27//110 115//111 169//51 71//50
f 27//110 71//50 166//39 112//99
f 27//110 112//99 186//103 105//112
f 27//110 105//112 187//113 115//111
f 28//114 116//115 181//12 91//97
f 28//114 91//97 178//90 114//105
f 28//114 114//105 190//109 109//116
f 28//114 109//116 191//117 116//115
f 29//118 117//119 172//63 76//62
f 29//118 76//62 169//51 115//111
f 29//118 115//111 187//113 106//120
f 29//118 106//120 188//121 117//119
f 30//122 118//123 160//14 96//13
f 30//122 96//13 181//12 116//115
f 30//122 116//115 191//117 110//124
f 30//122 110//124 184//125 118//123
f 31//126 111//100 163//27 61//26
f 31//126 61//26 160//14 118//123
f 31//126 118//123 184//125 103//127
f 31//126 103//127 185//101 111//100
f 32//128 113//106 175//75 79//74
f 32//128 79//74 172//63 117//119
f 32//128 117//119 188//121 107//129
f 32//128 107//129 189//107 113//106
f 33//130 144//131 204//132 158//133
f 33//130 158//133 203//134 127//135
f 33//130 127//135 199//136 126//137
f 33//130 126//137 192//138 144//131
f 34//139 146//140 206//141 157//142
f 34//139 157//142 205//77 129//143
f 34//139 129//143 197//144 124//145
f 34//139 124//145 198//146 146//140
f 35//147 148//148 208//149 156//150
f 35//147 156//150 207//151 131//152
f 35//147 131//152 195//153 122//154
f 35//147 122//154 196//155 148//148
f 36//156 150//157 210//158 155//159
f 36//156 155//159 209//29 133//160
f 36//156 133//160 193//161 120//162
f 36//156 120//162 194//163 150//157
f 37//164 127//135 203//134 154//165
f 37//164 154//165 206//141 146//140
f 37//164 146//140 198//146 125//166
f 37//164 125//166 199//136 127//135
f 38//167 129//143 205//77 153//168
f 38//167 153//168 208//149 148//148
f 38//167 148//148 196//155 123//169
f 38//167 123//169 197//144 129//143
f 39//170 131//152 207//151 152//171
f 39//170 152//171 210//158 150//157
f 39//170 150//157 194//163 121//172
f 39//170 121//172 195//153 131//152
f 40//173 133//160 209//29 151//174
f 40//173 151//174 204//132 144//131
f 40//173 144//131 192//138 119//175
f 40//173 119//175 193//161 133//160
f 41//176 135//177 200//178 142//179
f 41//176 142//179 201//180 136//181
f 41//176 136//181 199//136 125//166
f 41//176 125//166 198//146 135//177
f 42//182 141//183 202//184 137//185
f 42//182 137//185 192//138 126//137
f 42//182 126//137 199//136 136//181
f 42//182 136//181 201//180 141//183
f 43//186 121//172 194//163 140//187
f 43//186 140//187 202//184 141//183
f 43//186 141//183 201//180 139//188
f 43//186 139//188 195//153 121//172
f 44//189 138//190 196//155 122//154
f 44//189 122//154 195//153 139//188
f 44//189 139//188 201//180 142//179
f 44//189 142//179 200//178 138//190
f 45//191 124//145 197//144 123//169
f 45//191 123//169 196//155 138//190
f 45//191 138//190 200//178 135//177
f 45//191 135//177 198//146 124//145
f 46//192 119//175 192//138 137//185
f 46//192 137//185 202//184 140//187
f 46//192 140//187 194//163 120//162
f 46//192 120//162 193//161 119//175
f 47//193 149//194 185//101 103//127
f 47//193 103//127 184//125 128//195
f 47//193 128//195 204//132 151//174
f 47//193 151//174 209//29 149//194
f 48//196 147//197 187//113 105//112
f 48//196 105//112 186//103 134//198
f 48//196 134//198 210//158 152//171
f 48//196 152//171 207//151 147//197
f 49//199 145//200 189//107 107//129
f 49//199 107//129 188//121 132//201
f 49//199 132//201 208//149 153//168
f 49//199 153//168 205//77 145//200
f 50//202 143//203 191//117 109//116
f 50//202 109//116 190//109 130//204
f 50//202 130//204 206//141 154//165
f 50//202 154//165 203//134 143//203
f 51//205 134//198 186//103 104//102
f 51//205 104//102 185//101 149//194
f 51//205 149//194 209//29 155//159
f 51//205 155//159 210//158 134//198
f 52//206 132//201 188//121 106//120
f 52//206 106//120 187//113 147//197
f 52//206 147//197 207//151 156//150
f 52//206 156//150 208//149 132//201
f 53//207 130//204 190//109 108//108
f 53//207 108//108 189//107 145//200
f 53//207 145//200 205//77 157//142
f 53//207 157//142 206//141 130//204
f 54//208 128//195 184//125 110//124
f 54//208 110//124 191//117 143//203
f 54//208 143//203 203//134 158//133
f 54//208 158//133 204//132 128//195
o Eye2_Sphere.002
v 0.658694 2.326210 0.834492
v 0.649805 2.595539 0.859485
v 0.641257 2.587801 0.883517
v 0.633380 2.575236 0.905666
v 0.626475 2.558326 0.925079
v 0.620808 2.537722 0.941011
v 0.616597 2.514214 0.952849
v 0.614004 2.488707 0.960139
v 0.613129 2.462180 0.962601
v 0.614004 2.435654 0.960139
v 0.616597 2.410147 0.952849
v 0.620808 2.386639 0.941011
v 0.626475 2.366035 0.925079
v 0.633380 2.349125 0.905666
v 0.641257 2.336560 0.883517
v 0.649805 2.328822 0.859485
v 0.645100 2.595539 0.857270
v 0.632028 2.587801 0.879173
v 0.619981 2.575236 0.899359
v 0.609421 2.558326 0.917052
v 0.600755 2.537722 0.931573
v 0.594316 2.514214 0.942362
v 0.590351 2.488707 0.949006
v 0.589012 2.462180 0.951250
v 0.590351 2.435654 0.949006
v 0.594316 2.410147 0.942362
v 0.600755 2.386639 0.931573
v 0.609421 2.366035 0.917052
v 0.619981 2.349125 0.899359
v 0.632028 2.336560 0.879173
v 0.645100 2.328822 0.857270
v 0.640917 2.595539 0.854181
v 0.623823 2.587801 0.873113
v 0.608070 2.575236 0.890560
v 0.594261 2.558326 0.905853
v 0.582929 2.537722 0.918404
v 0.574508 2.514214 0.927730
v 0.569323 2.488707 0.933473
v 0.567572 2.462180 0.935412
v 0.569323 2.435654 0.933473
v 0.574508 2.410147 0.927730
v 0.582929 2.386639 0.918404
v 0.594261 2.366035 0.905853
v 0.608070 2.349125 0.890560
v 0.623823 2.336560 0.873112
v 0.640917 2.328822 0.854181
v 0.637418 2.595539 0.850334
v 0.616959 2.587801 0.865567
v 0.598104 2.575236 0.879606
v 0.581577 2.558326 0.891912
v 0.568015 2.537722 0.902011
v 0.557936 2.514214 0.909515
v 0.551730 2.488707 0.914135
v 0.549635 2.462180 0.915696
v 0.551730 2.435654 0.914135
v 0.557936 2.410147 0.909515
v 0.568015 2.386639 0.902011
v 0.581577 2.366035 0.891912
v 0.598104 2.349125 0.879606
v 0.616959 2.336560 0.865567
v 0.637418 2.328822 0.850334
v 0.634736 2.595539 0.845879
v 0.611698 2.587801 0.856828
v 0.590467 2.575236 0.866919
v 0.571857 2.558326 0.875764
v 0.556585 2.537722 0.883022
v 0.545236 2.514214 0.888416
v 0.538248 2.488707 0.891737
v 0.535888 2.462180 0.892859
v 0.538248 2.435654 0.891737
v 0.545236 2.410147 0.888416
v 0.556585 2.386639 0.883022
v 0.571857 2.366035 0.875764
v 0.590467 2.349125 0.866919
v 0.611698 2.336560 0.856828
v 0.634736 2.328822 0.845879
v 0.632975 2.595539 0.840986
v 0.608244 2.587801 0.847231
v 0.585452 2.575236 0.852985
v 0.565474 2.558326 0.858030
v 0.549079 2.537722 0.862169
v 0.536896 2.514214 0.865245
v 0.529394 2.488707 0.867140
v 0.526861 2.462180 0.867779
v 0.529394 2.435654 0.867140
v 0.536896 2.410147 0.865245
v 0.549079 2.386639 0.862169
v 0.565474 2.366035 0.858030
v 0.585452 2.349125 0.852985
v 0.608244 2.336560 0.847231
v 0.632975 2.328822 0.840986
v 0.632202 2.595539 0.835844
v 0.606728 2.587801 0.837143
v 0.583251 2.575236 0.838341
v 0.562673 2.558326 0.839391
v 0.545786 2.537722 0.840253
v 0.533237 2.514214 0.840893
v 0.525509 2.488707 0.841287
v 0.522900 2.462180 0.841420
v 0.525509 2.435654 0.841287
v 0.533237 2.410147 0.840893
v 0.545786 2.386639 0.840253
v 0.562673 2.366035 0.839391
v 0.583251 2.349125 0.838341
v 0.606728 2.336560 0.837143
v 0.632202 2.328822 0.835844
v 0.632448 2.595539 0.830649
v 0.607209 2.587801 0.826954
v 0.583950 2.575236 0.823549
v 0.563563 2.558326 0.820564
v 0.546831 2.537722 0.818114
v 0.534399 2.514214 0.816294
v 0.526743 2.488707 0.815173
v 0.524158 2.462180 0.814795
v 0.526743 2.435654 0.815173
v 0.534399 2.410147 0.816294
v 0.546831 2.386639 0.818114
v 0.563563 2.366035 0.820564
v 0.583950 2.349125 0.823549
v 0.607210 2.336560 0.826954
v 0.632448 2.328822 0.830649
v 0.633702 2.595539 0.825603
v 0.609669 2.587801 0.817055
v 0.587521 2.575236 0.809177
v 0.568108 2.558326 0.802272
v 0.552176 2.537722 0.796606
v 0.540337 2.514214 0.792395
v 0.533047 2.488707 0.789802
v 0.530586 2.462180 0.788927
v 0.533047 2.435654 0.789802
v 0.540337 2.410147 0.792395
v 0.552176 2.386639 0.796606
v 0.568108 2.366035 0.802272
v 0.587521 2.349125 0.809177
v 0.609669 2.336560 0.817055
v 0.633702 2.328822 0.825603
v 0.635916 2.595539 0.820898
v 0.614013 2.587801 0.807826
v 0.593827 2.575236 0.795778
v 0.576134 2.558326 0.785219
v 0.561614 2.537722 0.776553
v 0.550824 2.514214 0.770114
v 0.544180 2.488707 0.766148
v 0.541937 2.462180 0.764809
v 0.544180 2.435654 0.766148
v 0.550824 2.410147 0.770114
v 0.561614 2.386639 0.776553
v 0.576134 2.366035 0.785219
v 0.593827 2.349125 0.795778
v 0.614013 2.336560 0.807826
v 0.635916 2.328822 0.820898
v 0.639006 2.595539 0.816715
v 0.620074 2.587801 0.799621
v 0.602626 2.575236 0.783867
v 0.587333 2.558326 0.770059
v 0.574783 2.537722 0.758727
v 0.565457 2.514214 0.750306
v 0.559714 2.488707 0.745121
v 0.557775 2.462180 0.743370
v 0.559714 2.435654 0.745121
v 0.565457 2.410147 0.750306
v 0.574783 2.386639 0.758727
v 0.587333 2.366035 0.770059
v 0.602626 2.349125 0.783867
v 0.620074 2.336560 0.799621
v 0.639006 2.328822 0.816715
v 0.642852 2.595539 0.813216
v 0.627619 2.587801 0.792757
v 0.613580 2.575236 0.773902
v 0.601275 2.558326 0.757375
v 0.591176 2.537722 0.743812
v 0.583672 2.514214 0.733734
v 0.579051 2.488707 0.727528
v 0.577491 2.462180 0.725432
v 0.579051 2.435654 0.727528
v 0.583672 2.410147 0.733734
v 0.591176 2.386639 0.743812
v 0.601275 2.366035 0.757375
v 0.613580 2.349125 0.773902
v 0.627619 2.336560 0.792757
v 0.642852 2.328822 0.813216
v 0.647308 2.595539 0.810534
v 0.636358 2.587801 0.787496
v 0.626267 2.575236 0.766265
v 0.617423 2.558326 0.747655
v 0.610164 2.537722 0.732383
v 0.604770 2.514214 0.721034
v 0.601449 2.488707 0.714046
v 0.600328 2.462180 0.711686
v 0.601449 2.435654 0.714046
v 0.604770 2.410147 0.721034
v 0.610164 2.386639 0.732383
v 0.617423 2.366035 0.747655
v 0.626268 2.349125 0.766265
v 0.636358 2.336560 0.787496
v 0.647308 2.328822 0.810534
v 0.652200 2.595539 0.808773
v 0.645956 2.587801 0.784042
v 0.640201 2.575236 0.761249
v 0.635157 2.558326 0.741272
v 0.631017 2.537722 0.724877
v 0.627941 2.514214 0.712694
v 0.626047 2.488707 0.705192
v 0.625407 2.462180 0.702659
v 0.626047 2.435654 0.705192
v 0.627941 2.410147 0.712694
v 0.631017 2.386639 0.724877
v 0.635157 2.366035 0.741272
v 0.640201 2.349125 0.761249
v 0.645956 2.336560 0.784042
v 0.652200 2.328822 0.808773
v 0.657343 2.595539 0.808000
v 0.656043 2.587801 0.782526
v 0.654845 2.575236 0.759049
v 0.653796 2.558326 0.738471
v 0.652934 2.537722 0.721583
v 0.652294 2.514214 0.709035
v 0.651900 2.488707 0.701307
v 0.651766 2.462180 0.698698
v 0.651900 2.435654 0.701307
v 0.652294 2.410147 0.709035
v 0.652934 2.386639 0.721583
v 0.653796 2.366035 0.738471
v 0.654845 2.349125 0.759049
v 0.656043 2.336560 0.782526
v 0.657343 2.328822 0.808000
v 0.662537 2.595539 0.808245
v 0.666232 2.587801 0.783007
v 0.669638 2.575236 0.759748
v 0.672622 2.558326 0.739360
v 0.675072 2.537722 0.722629
v 0.676892 2.514214 0.710197
v 0.678013 2.488707 0.702541
v 0.678392 2.462180 0.699956
v 0.678013 2.435654 0.702541
v 0.676892 2.410147 0.710197
v 0.675072 2.386639 0.722629
v 0.672622 2.366035 0.739360
v 0.669638 2.349125 0.759748
v 0.666232 2.336560 0.783007
v 0.662537 2.328822 0.808245
v 0.667584 2.595539 0.809499
v 0.676132 2.587801 0.785467
v 0.684009 2.575236 0.763319
v 0.690914 2.558326 0.743906
v 0.696581 2.537722 0.727974
v 0.700791 2.514214 0.716135
v 0.703384 2.488707 0.708845
v 0.704260 2.462180 0.706383
v 0.703384 2.435654 0.708845
v 0.700791 2.410147 0.716135
v 0.696581 2.386639 0.727974
v 0.690914 2.366035 0.743906
v 0.684009 2.349125 0.763319
v 0.676132 2.336560 0.785467
v 0.667584 2.328822 0.809499
v 0.658694 2.598151 0.834492
v 0.672289 2.595539 0.811714
v 0.685361 2.587801 0.789811
v 0.697408 2.575236 0.769625
v 0.707968 2.558326 0.751932
v 0.716633 2.537722 0.737412
v 0.723073 2.514214 0.726622
v 0.727038 2.488707 0.719978
v 0.728377 2.462180 0.717734
v 0.727038 2.435654 0.719978
v 0.723073 2.410147 0.726622
v 0.716633 2.386639 0.737412
v 0.707968 2.366035 0.751932
v 0.697408 2.349125 0.769625
v 0.685361 2.336560 0.789811
v 0.672289 2.328822 0.811714
v 0.676471 2.595539 0.814804
v 0.693565 2.587801 0.795872
v 0.709319 2.575236 0.778424
v 0.723127 2.558326 0.763131
v 0.734460 2.537722 0.750580
v 0.742880 2.514214 0.741254
v 0.748066 2.488707 0.735512
v 0.749817 2.462180 0.733572
v 0.748066 2.435654 0.735512
v 0.742880 2.410147 0.741254
v 0.734460 2.386639 0.750580
v 0.723127 2.366035 0.763131
v 0.709319 2.349125 0.778424
v 0.693565 2.336560 0.795872
v 0.676471 2.328822 0.814804
v 0.679971 2.595539 0.818650
v 0.700430 2.587801 0.803417
v 0.719285 2.575236 0.789378
v 0.735811 2.558326 0.777073
v 0.749374 2.537722 0.766974
v 0.759452 2.514214 0.759470
v 0.765659 2.488707 0.754849
v 0.767754 2.462180 0.753289
v 0.765659 2.435654 0.754849
v 0.759452 2.410147 0.759470
v 0.749374 2.386639 0.766974
v 0.735811 2.366035 0.777073
v 0.719285 2.349125 0.789378
v 0.700430 2.336560 0.803417
v 0.679971 2.328822 0.818650
v 0.682653 2.595539 0.823105
v 0.705690 2.587801 0.812156
v 0.726922 2.575236 0.802065
v 0.745531 2.558326 0.793221
v 0.760804 2.537722 0.785962
v 0.772153 2.514214 0.780568
v 0.779141 2.488707 0.777247
v 0.781501 2.462180 0.776125
v 0.779141 2.435654 0.777247
v 0.772153 2.410147 0.780568
v 0.760804 2.386639 0.785962
v 0.745531 2.366035 0.793221
v 0.726922 2.349125 0.802065
v 0.705690 2.336560 0.812156
v 0.682653 2.328822 0.823105
v 0.684414 2.595539 0.827998
v 0.709145 2.587801 0.821754
v 0.731937 2.575236 0.815999
v 0.751915 2.558326 0.810955
v 0.768310 2.537722 0.806815
v 0.780493 2.514214 0.803739
v 0.787995 2.488707 0.801845
v 0.790528 2.462180 0.801205
v 0.787995 2.435654 0.801845
v 0.780493 2.410147 0.803739
v 0.768310 2.386639 0.806815
v 0.751915 2.366035 0.810955
v 0.731937 2.349125 0.815999
v 0.709145 2.336560 0.821754
v 0.684414 2.328822 0.827998
v 0.685187 2.595539 0.833141
v 0.710661 2.587801 0.831841
v 0.734138 2.575236 0.830643
v 0.754715 2.558326 0.829593
v 0.771603 2.537722 0.828732
v 0.784152 2.514214 0.828092
v 0.791879 2.488707 0.827697
v 0.794489 2.462180 0.827564
v 0.791879 2.435654 0.827697
v 0.784152 2.410147 0.828092
v 0.771603 2.386639 0.828732
v 0.754715 2.366035 0.829593
v 0.734138 2.349125 0.830643
v 0.710661 2.336560 0.831841
v 0.685187 2.328822 0.833141
v 0.684941 2.595539 0.838335
v 0.710179 2.587801 0.842030
v 0.733439 2.575236 0.845435
v 0.753826 2.558326 0.848420
v 0.770557 2.537722 0.850870
v 0.782990 2.514214 0.852690
v 0.790646 2.488707 0.853811
v 0.793231 2.462180 0.854189
v 0.790646 2.435654 0.853811
v 0.782990 2.410147 0.852690
v 0.770557 2.386639 0.850870
v 0.753826 2.366035 0.848420
v 0.733439 2.349125 0.845435
v 0.710179 2.336560 0.842030
v 0.684941 2.328822 0.838335
v 0.683687 2.595539 0.843382
v 0.707719 2.587801 0.851929
v 0.729868 2.575236 0.859807
v 0.749281 2.558326 0.866712
v 0.765213 2.537722 0.872379
v 0.777051 2.514214 0.876589
v 0.784341 2.488707 0.879182
v 0.786803 2.462180 0.880058
v 0.784341 2.435654 0.879182
v 0.777051 2.410147 0.876589
v 0.765213 2.386639 0.872379
v 0.749281 2.366035 0.866712
v 0.729868 2.349125 0.859807
v 0.707719 2.336560 0.851929
v 0.683687 2.328822 0.843382
v 0.681473 2.595539 0.848087
v 0.703376 2.587801 0.861159
v 0.723562 2.575236 0.873206
v 0.741255 2.558326 0.883765
v 0.755775 2.537722 0.892431
v 0.766564 2.514214 0.898871
v 0.773209 2.488707 0.902836
v 0.775452 2.462180 0.904175
v 0.773209 2.435654 0.902836
v 0.766564 2.410147 0.898871
v 0.755775 2.386639 0.892431
v 0.741255 2.366035 0.883765
v 0.723561 2.349125 0.873206
v 0.703376 2.336560 0.861159
v 0.681473 2.328822 0.848087
v 0.678383 2.595539 0.852269
v 0.697315 2.587801 0.869363
v 0.714762 2.575236 0.885117
v 0.730055 2.558326 0.898925
v 0.742606 2.537722 0.910257
v 0.751932 2.514214 0.918678
v 0.757675 2.488707 0.923863
v 0.759614 2.462180 0.925614
v 0.757675 2.435654 0.923863
v 0.751932 2.410147 0.918678
v 0.742606 2.386639 0.910257
v 0.730055 2.366035 0.898925
v 0.714762 2.349125 0.885117
v 0.697315 2.336560 0.869363
v 0.678383 2.328822 0.852269
v 0.674536 2.595539 0.855769
v 0.689770 2.587801 0.876227
v 0.703809 2.575236 0.895083
v 0.716114 2.558326 0.911609
v 0.726213 2.537722 0.925172
v 0.733717 2.514214 0.935250
v 0.738338 2.488707 0.941456
v 0.739898 2.462180 0.943552
v 0.738338 2.435654 0.941456
v 0.733717 2.410147 0.935250
v 0.726213 2.386639 0.925172
v 0.716114 2.366035 0.911609
v 0.703809 2.349125 0.895082
v 0.689770 2.336560 0.876227
v 0.674536 2.328822 0.855769
v 0.670081 2.595539 0.858450
v 0.681030 2.587801 0.881488
v 0.691121 2.575236 0.902720
v 0.699966 2.558326 0.921329
v 0.707225 2.537722 0.936602
v 0.712618 2.514214 0.947950
v 0.715940 2.488707 0.954939
v 0.717061 2.462180 0.957298
v 0.715940 2.435654 0.954939
v 0.712618 2.410147 0.947950
v 0.707225 2.386639 0.936602
v 0.699966 2.366035 0.921329
v 0.691121 2.349125 0.902720
v 0.681030 2.336560 0.881488
v 0.670081 2.328822 0.858450
v 0.665188 2.595539 0.860212
v 0.671433 2.587801 0.884943
v 0.677188 2.575236 0.907735
v 0.682232 2.558326 0.927712
v 0.686371 2.537722 0.944108
v 0.689448 2.514214 0.956290
v 0.691342 2.488707 0.963792
v 0.691981 2.462180 0.966325
v 0.691342 2.435654 0.963792
v 0.689448 2.410147 0.956290
v 0.686371 2.386639 0.944108
v 0.682232 2.366035 0.927712
v 0.677188 2.349125 0.907735
v 0.671433 2.336560 0.884943
v 0.665188 2.328822 0.860212
v 0.660046 2.595539 0.860984
v 0.661346 2.587801 0.886458
v 0.662543 2.575236 0.909935
v 0.663593 2.558326 0.930513
v 0.664455 2.537722 0.947401
v 0.665095 2.514214 0.959950
v 0.665489 2.488707 0.967677
v 0.665622 2.462180 0.970286
v 0.665489 2.435654 0.967677
v 0.665095 2.410147 0.959950
v 0.664455 2.386639 0.947401
v 0.663593 2.366035 0.930513
v 0.662543 2.349125 0.909935
v 0.661346 2.336560 0.886458
v 0.660046 2.328822 0.860984
v 0.654852 2.595539 0.860739
v 0.651157 2.587801 0.885977
v 0.647751 2.575236 0.909237
v 0.644766 2.558326 0.929624
v 0.642317 2.537722 0.946355
v 0.640496 2.514214 0.958788
v 0.639376 2.488707 0.966444
v 0.638997 2.462180 0.969029
v 0.639376 2.435654 0.966444
v 0.640496 2.410147 0.958788
v 0.642317 2.386639 0.946355
v 0.644766 2.366035 0.929624
v 0.647751 2.349125 0.909237
v 0.651157 2.336560 0.885977
v 0.654852 2.328822 0.860739
vn -0.1207 -0.5528 0.8245
vn -0.1339 -0.3805 0.9150
vn -0.3099 -0.3805 0.8713
vn -0.2792 -0.5528 0.7851
vn -0.1028 0.7040 0.7026
vn -0.0811 0.8286 0.5538
vn -0.1876 0.8286 0.5274
vn -0.2380 0.7040 0.6691
vn -0.1028 -0.7040 0.7026
vn -0.2380 -0.7040 0.6691
vn -0.1207 0.5528 0.8245
vn -0.2792 0.5528 0.7851
vn -0.0811 -0.8286 0.5538
vn -0.1876 -0.8286 0.5274
vn -0.1339 0.3805 0.9150
vn -0.3099 0.3805 0.8713
vn -0.0562 -0.9217 0.3838
vn -0.1300 -0.9217 0.3654
vn -0.1421 0.1939 0.9706
vn -0.3287 0.1939 0.9243
vn -0.0291 -0.9796 0.1988
vn -0.0673 -0.9796 0.1893
vn -0.1448 0.0000 0.9894
vn -0.3351 0.0000 0.9422
vn -0.0291 0.9796 0.1988
vn 0.0000 1.0000 0.0000
vn -0.0673 0.9796 0.1893
vn 0.0000 -1.0000 0.0000
vn -0.1421 -0.1939 0.9706
vn -0.3287 -0.1939 0.9243
vn -0.0562 0.9217 0.3838
vn -0.1300 0.9217 0.3655
vn -0.5027 -0.1939 0.8424
vn -0.4739 -0.3805 0.7941
vn -0.1988 0.9217 0.3331
vn -0.2869 0.8286 0.4807
vn -0.4270 -0.5528 0.7156
vn -0.3639 0.7040 0.6098
vn -0.3639 -0.7040 0.6098
vn -0.4270 0.5528 0.7156
vn -0.2869 -0.8286 0.4807
vn -0.4739 0.3805 0.7941
vn -0.1988 -0.9217 0.3330
vn -0.5027 0.1939 0.8424
vn -0.1030 -0.9796 0.1726
vn -0.5125 0.0000 0.8587
vn -0.1030 0.9796 0.1726
vn -0.3751 -0.8286 0.4154
vn -0.2599 -0.9217 0.2879
vn -0.6197 0.3805 0.6864
vn -0.6574 0.1939 0.7281
vn -0.1347 -0.9796 0.1491
vn -0.6702 0.0000 0.7422
vn -0.1347 0.9796 0.1491
vn -0.6574 -0.1939 0.7281
vn -0.2599 0.9217 0.2879
vn -0.6197 -0.3805 0.6864
vn -0.3751 0.8286 0.4155
vn -0.5585 -0.5528 0.6185
vn -0.4759 0.7040 0.5271
vn -0.4759 -0.7040 0.5271
vn -0.5585 0.5528 0.6185
vn -0.3111 0.9217 0.2316
vn -0.4490 0.8286 0.3343
vn -0.7417 -0.3805 0.5523
vn -0.6684 -0.5528 0.4977
vn -0.5696 0.7040 0.4241
vn -0.5696 -0.7040 0.4241
vn -0.6684 0.5528 0.4977
vn -0.4490 -0.8286 0.3343
vn -0.7417 0.3805 0.5523
vn -0.3111 -0.9217 0.2316
vn -0.7868 0.1939 0.5859
vn -0.1612 -0.9796 0.1200
vn -0.8021 0.0000 0.5972
vn -0.1612 0.9796 0.1200
vn -0.7868 -0.1939 0.5859
vn -0.8352 0.3805 0.3970
vn -0.8860 0.1939 0.4211
vn -0.3503 -0.9217 0.1665
vn -0.1815 -0.9796 0.0862
vn -0.9032 0.0000 0.4292
vn -0.1815 0.9796 0.0862
vn -0.8860 -0.1939 0.4211
vn -0.3503 0.9217 0.1665
vn -0.8352 -0.3805 0.3970
vn -0.5056 0.8286 0.2403
vn -0.7526 -0.5528 0.3577
vn -0.6414 0.7040 0.3048
vn -0.6414 -0.7040 0.3048
vn -0.7526 0.5528 0.3577
vn -0.5056 -0.8286 0.2403
vn -0.8966 -0.3805 0.2264
vn -0.8080 -0.5528 0.2040
vn -0.5427 0.8286 0.1370
vn -0.6885 0.7040 0.1738
vn -0.6885 -0.7040 0.1738
vn -0.8080 0.5528 0.2040
vn -0.5427 -0.8286 0.1370
vn -0.8966 0.3805 0.2264
vn -0.3761 -0.9217 0.0949
vn -0.9511 0.1939 0.2402
vn -0.1948 -0.9796 0.0492
vn -0.9695 0.0000 0.2448
vn -0.1948 0.9796 0.0492
vn -0.9511 -0.1939 0.2402
vn -0.3761 0.9217 0.0949
vn -0.3874 -0.9217 0.0197
vn -0.2007 -0.9796 0.0102
vn -0.9797 0.1939 0.0500
vn -0.9987 0.0000 0.0509
vn -0.2007 0.9796 0.0102
vn -0.9797 -0.1939 0.0500
vn -0.3874 0.9217 0.0197
vn -0.9236 -0.3805 0.0471
vn -0.5590 0.8286 0.0285
vn -0.8322 -0.5528 0.0425
vn -0.7092 0.7040 0.0362
vn -0.7092 -0.7040 0.0362
vn -0.8322 0.5528 0.0425
vn -0.5590 -0.8286 0.0285
vn -0.9236 0.3805 0.0471
vn -0.8245 -0.5528 -0.1207
vn -0.7026 -0.7040 -0.1028
vn -0.7026 0.7040 -0.1028
vn -0.8245 0.5528 -0.1207
vn -0.5538 -0.8286 -0.0811
vn -0.9150 0.3805 -0.1339
vn -0.3838 -0.9217 -0.0562
vn -0.9706 0.1939 -0.1421
vn -0.1988 -0.9796 -0.0291
vn -0.9894 0.0000 -0.1448
vn -0.1988 0.9796 -0.0291
vn -0.9706 -0.1939 -0.1421
vn -0.3838 0.9217 -0.0562
vn -0.9150 -0.3805 -0.1339
vn -0.5538 0.8286 -0.0811
vn -0.1893 0.9796 -0.0673
vn -0.1893 -0.9796 -0.0673
vn -0.9422 0.0000 -0.3351
vn -0.9243 -0.1939 -0.3287
vn -0.3655 0.9217 -0.1300
vn -0.8713 -0.3805 -0.3099
vn -0.5274 0.8286 -0.1876
vn -0.7851 -0.5528 -0.2792
vn -0.6691 0.7040 -0.2380
vn -0.6691 -0.7040 -0.2380
vn -0.7851 0.5528 -0.2792
vn -0.5274 -0.8286 -0.1876
vn -0.8713 0.3805 -0.3099
vn -0.3654 -0.9217 -0.1300
vn -0.9243 0.1939 -0.3287
vn -0.6098 0.7040 -0.3639
vn -0.7156 0.5528 -0.4270
vn -0.6098 -0.7040 -0.3639
vn -0.4807 -0.8286 -0.2869
vn -0.7941 0.3805 -0.4739
vn -0.3330 -0.9217 -0.1988
vn -0.8424 0.1939 -0.5027
vn -0.1726 -0.9796 -0.1030
vn -0.8587 0.0000 -0.5125
vn -0.1726 0.9796 -0.1030
vn -0.8424 -0.1939 -0.5027
vn -0.3331 0.9217 -0.1988
vn -0.7941 -0.3805 -0.4739
vn -0.4807 0.8286 -0.2868
vn -0.7156 -0.5528 -0.4270
vn -0.7422 0.0000 -0.6702
vn -0.7281 -0.1939 -0.6574
vn -0.1491 0.9796 -0.1347
vn -0.2879 0.9217 -0.2599
vn -0.6864 -0.3805 -0.6197
vn -0.4154 0.8286 -0.3751
vn -0.6185 -0.5528 -0.5585
vn -0.5271 0.7040 -0.4759
vn -0.5271 -0.7040 -0.4759
vn -0.6185 0.5528 -0.5585
vn -0.4154 -0.8286 -0.3751
vn -0.6864 0.3805 -0.6197
vn -0.2879 -0.9217 -0.2599
vn -0.7281 0.1939 -0.6574
vn -0.1491 -0.9796 -0.1347
vn -0.4241 -0.7040 -0.5696
vn -0.3343 -0.8286 -0.4490
vn -0.4977 0.5528 -0.6684
vn -0.5523 0.3805 -0.7417
vn -0.2316 -0.9217 -0.3111
vn -0.5859 0.1939 -0.7868
vn -0.1200 -0.9796 -0.1612
vn -0.5972 0.0000 -0.8021
vn -0.1200 0.9796 -0.1612
vn -0.5859 -0.1939 -0.7868
vn -0.2316 0.9217 -0.3111
vn -0.5523 -0.3805 -0.7417
vn -0.3343 0.8286 -0.4490
vn -0.4977 -0.5528 -0.6684
vn -0.4241 0.7040 -0.5696
vn -0.0862 0.9796 -0.1815
vn -0.1665 0.9217 -0.3503
vn -0.4211 -0.1939 -0.8860
vn -0.3970 -0.3805 -0.8352
vn -0.2403 0.8286 -0.5056
vn -0.3577 -0.5528 -0.7526
vn -0.3048 0.7040 -0.6414
vn -0.3048 -0.7040 -0.6414
vn -0.3577 0.5528 -0.7526
vn -0.2403 -0.8286 -0.5056
vn -0.3970 0.3805 -0.8352
vn -0.1665 -0.9217 -0.3503
vn -0.4211 0.1939 -0.8860
vn -0.0862 -0.9796 -0.1815
vn -0.4292 0.0000 -0.9032
vn -0.2040 0.5528 -0.8080
vn -0.2264 0.3805 -0.8966
vn -0.1370 -0.8286 -0.5427
vn -0.0949 -0.9217 -0.3761
vn -0.2402 0.1939 -0.9511
vn -0.0492 -0.9796 -0.1948
vn -0.2448 0.0000 -0.9695
vn -0.0492 0.9796 -0.1948
vn -0.2402 -0.1939 -0.9511
vn -0.0949 0.9217 -0.3761
vn -0.2264 -0.3805 -0.8966
vn -0.1370 0.8286 -0.5427
vn -0.2040 -0.5528 -0.8080
vn -0.1738 0.7040 -0.6885
vn -0.1738 -0.7040 -0.6885
vn -0.0500 -0.1939 -0.9797
vn -0.0471 -0.3805 -0.9236
vn -0.0197 0.9217 -0.3874
vn -0.0285 0.8286 -0.5590
vn -0.0425 -0.5528 -0.8322
vn -0.0362 0.7040 -0.7092
vn -0.0362 -0.7040 -0.7092
vn -0.0425 0.5528 -0.8322
vn -0.0285 -0.8286 -0.5590
vn -0.0471 0.3805 -0.9236
vn -0.0197 -0.9217 -0.3874
vn -0.0500 0.1939 -0.9797
vn -0.0102 -0.9796 -0.2007
vn -0.0509 0.0000 -0.9987
vn -0.0102 0.9796 -0.2007
vn 0.0811 -0.8286 -0.5538
vn 0.0562 -0.9217 -0.3838
vn 0.1339 0.3805 -0.9150
vn 0.1421 0.1939 -0.9706
vn 0.0291 -0.9796 -0.1988
vn 0.1448 0.0000 -0.9894
vn 0.0291 0.9796 -0.1988
vn 0.1421 -0.1939 -0.9706
vn 0.0562 0.9217 -0.3838
vn 0.1339 -0.3805 -0.9150
vn 0.0811 0.8286 -0.5538
vn 0.1207 -0.5528 -0.8245
vn 0.1028 0.7040 -0.7026
vn 0.1028 -0.7040 -0.7026
vn 0.1207 0.5528 -0.8245
vn 0.3099 -0.3805 -0.8713
vn 0.2792 -0.5528 -0.7851
vn 0.1876 0.8286 -0.5274
vn 0.2380 0.7040 -0.6691
vn 0.2380 -0.7040 -0.6691
vn 0.2792 0.5528 -0.7851
vn 0.1876 -0.8286 -0.5274
vn 0.3099 0.3805 -0.8713
vn 0.1300 -0.9217 -0.3654
vn 0.3287 0.1939 -0.9243
vn 0.0673 -0.9796 -0.1893
vn 0.3351 0.0000 -0.9422
vn 0.0673 0.9796 -0.1893
vn 0.3287 -0.1939 -0.9243
vn 0.1300 0.9217 -0.3655
vn 0.1988 -0.9217 -0.3330
vn 0.1030 -0.9796 -0.1726
vn 0.5027 0.1939 -0.8424
vn 0.5125 0.0000 -0.8587
vn 0.1030 0.9796 -0.1726
vn 0.5027 -0.1939 -0.8424
vn 0.1988 0.9217 -0.3330
vn 0.4739 -0.3805 -0.7941
vn 0.2869 0.8286 -0.4807
vn 0.4270 -0.5528 -0.7156
vn 0.3639 0.7040 -0.6098
vn 0.3639 -0.7040 -0.6098
vn 0.4270 0.5528 -0.7156
vn 0.2869 -0.8286 -0.4807
vn 0.4739 0.3805 -0.7941
vn 0.3751 0.8286 -0.4154
vn 0.4759 0.7040 -0.5271
vn 0.5585 -0.5528 -0.6185
vn 0.4759 -0.7040 -0.5271
vn 0.5585 0.5528 -0.6185
vn 0.3751 -0.8286 -0.4154
vn 0.6197 0.3805 -0.6864
vn 0.2599 -0.9217 -0.2879
vn 0.6574 0.1939 -0.7281
vn 0.1347 -0.9796 -0.1491
vn 0.6702 0.0000 -0.7422
vn 0.1347 0.9796 -0.1491
vn 0.6574 -0.1939 -0.7281
vn 0.2599 0.9217 -0.2879
vn 0.6197 -0.3805 -0.6864
vn 0.7868 0.1939 -0.5859
vn 0.8021 0.0000 -0.5972
vn 0.1612 0.9796 -0.1200
vn 0.1612 -0.9796 -0.1200
vn 0.7868 -0.1939 -0.5859
vn 0.3111 0.9217 -0.2316
vn 0.7417 -0.3805 -0.5523
vn 0.4490 0.8286 -0.3343
vn 0.6684 -0.5528 -0.4977
vn 0.5696 0.7040 -0.4241
vn 0.5696 -0.7040 -0.4241
vn 0.6684 0.5528 -0.4977
vn 0.4490 -0.8286 -0.3343
vn 0.7417 0.3805 -0.5523
vn 0.3111 -0.9217 -0.2316
vn 0.7526 -0.5528 -0.3577
vn 0.6414 -0.7040 -0.3048
vn 0.6414 0.7040 -0.3048
vn 0.7526 0.5528 -0.3577
vn 0.5056 -0.8286 -0.2403
vn 0.8352 0.3805 -0.3970
vn 0.3503 -0.9217 -0.1665
vn 0.8860 0.1939 -0.4211
vn 0.1815 -0.9796 -0.0862
vn 0.9032 0.0000 -0.4292
vn 0.1815 0.9796 -0.0862
vn 0.8860 -0.1939 -0.4211
vn 0.3503 0.9217 -0.1665
vn 0.8352 -0.3805 -0.3970
vn 0.5056 0.8286 -0.2403
vn 0.1948 0.9796 -0.0492
vn 0.1948 -0.9796 -0.0492
vn 0.9695 0.0000 -0.2448
vn 0.9511 -0.1939 -0.2402
vn 0.3761 0.9217 -0.0949
vn 0.8966 -0.3805 -0.2264
vn 0.5427 0.8286 -0.1370
vn 0.8080 -0.5528 -0.2040
vn 0.6885 0.7040 -0.1738
vn 0.6885 -0.7040 -0.1738
vn 0.8080 0.5528 -0.2040
vn 0.5427 -0.8286 -0.1370
vn 0.8966 0.3805 -0.2264
vn 0.3761 -0.9217 -0.0949
vn 0.9511 0.1939 -0.2402
vn 0.7092 0.7040 -0.0362
vn 0.8322 0.5528 -0.0425
vn 0.7092 -0.7040 -0.0362
vn 0.5590 -0.8286 -0.0285
vn 0.9236 0.3805 -0.0471
vn 0.3874 -0.9217 -0.0197
vn 0.9797 0.1939 -0.0500
vn 0.2007 -0.9796 -0.0102
vn 0.9987 0.0000 -0.0509
vn 0.2007 0.9796 -0.0102
vn 0.9797 -0.1939 -0.0500
vn 0.3874 0.9217 -0.0197
vn 0.9236 -0.3805 -0.0471
vn 0.5590 0.8286 -0.0285
vn 0.8322 -0.5528 -0.0425
vn 0.9894 0.0000 0.1448
vn 0.9706 -0.1939 0.1421
vn 0.1988 0.9796 0.0291
vn 0.3838 0.9217 0.0562
vn 0.9150 -0.3805 0.1339
vn 0.5538 0.8286 0.0811
vn 0.8245 -0.5528 0.1207
vn 0.7026 0.7040 0.1028
vn 0.7026 -0.7040 0.1028
vn 0.8245 0.5528 0.1207
vn 0.5538 -0.8286 0.0811
vn 0.9150 0.3805 0.1339
vn 0.3838 -0.9217 0.0562
vn 0.9706 0.1939 0.1421
vn 0.1988 -0.9796 0.0291
vn 0.6691 -0.7040 0.2380
vn 0.5274 -0.8286 0.1876
vn 0.7851 0.5528 0.2792
vn 0.8713 0.3805 0.3099
vn 0.3654 -0.9217 0.1300
vn 0.9243 0.1939 0.3287
vn 0.1893 -0.9796 0.0673
vn 0.9422 0.0000 0.3351
vn 0.1893 0.9796 0.0674
vn 0.9243 -0.1939 0.3287
vn 0.3655 0.9217 0.1300
vn 0.8713 -0.3805 0.3099
vn 0.5274 0.8286 0.1876
vn 0.7851 -0.5528 0.2792
vn 0.6691 0.7040 0.2380
vn 0.8424 -0.1939 0.5027
vn 0.7941 -0.3805 0.4739
vn 0.3331 0.9217 0.1988
vn 0.4807 0.8286 0.2868
vn 0.7156 -0.5528 0.4270
vn 0.6098 0.7040 0.3639
vn 0.6098 -0.7040 0.3639
vn 0.7156 0.5528 0.4270
vn 0.4807 -0.8286 0.2869
vn 0.7941 0.3805 0.4739
vn 0.3330 -0.9217 0.1988
vn 0.8424 0.1939 0.5027
vn 0.1726 -0.9796 0.1030
vn 0.8587 0.0000 0.5125
vn 0.1726 0.9796 0.1030
vn 0.4154 -0.8286 0.3751
vn 0.2879 -0.9217 0.2599
vn 0.6864 0.3805 0.6197
vn 0.7281 0.1939 0.6574
vn 0.1491 -0.9796 0.1347
vn 0.7422 0.0000 0.6702
vn 0.1491 0.9796 0.1347
vn 0.7281 -0.1939 0.6574
vn 0.2879 0.9217 0.2599
vn 0.6864 -0.3805 0.6197
vn 0.4154 0.8286 0.3751
vn 0.6185 -0.5528 0.5585
vn 0.5271 0.7040 0.4759
vn 0.5271 -0.7040 0.4759
vn 0.6185 0.5528 0.5585
vn 0.2316 0.9217 0.3111
vn 0.3343 0.8286 0.4490
vn 0.5523 -0.3805 0.7417
vn 0.4977 -0.5528 0.6684
vn 0.4241 0.7040 0.5696
vn 0.4241 -0.7040 0.5696
vn 0.4977 0.5528 0.6684
vn 0.3343 -0.8286 0.4490
vn 0.5523 0.3805 0.7417
vn 0.2316 -0.9217 0.3111
vn 0.5859 0.1939 0.7868
vn 0.1200 -0.9796 0.1612
vn 0.5972 0.0000 0.8021
vn 0.1200 0.9796 0.1612
vn 0.5859 -0.1939 0.7868
vn 0.3970 0.3805 0.8352
vn 0.4211 0.1939 0.8860
vn 0.1665 -0.9217 0.3503
vn 0.0862 -0.9796 0.1815
vn 0.4292 0.0000 0.9032
vn 0.0862 0.9796 0.1815
vn 0.4211 -0.1939 0.8860
vn 0.1665 0.9217 0.3503
vn 0.3970 -0.3805 0.8352
vn 0.2403 0.8286 0.5056
vn 0.3577 -0.5528 0.7526
vn 0.3048 0.7040 0.6414
vn 0.3048 -0.7040 0.6414
vn 0.3577 0.5528 0.7526
vn 0.2403 -0.8286 0.5056
vn 0.2264 -0.3805 0.8966
vn 0.2040 -0.5528 0.8080
vn 0.1370 0.8286 0.5427
vn 0.1738 0.7040 0.6885
vn 0.1738 -0.7040 0.6885
vn 0.2040 0.5528 0.8080
vn 0.1370 -0.8286 0.5427
vn 0.2264 0.3805 0.8966
vn 0.0949 -0.9217 0.3761
vn 0.2402 0.1939 0.9511
vn 0.0492 -0.9796 0.1948
vn 0.2448 0.0000 0.9695
vn 0.0492 0.9796 0.1948
vn 0.2402 -0.1939 0.9511
vn 0.0949 0.9217 0.3761
vn 0.0197 -0.9217 0.3874
vn 0.0102 -0.9796 0.2007
vn 0.0500 0.1939 0.9797
vn 0.0509 0.0000 0.9987
vn 0.0102 0.9796 0.2007
vn 0.0500 -0.1939 0.9797
vn 0.0197 0.9217 0.3874
vn 0.0471 -0.3805 0.9236
vn 0.0285 0.8286 0.5590
vn 0.0425 -0.5528 0.8322
vn 0.0362 0.7040 0.7092
vn 0.0362 -0.7040 0.7092
vn 0.0425 0.5528 0.8322
vn 0.0285 -0.8286 0.5590
vn 0.0471 0.3805 0.9236
usemtl Material
s 1
f 688//209 687//210 221//211 222//212
f 681//213 680//214 214//215 215//216
f 689//217 688//209 222//212 223//218
f 682//219 681//213 215//216 216//220
f 690//221 689//217 223//218 224//222
f 683//223 682//219 216//220 217//224
f 691//225 690//221 224//222 225//226
f 684//227 683//223 217//224 218//228
f 692//229 691//225 225//226 226//230
f 685//231 684//227 218//228 219//232
f 678//233 467//234 212//235
f 211//236 692//229 226//230
f 686//237 685//231 219//232 220//238
f 679//239 678//233 212//235 213//240
f 687//210 686//237 220//238 221//211
f 680//214 679//239 213//240 214//215
f 221//211 220//238 235//241 236//242
f 214//215 213//240 228//243 229//244
f 222//212 221//211 236//242 237//245
f 215//216 214//215 229//244 230//246
f 223//218 222//212 237//245 238//247
f 216//220 215//216 230//246 231//248
f 224//222 223//218 238//247 239//249
f 217//224 216//220 231//248 232//250
f 225//226 224//222 239//249 240//251
f 218//228 217//224 232//250 233//252
f 226//230 225//226 240//251 241//253
f 219//232 218//228 233//252 234//254
f 212//235 467//234 227//255
f 211//236 226//230 241//253
f 220//238 219//232 234//254 235//241
f 213//240 212//235 227//255 228//243
f 240//251 239//249 254//256 255//257
f 233//252 232//250 247//258 248//259
f 241//253 240//251 255//257 256//260
f 234//254 233//252 248//259 249//261
f 227//255 467//234 242//262
f 211//236 241//253 256//260
f 235//241 234//254 249//261 250//263
f 228//243 227//255 242//262 243//264
f 236//242 235//241 250//263 251//265
f 229//244 228//243 243//264 244//266
f 237//245 236//242 251//265 252//267
f 230//246 229//244 244//266 245//268
f 238//247 237//245 252//267 253//269
f 231//248 230//246 245//268 246//270
f 239//249 238//247 253//269 254//256
f 232//250 231//248 246//270 247//258
f 244//266 243//264 258//271 259//272
f 252//267 251//265 266//273 267//274
f 245//268 244//266 259//272 260//275
f 253//269 252//267 267//274 268//276
f 246//270 245//268 260//275 261//277
f 254//256 253//269 268//276 269//278
f 247//258 246//270 261//277 262//279
f 255//257 254//256 269//278 270//280
f 248//259 247//258 262//279 263//281
f 256//260 255//257 270//280 271//282
f 249//261 248//259 263//281 264//283
f 242//262 467//234 257//284
f 211//236 256//260 271//282
f 250//263 249//261 264//283 265//285
f 243//264 242//262 257//284 258//271
f 251//265 250//263 265//285 266//273
f 263//281 262//279 277//286 278//287
f 271//282 270//280 285//288 286//289
f 264//283 263//281 278//287 279//290
f 257//284 467//234 272//291
f 211//236 271//282 286//289
f 265//285 264//283 279//290 280//292
f 258//271 257//284 272//291 273//293
f 266//273 265//285 280//292 281//294
f 259//272 258//271 273//293 274//295
f 267//274 266//273 281//294 282//296
f 260//275 259//272 274//295 275//297
f 268//276 267//274 282//296 283//298
f 261//277 260//275 275//297 276//299
f 269//278 268//276 283//298 284//300
f 262//279 261//277 276//299 277//286
f 270//280 269//278 284//300 285//288
f 282//296 281//294 296//301 297//302
f 275//297 274//295 289//303 290//304
f 283//298 282//296 297//302 298//305
f 276//299 275//297 290//304 291//306
f 284//300 283//298 298//305 299//307
f 277//286 276//299 291//306 292//308
f 285//288 284//300 299//307 300//309
f 278//287 277//286 292//308 293//310
f 286//289 285//288 300//309 301//311
f 279//290 278//287 293//310 294//312
f 272//291 467//234 287//313
f 211//236 286//289 301//311
f 280//292 279//290 294//312 295//314
f 273//293 272//291 287//313 288//315
f 281//294 280//292 295//314 296//301
f 274//295 273//293 288//315 289//303
f 301//311 300//309 315//316 316//317
f 294//312 293//310 308//318 309//319
f 287//313 467//234 302//320
f 211//236 301//311 316//317
f 295//314 294//312 309//319 310//321
f 288//315 287//313 302//320 303//322
f 296//301 295//314 310//321 311//323
f 289//303 288//315 303//322 304//324
f 297//302 296//301 311//323 312//325
f 290//304 289//303 304//324 305//326
f 298//305 297//302 312//325 313//327
f 291//306 290//304 305//326 306//328
f 299//307 298//305 313//327 314//329
f 292//308 291//306 306//328 307//330
f 300//309 299//307 314//329 315//316
f 293//310 292//308 307//330 308//318
f 313//327 312//325 327//331 328//332
f 306//328 305//326 320//333 321//334
f 314//329 313//327 328//332 329//335
f 307//330 306//328 321//334 322//336
f 315//316 314//329 329//335 330//337
f 308//318 307//330 322//336 323//338
f 316//317 315//316 330//337 331//339
f 309//319 308//318 323//338 324//340
f 302//320 467//234 317//341
f 211//236 316//317 331//339
f 310//321 309//319 324//340 325//342
f 303//322 302//320 317//341 318//343
f 311//323 310//321 325//342 326//344
f 304//324 303//322 318//343 319//345
f 312//325 311//323 326//344 327//331
f 305//326 304//324 319//345 320//333
f 317//341 467//234 332//346
f 211//236 331//339 346//347
f 325//342 324//340 339//348 340//349
f 318//343 317//341 332//346 333//350
f 326//344 325//342 340//349 341//351
f 319//345 318//343 333//350 334//352
f 327//331 326//344 341//351 342//353
f 320//333 319//345 334//352 335//354
f 328//332 327//331 342//353 343//355
f 321//334 320//333 335//354 336//356
f 329//335 328//332 343//355 344//357
f 322//336 321//334 336//356 337//358
f 330//337 329//335 344//357 345//359
f 323//338 322//336 337//358 338//360
f 331//339 330//337 345//359 346//347
f 324//340 323//338 338//360 339//348
f 336//356 335//354 350//361 351//362
f 344//357 343//355 358//363 359//364
f 337//358 336//356 351//362 352//365
f 345//359 344//357 359//364 360//366
f 338//360 337//358 352//365 353//367
f 346//347 345//359 360//366 361//368
f 339//348 338//360 353//367 354//369
f 332//346 467//234 347//370
f 211//236 346//347 361//368
f 340//349 339//348 354//369 355//371
f 333//350 332//346 347//370 348//372
f 341//351 340//349 355//371 356//373
f 334//352 333//350 348//372 349//374
f 342//353 341//351 356//373 357//375
f 335//354 334//352 349//374 350//361
f 343//355 342//353 357//375 358//363
f 355//371 354//369 369//376 370//377
f 348//372 347//370 362//378 363//379
f 356//373 355//371 370//377 371//380
f 349//374 348//372 363//379 364//381
f 357//375 356//373 371//380 372//382
f 350//361 349//374 364//381 365//383
f 358//363 357//375 372//382 373//384
f 351//362 350//361 365//383 366//385
f 359//364 358//363 373//384 374//386
f 352//365 351//362 366//385 367//387
f 360//366 359//364 374//386 375//388
f 353//367 352//365 367//387 368//389
f 361//368 360//366 375//388 376//390
f 354//369 353//367 368//389 369//376
f 347//370 467//234 362//378
f 211//236 361//368 376//390
f 374//386 373//384 388//391 389//392
f 367//387 366//385 381//393 382//394
f 375//388 374//386 389//392 390//395
f 368//389 367//387 382//394 383//396
f 376//390 375//388 390//395 391//397
f 369//376 368//389 383//396 384//398
f 362//378 467//234 377//399
f 211//236 376//390 391//397
f 370//377 369//376 384//398 385//400
f 363//379 362//378 377//399 378//401
f 371//380 370//377 385//400 386//402
f 364//381 363//379 378//401 379//403
f 372//382 371//380 386//402 387//404
f 365//383 364//381 379//403 380//405
f 373//384 372//382 387//404 388//391
f 366//385 365//383 380//405 381//393
f 378//401 377//399 392//406 393//407
f 386//402 385//400 400//408 401//409
f 379//403 378//401 393//407 394//410
f 387//404 386//402 401//409 402//411
f 380//405 379//403 394//410 395//412
f 388//391 387//404 402//411 403//413
f 381//393 380//405 395//412 396//414
f 389//392 388//391 403//413 404//415
f 382//394 381//393 396//414 397//416
f 390//395 389//392 404//415 405//417
f 383//396 382//394 397//416 398//418
f 391//397 390//395 405//417 406//419
f 384//398 383//396 398//418 399//420
f 377//399 467//234 392//406
f 211//236 391//397 406//419
f 385//400 384//398 399//420 400//408
f 397//416 396//414 411//421 412//422
f 405//417 404//415 419//423 420//424
f 398//418 397//416 412//422 413//425
f 406//419 405//417 420//424 421//426
f 399//420 398//418 413//425 414//427
f 392//406 467//234 407//428
f 211//236 406//419 421//426
f 400//408 399//420 414//427 415//429
f 393//407 392//406 407//428 408//430
f 401//409 400//408 415//429 416//431
f 394//410 393//407 408//430 409//432
f 402//411 401//409 416//431 417//433
f 395//412 394//410 409//432 410//434
f 403//413 402//411 417//433 418//435
f 396//414 395//412 410//434 411//421
f 404//415 403//413 418//435 419//423
f 416//431 415//429 430//436 431//437
f 409//432 408//430 423//438 424//439
f 417//433 416//431 431//437 432//440
f 410//434 409//432 424//439 425//441
f 418//435 417//433 432//440 433//442
f 411//421 410//434 425//441 426//443
f 419//423 418//435 433//442 434//444
f 412//422 411//421 426//443 427//445
f 420//424 419//423 434//444 435//446
f 413//425 412//422 427//445 428//447
f 421//426 420//424 435//446 436//448
f 414//427 413//425 428//447 429//449
f 407//428 467//234 422//450
f 211//236 421//426 436//448
f 415//429 414//427 429//449 430//436
f 408//430 407//428 422//450 423//438
f 435//446 434//444 449//451 450//452
f 428//447 427//445 442//453 443//454
f 436//448 435//446 450//452 451//455
f 429//449 428//447 443//454 444//456
f 422//450 467//234 437//457
f 211//236 436//448 451//455
f 430//436 429//449 444//456 445//458
f 423//438 422//450 437//457 438//459
f 431//437 430//436 445//458 446//460
f 424//439 423//438 438//459 439//461
f 432//440 431//437 446//460 447//462
f 425//441 424//439 439//461 440//463
f 433//442 432//440 447//462 448//464
f 426//443 425//441 440//463 441//465
f 434//444 433//442 448//464 449//451
f 427//445 426//443 441//465 442//453
f 447//462 446//460 461//466 462//467
f 440//463 439//461 454//468 455//469
f 448//464 447//462 462//467 463//470
f 441//465 440//463 455//469 456//471
f 449//451 448//464 463//470 464//472
f 442//453 441//465 456//471 457//473
f 450//452 449//451 464//472 465//474
f 443//454 442//453 457//473 458//475
f 451//455 450//452 465//474 466//476
f 444//456 443//454 458//475 459//477
f 437//457 467//234 452//478
f 211//236 451//455 466//476
f 445//458 444//456 459//477 460//479
f 438//459 437//457 452//478 453//480
f 446//460 445//458 460//479 461//466
f 439//461 438//459 453//480 454//468
f 466//476 465//474 481//481 482//482
f 459//477 458//475 474//483 475//484
f 452//478 467//234 468//485
f 211//236 466//476 482//482
f 460//479 459//477 475//484 476//486
f 453//480 452//478 468//485 469//487
f 461//466 460//479 476//486 477//488
f 454//468 453//480 469//487 470//489
f 462//467 461//466 477//488 478//490
f 455//469 454//468 470//489 471//491
f 463//470 462//467 478//490 479//492
f 456//471 455//469 471//491 472//493
f 464//472 463//470 479//492 480//494
f 457//473 456//471 472//493 473//495
f 465//474 464//472 480//494 481//481
f 458//475 457//473 473//495 474//483
f 471//491 470//489 485//496 486//497
f 479//492 478//490 493//498 494//499
f 472//493 471//491 486//497 487//500
f 480//494 479//492 494//499 495//501
f 473//495 472//493 487//500 488//502
f 481//481 480//494 495//501 496//503
f 474//483 473//495 488//502 489//504
f 482//482 481//481 496//503 497//505
f 475//484 474//483 489//504 490//506
f 468//485 467//234 483//507
f 211//236 482//482 497//505
f 476//486 475//484 490//506 491//508
f 469//487 468//485 483//507 484//509
f 477//488 476//486 491//508 492//510
f 470//489 469//487 484//509 485//496
f 478//490 477//488 492//510 493//498
f 490//506 489//504 504//511 505//512
f 483//507 467//234 498//513
f 211//236 497//505 512//514
f 491//508 490//506 505//512 506//515
f 484//509 483//507 498//513 499//516
f 492//510 491//508 506//515 507//517
f 485//496 484//509 499//516 500//518
f 493//498 492//510 507//517 508//519
f 486//497 485//496 500//518 501//520
f 494//499 493//498 508//519 509//521
f 487//500 486//497 501//520 502//522
f 495//501 494//499 509//521 510//523
f 488//502 487//500 502//522 503//524
f 496//503 495//501 510//523 511//525
f 489//504 488//502 503//524 504//511
f 497//505 496//503 511//525 512//514
f 509//521 508//519 523//526 524//527
f 502//522 501//520 516//528 517//529
f 510//523 509//521 524//527 525//530
f 503//524 502//522 517//529 518//531
f 511//525 510//523 525//530 526//532
f 504//511 503//524 518//531 519//533
f 512//514 511//525 526//532 527//534
f 505//512 504//511 519//533 520//535
f 498//513 467//234 513//536
f 211//236 512//514 527//534
f 506//515 505//512 520//535 521//537
f 499//516 498//513 513//536 514//538
f 507//517 506//515 521//537 522//539
f 500//518 499//516 514//538 515//540
f 508//519 507//517 522//539 523//526
f 501//520 500//518 515//540 516//528
f 513//536 467//234 528//541
f 211//236 527//534 542//542
f 521//537 520//535 535//543 536//544
f 514//538 513//536 528//541 529//545
f 522//539 521//537 536//544 537//546
f 515//540 514//538 529//545 530//547
f 523//526 522//539 537//546 538//548
f 516//528 515//540 530//547 531//549
f 524//527 523//526 538//548 539//550
f 517//529 516//528 531//549 532//551
f 525//530 524//527 539//550 540//552
f 518//531 517//529 532//551 533//553
f 526//532 525//530 540//552 541//554
f 519//533 518//531 533//553 534//555
f 527//534 526//532 541//554 542//542
f 520//535 519//533 534//555 535//543
f 532//551 531//549 546//556 547//557
f 540//552 539//550 554//558 555//559
f 533//553 532//551 547//557 548//560
f 541//554 540//552 555//559 556//561
f 534//555 533//553 548//560 549//562
f 542//542 541//554 556//561 557//563
f 535//543 534//555 549//562 550//564
f 528//541 467//234 543//565
f 211//236 542//542 557//563
f 536//544 535//543 550//564 551//566
f 529//545 528//541 543//565 544//567
f 537//546 536//544 551//566 552//568
f 530//547 529//545 544//567 545//569
f 538//548 537//546 552//568 553//570
f 531//549 530//547 545//569 546//556
f 539//550 538//548 553//570 554//558
f 551//566 550//564 565//571 566//572
f 544//567 543//565 558//573 559//574
f 552//568 551//566 566//572 567//575
f 545//569 544//567 559//574 560//576
f 553//570 552//568 567//575 568//577
f 546//556 545//569 560//576 561//578
f 554//558 553//570 568//577 569//579
f 547//557 546//556 561//578 562//580
f 555//559 554//558 569//579 570//581
f 548//560 547//557 562//580 563//582
f 556//561 555//559 570//581 571//583
f 549//562 548//560 563//582 564//584
f 557//563 556//561 571//583 572//585
f 550//564 549//562 564//584 565//571
f 543//565 467//234 558//573
f 211//236 557//563 572//585
f 570//581 569//579 584//586 585//587
f 563//582 562//580 577//588 578//589
f 571//583 570//581 585//587 586//590
f 564//584 563//582 578//589 579//591
f 572//585 571//583 586//590 587//592
f 565//571 564//584 579//591 580//593
f 558//573 467//234 573//594
f 211//236 572//585 587//592
f 566//572 565//571 580//593 581//595
f 559//574 558//573 573//594 574//596
f 567//575 566//572 581//595 582//597
f 560//576 559//574 574//596 575//598
f 568//577 567//575 582//597 583//599
f 561//578 560//576 575//598 576//600
f 569//579 568//577 583//599 584//586
f 562//580 561//578 576//600 577//588
f 582//597 581//595 596//601 597//602
f 575//598 574//596 589//603 590//604
f 583//599 582//597 597//602 598//605
f 576//600 575//598 590//604 591//606
f 584//586 583//599 598//605 599//607
f 577//588 576//600 591//606 592//608
f 585//587 584//586 599//607 600//609
f 578//589 577//588 592//608 593//610
f 586//590 585//587 600//609 601//611
f 579//591 578//589 593//610 594//612
f 587//592 586//590 601//611 602//613
f 580//593 579//591 594//612 595//614
f 573//594 467//234 588//615
f 211//236 587//592 602//613
f 581//595 580//593 595//614 596//601
f 574//596 573//594 588//615 589//603
f 601//611 600//609 615//616 616//617
f 594//612 593//610 608//618 609//619
f 602//613 601//611 616//617 617//620
f 595//614 594//612 609//619 610//621
f 588//615 467//234 603//622
f 211//236 602//613 617//620
f 596//601 595//614 610//621 611//623
f 589//603 588//615 603//622 604//624
f 597//602 596//601 611//623 612//625
f 590//604 589//603 604//624 605//626
f 598//605 597//602 612//625 613//627
f 591//606 590//604 605//626 606//628
f 599//607 598//605 613//627 614//629
f 592//608 591//606 606//628 607//630
f 600//609 599//607 614//629 615//616
f 593//610 592//608 607//630 608//618
f 605//626 604//624 619//631 620//632
f 613//627 612//625 627//633 628//634
f 606//628 605//626 620//632 621//635
f 614//629 613//627 628//634 629//636
f 607//630 606//628 621//635 622//637
f 615//616 614//629 629//636 630//638
f 608//618 607//630 622//637 623//639
f 616//617 615//616 630//638 631//640
f 609//619 608//618 623//639 624//641
f 617//620 616//617 631//640 632//642
f 610//621 609//619 624//641 625//643
f 603//622 467//234 618//644
f 211//236 617//620 632//642
f 611//623 610//621 625//643 626//645
f 604//624 603//622 618//644 619//631
f 612//625 611//623 626//645 627//633
f 624//641 623//639 638//646 639//647
f 632//642 631//640 646//648 647//649
f 625//643 624//641 639//647 640//650
f 618//644 467//234 633//651
f 211//236 632//642 647//649
f 626//645 625//643 640//650 641//652
f 619//631 618//644 633//651 634//653
f 627//633 626//645 641//652 642//654
f 620//632 619//631 634//653 635//655
f 628//634 627//633 642//654 643//656
f 621//635 620//632 635//655 636//657
f 629//636 628//634 643//656 644//658
f 622//637 621//635 636//657 637//659
f 630//638 629//636 644//658 645//660
f 623//639 622//637 637//659 638//646
f 631//640 630//638 645//660 646//648
f 643//656 642//654 657//661 658//662
f 636//657 635//655 650//663 651//664
f 644//658 643//656 658//662 659//665
f 637//659 636//657 651//664 652//666
f 645//660 644//658 659//665 660//667
f 638//646 637//659 652//666 653//668
f 646//648 645//660 660//667 661//669
f 639//647 638//646 653//668 654//670
f 647//649 646//648 661//669 662//671
f 640//650 639//647 654//670 655//672
f 633//651 467//234 648//673
f 211//236 647//649 662//671
f 641//652 640//650 655//672 656//674
f 634//653 633//651 648//673 649//675
f 642//654 641//652 656//674 657//661
f 635//655 634//653 649//675 650//663
f 662//671 661//669 676//676 677//677
f 655//672 654//670 669//678 670//679
f 648//673 467//234 663//680
f 211//236 662//671 677//677
f 656//674 655//672 670//679 671//681
f 649//675 648//673 663//680 664//682
f 657//661 656//674 671//681 672//683
f 650//663 649//675 664//682 665//684
f 658//662 657//661 672//683 673//685
f 651//664 650//663 665//684 666//686
f 659//665 658//662 673//685 674//687
f 652//666 651//664 666//686 667//688
f 660//667 659//665 674//687 675//689
f 653//668 652//666 667//688 668//690
f 661//669 660//667 675//689 676//676
f 654//670 653//668 668//690 669//678
f 666//686 665//684 680//214 681//213
f 674//687 673//685 688//209 689//217
f 667//688 666//686 681//213 682//219
f 675//689 674//687 689//217 690//221
f 668//690 667//688 682//219 683//223
f 676//676 675//689 690//221 691//225
f 669//678 668//690 683//223 684//227
f 677//677 676//676 691//225 692//229
f 670//679 669//678 684//227 685//231
f 663//680 467//234 678//233
f 211//236 677//677 692//229
f 671//681 670//679 685//231 686//237
f 664//682 663//680 678//233 679//239
f 672//683 671//681 686//237 687//210
f 665//684 664//682 679//239 680//214
f 673//685 672//683 687//210 688//209
o Eye1_Sphere.001
v 0.912168 2.406120 0.411042
v 0.903278 2.675449 0.436035
v 0.894730 2.667711 0.460067
v 0.886853 2.655146 0.482215
v 0.879948 2.638236 0.501628
v 0.874281 2.617632 0.517560
v 0.870070 2.594124 0.529399
v 0.867478 2.568617 0.536689
v 0.866602 2.542090 0.539151
v 0.867478 2.515564 0.536689
v 0.870070 2.490057 0.529399
v 0.874281 2.466549 0.517560
v 0.879948 2.445945 0.501628
v 0.886853 2.429035 0.482215
v 0.894730 2.416470 0.460067
v 0.903278 2.408732 0.436035
v 0.898573 2.675449 0.433820
v 0.885501 2.667711 0.455723
v 0.873454 2.655146 0.475909
v 0.862894 2.638236 0.493602
v 0.854228 2.617632 0.508122
v 0.847789 2.594124 0.518912
v 0.843824 2.568617 0.525556
v 0.842485 2.542090 0.527800
v 0.843824 2.515564 0.525556
v 0.847789 2.490057 0.518912
v 0.854228 2.466549 0.508122
v 0.862894 2.445945 0.493602
v 0.873454 2.429035 0.475909
v 0.885501 2.416470 0.455723
v 0.898573 2.408732 0.433820
v 0.894390 2.675449 0.430730
v 0.877297 2.667711 0.449662
v 0.861543 2.655146 0.467110
v 0.847734 2.638236 0.482403
v 0.836402 2.617632 0.494954
v 0.827982 2.594124 0.504280
v 0.822796 2.568617 0.510023
v 0.821045 2.542090 0.511962
v 0.822796 2.515564 0.510023
v 0.827982 2.490057 0.504280
v 0.836402 2.466549 0.494954
v 0.847734 2.445945 0.482403
v 0.861543 2.429035 0.467110
v 0.877297 2.416470 0.449662
v 0.894391 2.408732 0.430730
v 0.890891 2.675449 0.426884
v 0.870432 2.667711 0.442117
v 0.851577 2.655146 0.456156
v 0.835051 2.638236 0.468461
v 0.821488 2.617632 0.478560
v 0.811409 2.594124 0.486064
v 0.805203 2.568617 0.490685
v 0.803108 2.542090 0.492245
v 0.805203 2.515564 0.490685
v 0.811409 2.490057 0.486064
v 0.821488 2.466549 0.478560
v 0.835051 2.445945 0.468461
v 0.851577 2.429035 0.456156
v 0.870432 2.416470 0.442117
v 0.890891 2.408732 0.426884
v 0.888209 2.675449 0.422429
v 0.865172 2.667711 0.433378
v 0.843940 2.655146 0.443469
v 0.825330 2.638236 0.452313
v 0.810058 2.617632 0.459572
v 0.798709 2.594124 0.464966
v 0.791721 2.568617 0.468287
v 0.789361 2.542090 0.469409
v 0.791721 2.515564 0.468287
v 0.798709 2.490057 0.464966
v 0.810058 2.466549 0.459572
v 0.825330 2.445945 0.452313
v 0.843940 2.429035 0.443469
v 0.865172 2.416470 0.433378
v 0.888209 2.408732 0.422429
v 0.886448 2.675449 0.417536
v 0.861717 2.667711 0.423780
v 0.838925 2.655146 0.429535
v 0.818947 2.638236 0.434579
v 0.802552 2.617632 0.438719
v 0.790369 2.594124 0.441795
v 0.782867 2.568617 0.443689
v 0.780334 2.542090 0.444329
v 0.782867 2.515564 0.443689
v 0.790369 2.490057 0.441795
v 0.802552 2.466549 0.438719
v 0.818947 2.445945 0.434579
v 0.838925 2.429035 0.429535
v 0.861717 2.416470 0.423780
v 0.886448 2.408732 0.417536
v 0.885675 2.675449 0.412393
v 0.860201 2.667711 0.413693
v 0.836724 2.655146 0.414891
v 0.816147 2.638236 0.415941
v 0.799259 2.617632 0.416802
v 0.786710 2.594124 0.417442
v 0.778983 2.568617 0.417837
v 0.776373 2.542090 0.417970
v 0.778983 2.515564 0.417837
v 0.786710 2.490057 0.417442
v 0.799259 2.466549 0.416802
v 0.816147 2.445945 0.415941
v 0.836724 2.429035 0.414891
v 0.860201 2.416470 0.413693
v 0.885675 2.408732 0.412393
v 0.885921 2.675449 0.407199
v 0.860683 2.667711 0.403504
v 0.837423 2.655146 0.400099
v 0.817036 2.638236 0.397114
v 0.800305 2.617632 0.394664
v 0.787872 2.594124 0.392844
v 0.780216 2.568617 0.391723
v 0.777631 2.542090 0.391345
v 0.780216 2.515564 0.391723
v 0.787872 2.490057 0.392844
v 0.800305 2.466549 0.394664
v 0.817036 2.445945 0.397114
v 0.837423 2.429035 0.400099
v 0.860683 2.416470 0.403504
v 0.885921 2.408732 0.407199
v 0.887175 2.675449 0.402152
v 0.863142 2.667711 0.393605
v 0.840994 2.655146 0.385727
v 0.821581 2.638236 0.378822
v 0.805649 2.617632 0.373155
v 0.793811 2.594124 0.368945
v 0.786520 2.568617 0.366352
v 0.784059 2.542090 0.365476
v 0.786520 2.515564 0.366352
v 0.793811 2.490057 0.368945
v 0.805649 2.466549 0.373155
v 0.821581 2.445945 0.378822
v 0.840994 2.429035 0.385727
v 0.863142 2.416470 0.393605
v 0.887175 2.408732 0.402152
v 0.889389 2.675449 0.397447
v 0.867486 2.667711 0.384375
v 0.847300 2.655146 0.372328
v 0.829607 2.638236 0.361769
v 0.815087 2.617632 0.353103
v 0.804297 2.594124 0.346663
v 0.797653 2.568617 0.342698
v 0.795410 2.542090 0.341359
v 0.797653 2.515564 0.342698
v 0.804297 2.490057 0.346663
v 0.815087 2.466549 0.353103
v 0.829607 2.445945 0.361769
v 0.847300 2.429035 0.372328
v 0.867486 2.416470 0.384375
v 0.889389 2.408732 0.397447
v 0.892479 2.675449 0.393265
v 0.873547 2.667711 0.376171
v 0.856099 2.655146 0.360417
v 0.840806 2.638236 0.346609
v 0.828256 2.617632 0.335276
v 0.818930 2.594124 0.326856
v 0.813187 2.568617 0.321671
v 0.811248 2.542090 0.319920
v 0.813187 2.515564 0.321671
v 0.818930 2.490057 0.326856
v 0.828256 2.466549 0.335276
v 0.840806 2.445945 0.346609
v 0.856099 2.429035 0.360417
v 0.873547 2.416470 0.376171
v 0.892479 2.408732 0.393265
v 0.896325 2.675449 0.389765
v 0.881092 2.667711 0.369306
v 0.867053 2.655146 0.350451
v 0.854748 2.638236 0.333925
v 0.844649 2.617632 0.320362
v 0.837145 2.594124 0.310284
v 0.832524 2.568617 0.304078
v 0.830964 2.542090 0.301982
v 0.832524 2.515564 0.304078
v 0.837145 2.490057 0.310284
v 0.844649 2.466549 0.320362
v 0.854748 2.445945 0.333925
v 0.867053 2.429035 0.350451
v 0.881092 2.416470 0.369306
v 0.896326 2.408732 0.389765
v 0.900781 2.675449 0.387083
v 0.889832 2.667711 0.364046
v 0.879741 2.655146 0.342814
v 0.870896 2.638236 0.324205
v 0.863637 2.617632 0.308932
v 0.858244 2.594124 0.297584
v 0.854922 2.568617 0.290595
v 0.853801 2.542090 0.288236
v 0.854922 2.515564 0.290595
v 0.858244 2.490057 0.297584
v 0.863637 2.466549 0.308932
v 0.870896 2.445945 0.324205
v 0.879741 2.429035 0.342814
v 0.889832 2.416470 0.364046
v 0.900781 2.408732 0.387084
v 0.905674 2.675449 0.385322
v 0.899429 2.667711 0.360591
v 0.893674 2.655146 0.337799
v 0.888630 2.638236 0.317822
v 0.884490 2.617632 0.301426
v 0.881414 2.594124 0.289244
v 0.879520 2.568617 0.281742
v 0.878881 2.542090 0.279208
v 0.879520 2.515564 0.281742
v 0.881414 2.490057 0.289244
v 0.884490 2.466549 0.301426
v 0.888630 2.445945 0.317822
v 0.893674 2.429035 0.337799
v 0.899429 2.416470 0.360591
v 0.905674 2.408732 0.385322
v 0.910816 2.675449 0.384550
v 0.909516 2.667711 0.359076
v 0.908319 2.655146 0.335599
v 0.907269 2.638236 0.315021
v 0.906407 2.617632 0.298133
v 0.905767 2.594124 0.285584
v 0.905373 2.568617 0.277857
v 0.905240 2.542090 0.275248
v 0.905373 2.515564 0.277857
v 0.905767 2.490057 0.285584
v 0.906407 2.466549 0.298133
v 0.907269 2.445945 0.315021
v 0.908319 2.429035 0.335599
v 0.909516 2.416470 0.359076
v 0.910816 2.408732 0.384550
v 0.916010 2.675449 0.384795
v 0.919705 2.667711 0.359557
v 0.923111 2.655146 0.336297
v 0.926096 2.638236 0.315910
v 0.928545 2.617632 0.299179
v 0.930365 2.594124 0.286746
v 0.931486 2.568617 0.279090
v 0.931865 2.542090 0.276505
v 0.931486 2.515564 0.279090
v 0.930365 2.490057 0.286746
v 0.928545 2.466549 0.299179
v 0.926096 2.445945 0.315910
v 0.923111 2.429035 0.336297
v 0.919705 2.416470 0.359557
v 0.916010 2.408732 0.384795
v 0.921057 2.675449 0.386049
v 0.929605 2.667711 0.362017
v 0.937482 2.655146 0.339868
v 0.944387 2.638236 0.320455
v 0.950054 2.617632 0.304523
v 0.954265 2.594124 0.292685
v 0.956858 2.568617 0.285395
v 0.957733 2.542090 0.282933
v 0.956858 2.515564 0.285395
v 0.954265 2.490057 0.292685
v 0.950054 2.466549 0.304523
v 0.944387 2.445945 0.320455
v 0.937482 2.429035 0.339868
v 0.929605 2.416470 0.362017
v 0.921057 2.408732 0.386049
v 0.912168 2.678061 0.411042
v 0.925762 2.675449 0.388263
v 0.938834 2.667711 0.366361
v 0.950881 2.655146 0.346175
v 0.961441 2.638236 0.328482
v 0.970107 2.617632 0.313961
v 0.976546 2.594124 0.303172
v 0.980511 2.568617 0.296528
v 0.981850 2.542090 0.294284
v 0.980511 2.515564 0.296528
v 0.976546 2.490057 0.303172
v 0.970107 2.466549 0.313961
v 0.961441 2.445945 0.328482
v 0.950881 2.429035 0.346175
v 0.938834 2.416470 0.366361
v 0.925762 2.408732 0.388264
v 0.929945 2.675449 0.391353
v 0.947038 2.667711 0.372421
v 0.962792 2.655146 0.354974
v 0.976601 2.638236 0.339681
v 0.987933 2.617632 0.327130
v 0.996353 2.594124 0.317804
v 1.001539 2.568617 0.312061
v 1.003290 2.542090 0.310122
v 1.001539 2.515564 0.312061
v 0.996353 2.490057 0.317804
v 0.987933 2.466549 0.327130
v 0.976601 2.445945 0.339681
v 0.962792 2.429035 0.354974
v 0.947038 2.416470 0.372421
v 0.929945 2.408732 0.391353
v 0.933444 2.675449 0.395200
v 0.953903 2.667711 0.379967
v 0.972758 2.655146 0.365927
v 0.989284 2.638236 0.353622
v 1.002847 2.617632 0.343524
v 1.012926 2.594124 0.336019
v 1.019132 2.568617 0.331399
v 1.021227 2.542090 0.329838
v 1.019132 2.515564 0.331399
v 1.012926 2.490057 0.336019
v 1.002847 2.466549 0.343524
v 0.989284 2.445945 0.353622
v 0.972758 2.429035 0.365928
v 0.953903 2.416470 0.379967
v 0.933444 2.408732 0.395200
v 0.936126 2.675449 0.399655
v 0.959163 2.667711 0.388706
v 0.980395 2.655146 0.378615
v 0.999005 2.638236 0.369770
v 1.014277 2.617632 0.362512
v 1.025626 2.594124 0.357118
v 1.032614 2.568617 0.353797
v 1.034974 2.542090 0.352675
v 1.032614 2.515564 0.353797
v 1.025626 2.490057 0.357118
v 1.014277 2.466549 0.362512
v 0.999005 2.445945 0.369770
v 0.980395 2.429035 0.378615
v 0.959163 2.416470 0.388706
v 0.936126 2.408732 0.399655
v 0.937887 2.675449 0.404548
v 0.962618 2.667711 0.398303
v 0.985410 2.655146 0.392549
v 1.005388 2.638236 0.387504
v 1.021783 2.617632 0.383365
v 1.033966 2.594124 0.380289
v 1.041468 2.568617 0.378394
v 1.044001 2.542090 0.377755
v 1.041468 2.515564 0.378394
v 1.033966 2.490057 0.380289
v 1.021783 2.466549 0.383365
v 1.005388 2.445945 0.387504
v 0.985410 2.429035 0.392549
v 0.962618 2.416470 0.398303
v 0.937887 2.408732 0.404548
v 0.938660 2.675449 0.409690
v 0.964134 2.667711 0.408391
v 0.987611 2.655146 0.407193
v 1.008188 2.638236 0.406143
v 1.025076 2.617632 0.405281
v 1.037625 2.594124 0.404641
v 1.045352 2.568617 0.404247
v 1.047962 2.542090 0.404114
v 1.045352 2.515564 0.404247
v 1.037625 2.490057 0.404641
v 1.025076 2.466549 0.405281
v 1.008188 2.445945 0.406143
v 0.987611 2.429035 0.407193
v 0.964134 2.416470 0.408391
v 0.938660 2.408732 0.409690
v 0.938414 2.675449 0.414885
v 0.963652 2.667711 0.418580
v 0.986912 2.655146 0.421985
v 1.007299 2.638236 0.424970
v 1.024031 2.617632 0.427420
v 1.036463 2.594124 0.429240
v 1.044119 2.568617 0.430361
v 1.046704 2.542090 0.430739
v 1.044119 2.515564 0.430361
v 1.036463 2.490057 0.429240
v 1.024031 2.466549 0.427420
v 1.007299 2.445945 0.424970
v 0.986912 2.429035 0.421985
v 0.963652 2.416470 0.418580
v 0.938414 2.408732 0.414885
v 0.937160 2.675449 0.419931
v 0.961193 2.667711 0.428479
v 0.983341 2.655146 0.436357
v 1.002754 2.638236 0.443262
v 1.018686 2.617632 0.448928
v 1.030524 2.594124 0.453139
v 1.037815 2.568617 0.455732
v 1.040276 2.542090 0.456607
v 1.037815 2.515564 0.455732
v 1.030524 2.490057 0.453139
v 1.018686 2.466549 0.448928
v 1.002754 2.445945 0.443262
v 0.983341 2.429035 0.436357
v 0.961193 2.416470 0.428479
v 0.937160 2.408732 0.419931
v 0.934946 2.675449 0.424636
v 0.956849 2.667711 0.437708
v 0.977035 2.655146 0.449755
v 0.994728 2.638236 0.460315
v 1.009248 2.617632 0.468981
v 1.020038 2.594124 0.475420
v 1.026682 2.568617 0.479386
v 1.028925 2.542090 0.480725
v 1.026682 2.515564 0.479386
v 1.020038 2.490057 0.475420
v 1.009248 2.466549 0.468981
v 0.994728 2.445945 0.460315
v 0.977035 2.429035 0.449755
v 0.956849 2.416470 0.437708
v 0.934946 2.408732 0.424636
v 0.931856 2.675449 0.428819
v 0.950788 2.667711 0.445913
v 0.968236 2.655146 0.461667
v 0.983529 2.638236 0.475475
v 0.996079 2.617632 0.486807
v 1.005405 2.594124 0.495228
v 1.011148 2.568617 0.500413
v 1.013087 2.542090 0.502164
v 1.011148 2.515564 0.500413
v 1.005405 2.490057 0.495228
v 0.996079 2.466549 0.486807
v 0.983529 2.445945 0.475475
v 0.968236 2.429035 0.461667
v 0.950788 2.416470 0.445913
v 0.931856 2.408732 0.428819
v 0.928010 2.675449 0.432318
v 0.943243 2.667711 0.452777
v 0.957282 2.655146 0.471632
v 0.969587 2.638236 0.488159
v 0.979686 2.617632 0.501722
v 0.987190 2.594124 0.511800
v 0.991811 2.568617 0.518006
v 0.993371 2.542090 0.520102
v 0.991811 2.515564 0.518006
v 0.987190 2.490057 0.511800
v 0.979686 2.466549 0.501722
v 0.969587 2.445945 0.488159
v 0.957282 2.429035 0.471632
v 0.943243 2.416470 0.452777
v 0.928010 2.408732 0.432318
v 0.923554 2.675449 0.435000
v 0.934504 2.667711 0.458038
v 0.944594 2.655146 0.479269
v 0.953439 2.638236 0.497879
v 0.960698 2.617632 0.513151
v 0.966091 2.594124 0.524500
v 0.969413 2.568617 0.531488
v 0.970534 2.542090 0.533848
v 0.969413 2.515564 0.531488
v 0.966091 2.490057 0.524500
v 0.960698 2.466549 0.513151
v 0.953439 2.445945 0.497879
v 0.944594 2.429035 0.479269
v 0.934504 2.416470 0.458038
v 0.923554 2.408732 0.435000
v 0.918662 2.675449 0.436761
v 0.924906 2.667711 0.461492
v 0.930661 2.655146 0.484284
v 0.935705 2.638236 0.504262
v 0.939845 2.617632 0.520657
v 0.942921 2.594124 0.532840
v 0.944815 2.568617 0.540342
v 0.945455 2.542090 0.542875
v 0.944815 2.515564 0.540342
v 0.942921 2.490057 0.532840
v 0.939845 2.466549 0.520657
v 0.935705 2.445945 0.504262
v 0.930661 2.429035 0.484284
v 0.924906 2.416470 0.461492
v 0.918662 2.408732 0.436761
v 0.913519 2.675449 0.437534
v 0.914819 2.667711 0.463008
v 0.916017 2.655146 0.486485
v 0.917066 2.638236 0.507063
v 0.917928 2.617632 0.523950
v 0.918568 2.594124 0.536499
v 0.918962 2.568617 0.544227
v 0.919096 2.542090 0.546836
v 0.918962 2.515564 0.544227
v 0.918568 2.490057 0.536499
v 0.917928 2.466549 0.523950
v 0.917066 2.445945 0.507063
v 0.916017 2.429035 0.486485
v 0.914819 2.416470 0.463008
v 0.913519 2.408732 0.437534
v 0.908325 2.675449 0.437289
v 0.904630 2.667711 0.462527
v 0.901224 2.655146 0.485786
v 0.898239 2.638236 0.506173
v 0.895790 2.617632 0.522905
v 0.893970 2.594124 0.535337
v 0.892849 2.568617 0.542993
v 0.892470 2.542090 0.545578
v 0.892849 2.515564 0.542993
v 0.893970 2.490057 0.535337
v 0.895790 2.466549 0.522905
v 0.898239 2.445945 0.506173
v 0.901224 2.429035 0.485786
v 0.904630 2.416470 0.462527
v 0.908325 2.408732 0.437289
vn -0.1207 -0.5528 0.8245
vn -0.1339 -0.3805 0.9150
vn -0.3099 -0.3805 0.8713
vn -0.2792 -0.5528 0.7851
vn -0.1028 0.7040 0.7026
vn -0.0811 0.8286 0.5538
vn -0.1876 0.8286 0.5274
vn -0.2380 0.7040 0.6691
vn -0.1028 -0.7040 0.7026
vn -0.2380 -0.7040 0.6691
vn -0.1207 0.5528 0.8245
vn -0.2792 0.5528 0.7851
vn -0.0811 -0.8286 0.5538
vn -0.1876 -0.8286 0.5274
vn -0.1339 0.3805 0.9150
vn -0.3099 0.3805 0.8713
vn -0.0562 -0.9217 0.3838
vn -0.1300 -0.9217 0.3654
vn -0.1421 0.1939 0.9706
vn -0.3287 0.1939 0.9243
vn -0.0291 -0.9796 0.1988
vn -0.0673 -0.9796 0.1893
vn -0.1448 0.0000 0.9894
vn -0.3351 0.0000 0.9422
vn -0.0291 0.9796 0.1988
vn 0.0000 1.0000 0.0000
vn -0.0673 0.9796 0.1893
vn 0.0000 -1.0000 0.0000
vn -0.1421 -0.1939 0.9706
vn -0.3287 -0.1939 0.9243
vn -0.0562 0.9217 0.3838
vn -0.1300 0.9217 0.3654
vn -0.5027 -0.1939 0.8424
vn -0.4739 -0.3805 0.7941
vn -0.1988 0.9217 0.3330
vn -0.2869 0.8286 0.4807
vn -0.4270 -0.5528 0.7156
vn -0.3639 0.7040 0.6098
vn -0.3639 -0.7040 0.6098
vn -0.4270 0.5528 0.7156
vn -0.2869 -0.8286 0.4807
vn -0.4739 0.3805 0.7941
vn -0.1988 -0.9217 0.3330
vn -0.5027 0.1939 0.8424
vn -0.1030 -0.9796 0.1726
vn -0.5125 0.0000 0.8587
vn -0.1030 0.9796 0.1726
vn -0.3751 -0.8286 0.4154
vn -0.2599 -0.9217 0.2879
vn -0.6197 0.3805 0.6864
vn -0.6574 0.1939 0.7281
vn -0.1347 -0.9796 0.1491
vn -0.6702 0.0000 0.7422
vn -0.1347 0.9796 0.1491
vn -0.6574 -0.1939 0.7281
vn -0.2599 0.9217 0.2879
vn -0.6197 -0.3805 0.6864
vn -0.3751 0.8286 0.4154
vn -0.5585 -0.5528 0.6185
vn -0.4759 0.7040 0.5271
vn -0.4759 -0.7040 0.5271
vn -0.5585 0.5528 0.6185
vn -0.3111 0.9217 0.2316
vn -0.4490 0.8286 0.3343
vn -0.7417 -0.3805 0.5523
vn -0.6684 -0.5528 0.4977
vn -0.5696 0.7040 0.4241
vn -0.5696 -0.7040 0.4241
vn -0.6684 0.5528 0.4977
vn -0.4490 -0.8286 0.3343
vn -0.7417 0.3805 0.5523
vn -0.3111 -0.9217 0.2316
vn -0.7868 0.1939 0.5859
vn -0.1612 -0.9796 0.1200
vn -0.8021 0.0000 0.5972
vn -0.1612 0.9796 0.1200
vn -0.7868 -0.1939 0.5859
vn -0.8352 0.3805 0.3970
vn -0.8860 0.1939 0.4211
vn -0.3503 -0.9217 0.1665
vn -0.1815 -0.9796 0.0862
vn -0.9032 0.0000 0.4292
vn -0.1815 0.9796 0.0862
vn -0.8860 -0.1939 0.4211
vn -0.3503 0.9217 0.1665
vn -0.8352 -0.3805 0.3970
vn -0.5056 0.8286 0.2403
vn -0.7526 -0.5528 0.3577
vn -0.6414 0.7040 0.3048
vn -0.6414 -0.7040 0.3048
vn -0.7526 0.5528 0.3577
vn -0.5056 -0.8286 0.2403
vn -0.8966 -0.3805 0.2264
vn -0.8080 -0.5528 0.2040
vn -0.5427 0.8286 0.1370
vn -0.6885 0.7040 0.1738
vn -0.6885 -0.7040 0.1738
vn -0.8080 0.5528 0.2040
vn -0.5427 -0.8286 0.1370
vn -0.8966 0.3805 0.2264
vn -0.3761 -0.9217 0.0949
vn -0.9511 0.1939 0.2402
vn -0.1948 -0.9796 0.0492
vn -0.9695 0.0000 0.2448
vn -0.1948 0.9796 0.0492
vn -0.9511 -0.1939 0.2402
vn -0.3761 0.9217 0.0949
vn -0.3874 -0.9217 0.0197
vn -0.2007 -0.9796 0.0102
vn -0.9797 0.1939 0.0500
vn -0.9987 0.0000 0.0509
vn -0.2007 0.9796 0.0102
vn -0.9797 -0.1939 0.0500
vn -0.3874 0.9217 0.0197
vn -0.9236 -0.3805 0.0471
vn -0.5590 0.8286 0.0285
vn -0.8322 -0.5528 0.0425
vn -0.7092 0.7040 0.0362
vn -0.7092 -0.7040 0.0362
vn -0.8322 0.5528 0.0425
vn -0.5590 -0.8286 0.0285
vn -0.9236 0.3805 0.0471
vn -0.8245 -0.5528 -0.1207
vn -0.7026 -0.7040 -0.1028
vn -0.7026 0.7040 -0.1028
vn -0.8245 0.5528 -0.1207
vn -0.5538 -0.8286 -0.0811
vn -0.9150 0.3805 -0.1339
vn -0.3838 -0.9217 -0.0562
vn -0.9706 0.1939 -0.1421
vn -0.1988 -0.9796 -0.0291
vn -0.9894 0.0000 -0.1448
vn -0.1988 0.9796 -0.0291
vn -0.9706 -0.1939 -0.1421
vn -0.3838 0.9217 -0.0562
vn -0.9150 -0.3805 -0.1339
vn -0.5538 0.8286 -0.0811
vn -0.1893 0.9796 -0.0674
vn -0.1893 -0.9796 -0.0674
vn -0.9422 0.0000 -0.3351
vn -0.9243 -0.1939 -0.3287
vn -0.3654 0.9217 -0.1300
vn -0.8713 -0.3805 -0.3099
vn -0.5274 0.8286 -0.1876
vn -0.7851 -0.5528 -0.2792
vn -0.6691 0.7040 -0.2380
vn -0.6691 -0.7040 -0.2380
vn -0.7851 0.5528 -0.2792
vn -0.5274 -0.8286 -0.1876
vn -0.8713 0.3805 -0.3099
vn -0.3654 -0.9217 -0.1300
vn -0.9243 0.1939 -0.3287
vn -0.6098 0.7040 -0.3639
vn -0.7156 0.5528 -0.4270
vn -0.6098 -0.7040 -0.3639
vn -0.4807 -0.8286 -0.2869
vn -0.7941 0.3805 -0.4739
vn -0.3330 -0.9217 -0.1988
vn -0.8424 0.1939 -0.5027
vn -0.1726 -0.9796 -0.1030
vn -0.8587 0.0000 -0.5125
vn -0.1726 0.9796 -0.1030
vn -0.8424 -0.1939 -0.5027
vn -0.3330 0.9217 -0.1988
vn -0.7941 -0.3805 -0.4739
vn -0.4807 0.8286 -0.2869
vn -0.7156 -0.5528 -0.4270
vn -0.7422 0.0000 -0.6702
vn -0.7281 -0.1939 -0.6574
vn -0.1491 0.9796 -0.1347
vn -0.2879 0.9217 -0.2599
vn -0.6864 -0.3805 -0.6197
vn -0.4154 0.8286 -0.3751
vn -0.6185 -0.5528 -0.5585
vn -0.5271 0.7040 -0.4759
vn -0.5271 -0.7040 -0.4759
vn -0.6185 0.5528 -0.5585
vn -0.4154 -0.8286 -0.3751
vn -0.6864 0.3805 -0.6197
vn -0.2879 -0.9217 -0.2599
vn -0.7281 0.1939 -0.6574
vn -0.1491 -0.9796 -0.1347
vn -0.4241 -0.7040 -0.5696
vn -0.3343 -0.8286 -0.4490
vn -0.4977 0.5528 -0.6684
vn -0.5523 0.3805 -0.7417
vn -0.2316 -0.9217 -0.3111
vn -0.5859 0.1939 -0.7868
vn -0.1200 -0.9796 -0.1612
vn -0.5972 0.0000 -0.8021
vn -0.1200 0.9796 -0.1612
vn -0.5859 -0.1939 -0.7868
vn -0.2316 0.9217 -0.3111
vn -0.5523 -0.3805 -0.7417
vn -0.3343 0.8286 -0.4490
vn -0.4977 -0.5528 -0.6684
vn -0.4241 0.7040 -0.5696
vn -0.0862 0.9796 -0.1815
vn -0.1665 0.9217 -0.3503
vn -0.4211 -0.1939 -0.8860
vn -0.3970 -0.3805 -0.8352
vn -0.2403 0.8286 -0.5056
vn -0.3577 -0.5528 -0.7526
vn -0.3048 0.7040 -0.6414
vn -0.3048 -0.7040 -0.6414
vn -0.3577 0.5528 -0.7526
vn -0.2403 -0.8286 -0.5056
vn -0.3970 0.3805 -0.8352
vn -0.1665 -0.9217 -0.3503
vn -0.4211 0.1939 -0.8860
vn -0.0862 -0.9796 -0.1815
vn -0.4292 0.0000 -0.9032
vn -0.2040 0.5528 -0.8080
vn -0.2264 0.3805 -0.8966
vn -0.1370 -0.8286 -0.5427
vn -0.0949 -0.9217 -0.3761
vn -0.2402 0.1939 -0.9511
vn -0.0492 -0.9796 -0.1948
vn -0.2448 0.0000 -0.9695
vn -0.0492 0.9796 -0.1948
vn -0.2402 -0.1939 -0.9511
vn -0.0949 0.9217 -0.3761
vn -0.2264 -0.3805 -0.8966
vn -0.1370 0.8286 -0.5427
vn -0.2040 -0.5528 -0.8080
vn -0.1738 0.7040 -0.6885
vn -0.1738 -0.7040 -0.6885
vn -0.0500 -0.1939 -0.9797
vn -0.0471 -0.3805 -0.9236
vn -0.0197 0.9217 -0.3874
vn -0.0285 0.8286 -0.5590
vn -0.0425 -0.5528 -0.8322
vn -0.0362 0.7040 -0.7092
vn -0.0362 -0.7040 -0.7092
vn -0.0425 0.5528 -0.8322
vn -0.0285 -0.8286 -0.5590
vn -0.0471 0.3805 -0.9236
vn -0.0197 -0.9217 -0.3874
vn -0.0500 0.1939 -0.9797
vn -0.0102 -0.9796 -0.2007
vn -0.0509 0.0000 -0.9987
vn -0.0102 0.9796 -0.2007
vn 0.0811 -0.8286 -0.5538
vn 0.0562 -0.9217 -0.3838
vn 0.1339 0.3805 -0.9150
vn 0.1421 0.1939 -0.9706
vn 0.0291 -0.9796 -0.1988
vn 0.1448 0.0000 -0.9894
vn 0.0291 0.9796 -0.1988
vn 0.1421 -0.1939 -0.9706
vn 0.0562 0.9217 -0.3838
vn 0.1339 -0.3805 -0.9150
vn 0.0811 0.8286 -0.5538
vn 0.1207 -0.5528 -0.8245
vn 0.1028 0.7040 -0.7026
vn 0.1028 -0.7040 -0.7026
vn 0.1207 0.5528 -0.8245
vn 0.3099 -0.3805 -0.8713
vn 0.2792 -0.5528 -0.7851
vn 0.1876 0.8286 -0.5274
vn 0.2380 0.7040 -0.6691
vn 0.2380 -0.7040 -0.6691
vn 0.2792 0.5528 -0.7851
vn 0.1876 -0.8286 -0.5274
vn 0.3099 0.3805 -0.8713
vn 0.1300 -0.9217 -0.3654
vn 0.3287 0.1939 -0.9243
vn 0.0673 -0.9796 -0.1893
vn 0.3351 0.0000 -0.9422
vn 0.0673 0.9796 -0.1893
vn 0.3287 -0.1939 -0.9243
vn 0.1300 0.9217 -0.3654
vn 0.1988 -0.9217 -0.3330
vn 0.1030 -0.9796 -0.1726
vn 0.5027 0.1939 -0.8424
vn 0.5125 0.0000 -0.8587
vn 0.1030 0.9796 -0.1726
vn 0.5027 -0.1939 -0.8424
vn 0.1988 0.9217 -0.3330
vn 0.4739 -0.3805 -0.7941
vn 0.2868 0.8286 -0.4807
vn 0.4270 -0.5528 -0.7156
vn 0.3639 0.7040 -0.6098
vn 0.3639 -0.7040 -0.6098
vn 0.4270 0.5528 -0.7156
vn 0.2869 -0.8286 -0.4807
vn 0.4739 0.3805 -0.7941
vn 0.3751 0.8286 -0.4155
vn 0.4759 0.7040 -0.5271
vn 0.5585 -0.5528 -0.6185
vn 0.4759 -0.7040 -0.5271
vn 0.5585 0.5528 -0.6185
vn 0.3751 -0.8286 -0.4154
vn 0.6197 0.3805 -0.6864
vn 0.2599 -0.9217 -0.2879
vn 0.6574 0.1939 -0.7281
vn 0.1347 -0.9796 -0.1491
vn 0.6702 0.0000 -0.7422
vn 0.1347 0.9796 -0.1491
vn 0.6574 -0.1939 -0.7281
vn 0.2599 0.9217 -0.2879
vn 0.6197 -0.3805 -0.6864
vn 0.7868 0.1939 -0.5859
vn 0.8021 0.0000 -0.5972
vn 0.1612 0.9796 -0.1200
vn 0.1612 -0.9796 -0.1200
vn 0.7868 -0.1939 -0.5859
vn 0.3111 0.9217 -0.2316
vn 0.7417 -0.3805 -0.5523
vn 0.4490 0.8286 -0.3343
vn 0.6684 -0.5528 -0.4977
vn 0.5696 0.7040 -0.4241
vn 0.5696 -0.7040 -0.4241
vn 0.6684 0.5528 -0.4977
vn 0.4490 -0.8286 -0.3343
vn 0.7417 0.3805 -0.5523
vn 0.3111 -0.9217 -0.2316
vn 0.7526 -0.5528 -0.3577
vn 0.6414 -0.7040 -0.3048
vn 0.6414 0.7040 -0.3048
vn 0.7526 0.5528 -0.3577
vn 0.5056 -0.8286 -0.2403
vn 0.8352 0.3805 -0.3970
vn 0.3503 -0.9217 -0.1665
vn 0.8860 0.1939 -0.4211
vn 0.1815 -0.9796 -0.0862
vn 0.9032 0.0000 -0.4292
vn 0.1815 0.9796 -0.0862
vn 0.8860 -0.1939 -0.4211
vn 0.3503 0.9217 -0.1665
vn 0.8352 -0.3805 -0.3970
vn 0.5056 0.8286 -0.2403
vn 0.1948 0.9796 -0.0492
vn 0.1948 -0.9796 -0.0492
vn 0.9695 0.0000 -0.2448
vn 0.9511 -0.1939 -0.2402
vn 0.3761 0.9217 -0.0949
vn 0.8966 -0.3805 -0.2264
vn 0.5427 0.8286 -0.1370
vn 0.8080 -0.5528 -0.2040
vn 0.6885 0.7040 -0.1738
vn 0.6885 -0.7040 -0.1738
vn 0.8080 0.5528 -0.2040
vn 0.5427 -0.8286 -0.1370
vn 0.8966 0.3805 -0.2264
vn 0.3761 -0.9217 -0.0949
vn 0.9511 0.1939 -0.2402
vn 0.7092 0.7040 -0.0362
vn 0.8322 0.5528 -0.0425
vn 0.7092 -0.7040 -0.0362
vn 0.5590 -0.8286 -0.0285
vn 0.9236 0.3805 -0.0471
vn 0.3874 -0.9217 -0.0197
vn 0.9797 0.1939 -0.0500
vn 0.2007 -0.9796 -0.0102
vn 0.9987 0.0000 -0.0509
vn 0.2007 0.9796 -0.0102
vn 0.9797 -0.1939 -0.0500
vn 0.3874 0.9217 -0.0197
vn 0.9236 -0.3805 -0.0471
vn 0.5590 0.8286 -0.0285
vn 0.8322 -0.5528 -0.0425
vn 0.9894 0.0000 0.1448
vn 0.9706 -0.1939 0.1421
vn 0.1988 0.9796 0.0291
vn 0.3838 0.9217 0.0562
vn 0.9150 -0.3805 0.1339
vn 0.5538 0.8286 0.0811
vn 0.8245 -0.5528 0.1207
vn 0.7026 0.7040 0.1028
vn 0.7026 -0.7040 0.1028
vn 0.8245 0.5528 0.1207
vn 0.5538 -0.8286 0.0811
vn 0.9150 0.3805 0.1339
vn 0.3838 -0.9217 0.0562
vn 0.9706 0.1939 0.1421
vn 0.1988 -0.9796 0.0291
vn 0.6691 -0.7040 0.2380
vn 0.5274 -0.8286 0.1876
vn 0.7851 0.5528 0.2792
vn 0.8713 0.3805 0.3099
vn 0.3654 -0.9217 0.1300
vn 0.9243 0.1939 0.3287
vn 0.1893 -0.9796 0.0674
vn 0.9422 0.0000 0.3351
vn 0.1893 0.9796 0.0674
vn 0.9243 -0.1939 0.3287
vn 0.3654 0.9217 0.1300
vn 0.8713 -0.3805 0.3099
vn 0.5274 0.8286 0.1876
vn 0.7851 -0.5528 0.2792
vn 0.6691 0.7040 0.2380
vn 0.8424 -0.1939 0.5027
vn 0.7941 -0.3805 0.4739
vn 0.3330 0.9217 0.1988
vn 0.4807 0.8286 0.2868
vn 0.7156 -0.5528 0.4270
vn 0.6098 0.7040 0.3639
vn 0.6098 -0.7040 0.3639
vn 0.7156 0.5528 0.4270
vn 0.4807 -0.8286 0.2869
vn 0.7941 0.3805 0.4739
vn 0.3330 -0.9217 0.1988
vn 0.8424 0.1939 0.5027
vn 0.1726 -0.9796 0.1030
vn 0.8587 0.0000 0.5125
vn 0.1726 0.9796 0.1030
vn 0.4154 -0.8286 0.3751
vn 0.2879 -0.9217 0.2599
vn 0.6864 0.3805 0.6197
vn 0.7281 0.1939 0.6574
vn 0.1491 -0.9796 0.1347
vn 0.7422 0.0000 0.6702
vn 0.1491 0.9796 0.1346
vn 0.7281 -0.1939 0.6574
vn 0.2879 0.9217 0.2599
vn 0.6864 -0.3805 0.6197
vn 0.4154 0.8286 0.3751
vn 0.6185 -0.5528 0.5585
vn 0.5271 0.7040 0.4759
vn 0.5271 -0.7040 0.4759
vn 0.6185 0.5528 0.5585
vn 0.2316 0.9217 0.3111
vn 0.3343 0.8286 0.4490
vn 0.5523 -0.3805 0.7417
vn 0.4977 -0.5528 0.6684
vn 0.4241 0.7040 0.5696
vn 0.4241 -0.7040 0.5696
vn 0.4977 0.5528 0.6684
vn 0.3343 -0.8286 0.4490
vn 0.5523 0.3805 0.7417
vn 0.2316 -0.9217 0.3111
vn 0.5859 0.1939 0.7868
vn 0.1200 -0.9796 0.1612
vn 0.5972 0.0000 0.8021
vn 0.1200 0.9796 0.1612
vn 0.5859 -0.1939 0.7868
vn 0.3970 0.3805 0.8352
vn 0.4211 0.1939 0.8860
vn 0.1665 -0.9217 0.3503
vn 0.0862 -0.9796 0.1815
vn 0.4292 0.0000 0.9032
vn 0.0862 0.9796 0.1815
vn 0.4211 -0.1939 0.8860
vn 0.1665 0.9217 0.3503
vn 0.3970 -0.3805 0.8352
vn 0.2403 0.8286 0.5056
vn 0.3577 -0.5528 0.7526
vn 0.3048 0.7040 0.6414
vn 0.3048 -0.7040 0.6414
vn 0.3577 0.5528 0.7526
vn 0.2403 -0.8286 0.5056
vn 0.2264 -0.3805 0.8966
vn 0.2040 -0.5528 0.8080
vn 0.1370 0.8286 0.5427
vn 0.1738 0.7040 0.6885
vn 0.1738 -0.7040 0.6885
vn 0.2040 0.5528 0.8080
vn 0.1370 -0.8286 0.5427
vn 0.2264 0.3805 0.8966
vn 0.0949 -0.9217 0.3761
vn 0.2402 0.1939 0.9511
vn 0.0492 -0.9796 0.1948
vn 0.2448 0.0000 0.9695
vn 0.0492 0.9796 0.1948
vn 0.2402 -0.1939 0.9511
vn 0.0949 0.9217 0.3761
vn 0.0197 -0.9217 0.3874
vn 0.0102 -0.9796 0.2007
vn 0.0500 0.1939 0.9797
vn 0.0509 0.0000 0.9987
vn 0.0102 0.9796 0.2007
vn 0.0500 -0.1939 0.9797
vn 0.0197 0.9217 0.3874
vn 0.0471 -0.3805 0.9236
vn 0.0285 0.8286 0.5590
vn 0.0425 -0.5528 0.8322
vn 0.0362 0.7040 0.7092
vn 0.0362 -0.7040 0.7092
vn 0.0425 0.5528 0.8322
vn 0.0285 -0.8286 0.5590
vn 0.0471 0.3805 0.9236
usemtl Material
s 1
f 1170//691 1169//692 703//693 704//694
f 1163//695 1162//696 696//697 697//698
f 1171//699 1170//691 704//694 705//700
f 1164//701 1163//695 697//698 698//702
f 1172//703 1171//699 705//700 706//704
f 1165//705 1164//701 698//702 699//706
f 1173//707 1172//703 706//704 707//708
f 1166//709 1165//705 699//706 700//710
f 1174//711 1173//707 707//708 708//712
f 1167//713 1166//709 700//710 701//714
f 1160//715 949//716 694//717
f 693//718 1174//711 708//712
f 1168//719 1167//713 701//714 702//720
f 1161//721 1160//715 694//717 695//722
f 1169//692 1168//719 702//720 703//693
f 1162//696 1161//721 695//722 696//697
f 703//693 702//720 717//723 718//724
f 696//697 695//722 710//725 711//726
f 704//694 703//693 718//724 719//727
f 697//698 696//697 711//726 712//728
f 705//700 704//694 719//727 720//729
f 698//702 697//698 712//728 713//730
f 706//704 705//700 720//729 721//731
f 699//706 698//702 713//730 714//732
f 707//708 706//704 721//731 722//733
f 700//710 699//706 714//732 715//734
f 708//712 707//708 722//733 723//735
f 701//714 700//710 715//734 716//736
f 694//717 949//716 709//737
f 693//718 708//712 723//735
f 702//720 701//714 716//736 717//723
f 695//722 694//717 709//737 710//725
f 722//733 721//731 736//738 737//739
f 715//734 714//732 729//740 730//741
f 723//735 722//733 737//739 738//742
f 716//736 715//734 730//741 731//743
f 709//737 949//716 724//744
f 693//718 723//735 738//742
f 717//723 716//736 731//743 732//745
f 710//725 709//737 724//744 725//746
f 718//724 717//723 732//745 733//747
f 711//726 710//725 725//746 726//748
f 719//727 718//724 733//747 734//749
f 712//728 711//726 726//748 727//750
f 720//729 719//727 734//749 735//751
f 713//730 712//728 727//750 728//752
f 721//731 720//729 735//751 736//738
f 714//732 713//730 728//752 729//740
f 726//748 725//746 740//753 741//754
f 734//749 733//747 748//755 749//756
f 727//750 726//748 741//754 742//757
f 735//751 734//749 749//756 750//758
f 728//752 727//750 742//757 743//759
f 736//738 735//751 750//758 751//760
f 729//740 728//752 743//759 744//761
f 737//739 736//738 751//760 752//762
f 730//741 729//740 744//761 745//763
f 738//742 737//739 752//762 753//764
f 731//743 730//741 745//763 746//765
f 724//744 949//716 739//766
f 693//718 738//742 753//764
f 732//745 731//743 746//765 747//767
f 725//746 724//744 739//766 740//753
f 733//747 732//745 747//767 748//755
f 745//763 744//761 759//768 760//769
f 753//764 752//762 767//770 768//771
f 746//765 745//763 760//769 761//772
f 739//766 949//716 754//773
f 693//718 753//764 768//771
f 747//767 746//765 761//772 762//774
f 740//753 739//766 754//773 755//775
f 748//755 747//767 762//774 763//776
f 741//754 740//753 755//775 756//777
f 749//756 748//755 763//776 764//778
f 742//757 741//754 756//777 757//779
f 750//758 749//756 764//778 765//780
f 743//759 742//757 757//779 758//781
f 751//760 750//758 765//780 766//782
f 744//761 743//759 758//781 759//768
f 752//762 751//760 766//782 767//770
f 764//778 763//776 778//783 779//784
f 757//779 756//777 771//785 772//786
f 765//780 764//778 779//784 780//787
f 758//781 757//779 772//786 773//788
f 766//782 765//780 780//787 781//789
f 759//768 758//781 773//788 774//790
f 767//770 766//782 781//789 782//791
f 760//769 759//768 774//790 775//792
f 768//771 767//770 782//791 783//793
f 761//772 760//769 775//792 776//794
f 754//773 949//716 769//795
f 693//718 768//771 783//793
f 762//774 761//772 776//794 777//796
f 755//775 754//773 769//795 770//797
f 763//776 762//774 777//796 778//783
f 756//777 755//775 770//797 771//785
f 783//793 782//791 797//798 798//799
f 776//794 775//792 790//800 791//801
f 769//795 949//716 784//802
f 693//718 783//793 798//799
f 777//796 776//794 791//801 792//803
f 770//797 769//795 784//802 785//804
f 778//783 777//796 792//803 793//805
f 771//785 770//797 785//804 786//806
f 779//784 778//783 793//805 794//807
f 772//786 771//785 786//806 787//808
f 780//787 779//784 794//807 795//809
f 773//788 772//786 787//808 788//810
f 781//789 780//787 795//809 796//811
f 774//790 773//788 788//810 789//812
f 782//791 781//789 796//811 797//798
f 775//792 774//790 789//812 790//800
f 795//809 794//807 809//813 810//814
f 788//810 787//808 802//815 803//816
f 796//811 795//809 810//814 811//817
f 789//812 788//810 803//816 804//818
f 797//798 796//811 811//817 812//819
f 790//800 789//812 804//818 805//820
f 798//799 797//798 812//819 813//821
f 791//801 790//800 805//820 806//822
f 784//802 949//716 799//823
f 693//718 798//799 813//821
f 792//803 791//801 806//822 807//824
f 785//804 784//802 799//823 800//825
f 793//805 792//803 807//824 808//826
f 786//806 785//804 800//825 801//827
f 794//807 793//805 808//826 809//813
f 787//808 786//806 801//827 802//815
f 799//823 949//716 814//828
f 693//718 813//821 828//829
f 807//824 806//822 821//830 822//831
f 800//825 799//823 814//828 815//832
f 808//826 807//824 822//831 823//833
f 801//827 800//825 815//832 816//834
f 809//813 808//826 823//833 824//835
f 802//815 801//827 816//834 817//836
f 810//814 809//813 824//835 825//837
f 803//816 802//815 817//836 818//838
f 811//817 810//814 825//837 826//839
f 804//818 803//816 818//838 819//840
f 812//819 811//817 826//839 827//841
f 805//820 804//818 819//840 820//842
f 813//821 812//819 827//841 828//829
f 806//822 805//820 820//842 821//830
f 818//838 817//836 832//843 833//844
f 826//839 825//837 840//845 841//846
f 819//840 818//838 833//844 834//847
f 827//841 826//839 841//846 842//848
f 820//842 819//840 834//847 835//849
f 828//829 827//841 842//848 843//850
f 821//830 820//842 835//849 836//851
f 814//828 949//716 829//852
f 693//718 828//829 843//850
f 822//831 821//830 836//851 837//853
f 815//832 814//828 829//852 830//854
f 823//833 822//831 837//853 838//855
f 816//834 815//832 830//854 831//856
f 824//835 823//833 838//855 839//857
f 817//836 816//834 831//856 832//843
f 825//837 824//835 839//857 840//845
f 837//853 836//851 851//858 852//859
f 830//854 829//852 844//860 845//861
f 838//855 837//853 852//859 853//862
f 831//856 830//854 845//861 846//863
f 839//857 838//855 853//862 854//864
f 832//843 831//856 846//863 847//865
f 840//845 839//857 854//864 855//866
f 833//844 832//843 847//865 848//867
f 841//846 840//845 855//866 856//868
f 834//847 833//844 848//867 849//869
f 842//848 841//846 856//868 857//870
f 835//849 834//847 849//869 850//871
f 843//850 842//848 857//870 858//872
f 836//851 835//849 850//871 851//858
f 829//852 949//716 844//860
f 693//718 843//850 858//872
f 856//868 855//866 870//873 871//874
f 849//869 848//867 863//875 864//876
f 857//870 856//868 871//874 872//877
f 850//871 849//869 864//876 865//878
f 858//872 857//870 872//877 873//879
f 851//858 850//871 865//878 866//880
f 844//860 949//716 859//881
f 693//718 858//872 873//879
f 852//859 851//858 866//880 867//882
f 845//861 844//860 859//881 860//883
f 853//862 852//859 867//882 868//884
f 846//863 845//861 860//883 861//885
f 854//864 853//862 868//884 869//886
f 847//865 846//863 861//885 862//887
f 855//866 854//864 869//886 870//873
f 848//867 847//865 862//887 863//875
f 860//883 859//881 874//888 875//889
f 868//884 867//882 882//890 883//891
f 861//885 860//883 875//889 876//892
f 869//886 868//884 883//891 884//893
f 862//887 861//885 876//892 877//894
f 870//873 869//886 884//893 885//895
f 863//875 862//887 877//894 878//896
f 871//874 870//873 885//895 886//897
f 864//876 863//875 878//896 879//898
f 872//877 871//874 886//897 887//899
f 865//878 864//876 879//898 880//900
f 873//879 872//877 887//899 888//901
f 866//880 865//878 880//900 881//902
f 859//881 949//716 874//888
f 693//718 873//879 888//901
f 867//882 866//880 881//902 882//890
f 879//898 878//896 893//903 894//904
f 887//899 886//897 901//905 902//906
f 880//900 879//898 894//904 895//907
f 888//901 887//899 902//906 903//908
f 881//902 880//900 895//907 896//909
f 874//888 949//716 889//910
f 693//718 888//901 903//908
f 882//890 881//902 896//909 897//911
f 875//889 874//888 889//910 890//912
f 883//891 882//890 897//911 898//913
f 876//892 875//889 890//912 891//914
f 884//893 883//891 898//913 899//915
f 877//894 876//892 891//914 892//916
f 885//895 884//893 899//915 900//917
f 878//896 877//894 892//916 893//903
f 886//897 885//895 900//917 901//905
f 898//913 897//911 912//918 913//919
f 891//914 890//912 905//920 906//921
f 899//915 898//913 913//919 914//922
f 892//916 891//914 906//921 907//923
f 900//917 899//915 914//922 915//924
f 893//903 892//916 907//923 908//925
f 901//905 900//917 915//924 916//926
f 894//904 893//903 908//925 909//927
f 902//906 901//905 916//926 917//928
f 895//907 894//904 909//927 910//929
f 903//908 902//906 917//928 918//930
f 896//909 895//907 910//929 911//931
f 889//910 949//716 904//932
f 693//718 903//908 918//930
f 897//911 896//909 911//931 912//918
f 890//912 889//910 904//932 905//920
f 917//928 916//926 931//933 932//934
f 910//929 909//927 924//935 925//936
f 918//930 917//928 932//934 933//937
f 911//931 910//929 925//936 926//938
f 904//932 949//716 919//939
f 693//718 918//930 933//937
f 912//918 911//931 926//938 927//940
f 905//920 904//932 919//939 920//941
f 913//919 912//918 927//940 928//942
f 906//921 905//920 920//941 921//943
f 914//922 913//919 928//942 929//944
f 907//923 906//921 921//943 922//945
f 915//924 914//922 929//944 930//946
f 908//925 907//923 922//945 923//947
f 916//926 915//924 930//946 931//933
f 909//927 908//925 923//947 924//935
f 929//944 928//942 943//948 944//949
f 922//945 921//943 936//950 937//951
f 930//946 929//944 944//949 945//952
f 923//947 922//945 937//951 938//953
f 931//933 930//946 945//952 946//954
f 924//935 923//947 938//953 939//955
f 932//934 931//933 946//954 947//956
f 925//936 924//935 939//955 940//957
f 933//937 932//934 947//956 948//958
f 926//938 925//936 940//957 941//959
f 919//939 949//716 934//960
f 693//718 933//937 948//958
f 927//940 926//938 941//959 942//961
f 920//941 919//939 934//960 935//962
f 928//942 927//940 942//961 943//948
f 921//943 920//941 935//962 936//950
f 948//958 947//956 963//963 964//964
f 941//959 940//957 956//965 957//966
f 934//960 949//716 950//967
f 693//718 948//958 964//964
f 942//961 941//959 957//966 958//968
f 935//962 934//960 950//967 951//969
f 943//948 942//961 958//968 959//970
f 936//950 935//962 951//969 952//971
f 944//949 943//948 959//970 960//972
f 937//951 936//950 952//971 953//973
f 945//952 944//949 960//972 961//974
f 938//953 937//951 953//973 954//975
f 946//954 945//952 961//974 962//976
f 939//955 938//953 954//975 955//977
f 947//956 946//954 962//976 963//963
f 940//957 939//955 955//977 956//965
f 953//973 952//971 967//978 968//979
f 961//974 960//972 975//980 976//981
f 954//975 953//973 968//979 969//982
f 962//976 961//974 976//981 977//983
f 955//977 954//975 969//982 970//984
f 963//963 962//976 977//983 978//985
f 956//965 955//977 970//984 971//986
f 964//964 963//963 978//985 979//987
f 957//966 956//965 971//986 972//988
f 950//967 949//716 965//989
f 693//718 964//964 979//987
f 958//968 957//966 972//988 973//990
f 951//969 950//967 965//989 966//991
f 959//970 958//968 973//990 974//992
f 952//971 951//969 966//991 967//978
f 960//972 959//970 974//992 975//980
f 972//988 971//986 986//993 987//994
f 965//989 949//716 980//995
f 693//718 979//987 994//996
f 973//990 972//988 987//994 988//997
f 966//991 965//989 980//995 981//998
f 974//992 973//990 988//997 989//999
f 967//978 966//991 981//998 982//1000
f 975//980 974//992 989//999 990//1001
f 968//979 967//978 982//1000 983//1002
f 976//981 975//980 990//1001 991//1003
f 969//982 968//979 983//1002 984//1004
f 977//983 976//981 991//1003 992//1005
f 970//984 969//982 984//1004 985//1006
f 978//985 977//983 992//1005 993//1007
f 971//986 970//984 985//1006 986//993
f 979//987 978//985 993//1007 994//996
f 991//1003 990//1001 1005//1008 1006//1009
f 984//1004 983//1002 998//1010 999//1011
f 992//1005 991//1003 1006//1009 1007//1012
f 985//1006 984//1004 999//1011 1000//1013
f 993//1007 992//1005 1007//1012 1008//1014
f 986//993 985//1006 1000//1013 1001//1015
f 994//996 993//1007 1008//1014 1009//1016
f 987//994 986//993 1001//1015 1002//1017
f 980//995 949//716 995//1018
f 693//718 994//996 1009//1016
f 988//997 987//994 1002//1017 1003//1019
f 981//998 980//995 995//1018 996//1020
f 989//999 988//997 1003//1019 1004//1021
f 982//1000 981//998 996//1020 997//1022
f 990//1001 989//999 1004//1021 1005//1008
f 983//1002 982//1000 997//1022 998//1010
f 995//1018 949//716 1010//1023
f 693//718 1009//1016 1024//1024
f 1003//1019 1002//1017 1017//1025 1018//1026
f 996//1020 995//1018 1010//1023 1011//1027
f 1004//1021 1003//1019 1018//1026 1019//1028
f 997//1022 996//1020 1011//1027 1012//1029
f 1005//1008 1004//1021 1019//1028 1020//1030
f 998//1010 997//1022 1012//1029 1013//1031
f 1006//1009 1005//1008 1020//1030 1021//1032
f 999//1011 998//1010 1013//1031 1014//1033
f 1007//1012 1006//1009 1021//1032 1022//1034
f 1000//1013 999//1011 1014//1033 1015//1035
f 1008//1014 1007//1012 1022//1034 1023//1036
f 1001//1015 1000//1013 1015//1035 1016//1037
f 1009//1016 1008//1014 1023//1036 1024//1024
f 1002//1017 1001//1015 1016//1037 1017//1025
f 1014//1033 1013//1031 1028//1038 1029//1039
f 1022//1034 1021//1032 1036//1040 1037//1041
f 1015//1035 1014//1033 1029//1039 1030//1042
f 1023//1036 1022//1034 1037//1041 1038//1043
f 1016//1037 1015//1035 1030//1042 1031//1044
f 1024//1024 1023//1036 1038//1043 1039//1045
f 1017//1025 1016//1037 1031//1044 1032//1046
f 1010//1023 949//716 1025//1047
f 693//718 1024//1024 1039//1045
f 1018//1026 1017//1025 1032//1046 1033//1048
f 1011//1027 1010//1023 1025//1047 1026//1049
f 1019//1028 1018//1026 1033//1048 1034//1050
f 1012//1029 1011//1027 1026//1049 1027//1051
f 1020//1030 1019//1028 1034//1050 1035//1052
f 1013//1031 1012//1029 1027//1051 1028//1038
f 1021//1032 1020//1030 1035//1052 1036//1040
f 1033//1048 1032//1046 1047//1053 1048//1054
f 1026//1049 1025//1047 1040//1055 1041//1056
f 1034//1050 1033//1048 1048//1054 1049//1057
f 1027//1051 1026//1049 1041//1056 1042//1058
f 1035//1052 1034//1050 1049//1057 1050//1059
f 1028//1038 1027//1051 1042//1058 1043//1060
f 1036//1040 1035//1052 1050//1059 1051//1061
f 1029//1039 1028//1038 1043//1060 1044//1062
f 1037//1041 1036//1040 1051//1061 1052//1063
f 1030//1042 1029//1039 1044//1062 1045//1064
f 1038//1043 1037//1041 1052//1063 1053//1065
f 1031//1044 1030//1042 1045//1064 1046//1066
f 1039//1045 1038//1043 1053//1065 1054//1067
f 1032//1046 1031//1044 1046//1066 1047//1053
f 1025//1047 949//716 1040//1055
f 693//718 1039//1045 1054//1067
f 1052//1063 1051//1061 1066//1068 1067//1069
f 1045//1064 1044//1062 1059//1070 1060//1071
f 1053//1065 1052//1063 1067//1069 1068//1072
f 1046//1066 1045//1064 1060//1071 1061//1073
f 1054//1067 1053//1065 1068//1072 1069//1074
f 1047//1053 1046//1066 1061//1073 1062//1075
f 1040//1055 949//716 1055//1076
f 693//718 1054//1067 1069//1074
f 1048//1054 1047//1053 1062//1075 1063//1077
f 1041//1056 1040//1055 1055//1076 1056//1078
f 1049//1057 1048//1054 1063//1077 1064//1079
f 1042//1058 1041//1056 1056//1078 1057//1080
f 1050//1059 1049//1057 1064//1079 1065//1081
f 1043//1060 1042//1058 1057//1080 1058//1082
f 1051//1061 1050//1059 1065//1081 1066//1068
f 1044//1062 1043//1060 1058//1082 1059//1070
f 1064//1079 1063//1077 1078//1083 1079//1084
f 1057//1080 1056//1078 1071//1085 1072//1086
f 1065//1081 1064//1079 1079//1084 1080//1087
f 1058//1082 1057//1080 1072//1086 1073//1088
f 1066//1068 1065//1081 1080//1087 1081//1089
f 1059//1070 1058//1082 1073//1088 1074//1090
f 1067//1069 1066//1068 1081//1089 1082//1091
f 1060//1071 1059//1070 1074//1090 1075//1092
f 1068//1072 1067//1069 1082//1091 1083//1093
f 1061//1073 1060//1071 1075//1092 1076//1094
f 1069//1074 1068//1072 1083//1093 1084//1095
f 1062//1075 1061//1073 1076//1094 1077//1096
f 1055//1076 949//716 1070//1097
f 693//718 1069//1074 1084//1095
f 1063//1077 1062//1075 1077//1096 1078//1083
f 1056//1078 1055//1076 1070//1097 1071//1085
f 1083//1093 1082//1091 1097//1098 1098//1099
f 1076//1094 1075//1092 1090//1100 1091//1101
f 1084//1095 1083//1093 1098//1099 1099//1102
f 1077//1096 1076//1094 1091//1101 1092//1103
f 1070//1097 949//716 1085//1104
f 693//718 1084//1095 1099//1102
f 1078//1083 1077//1096 1092//1103 1093//1105
f 1071//1085 1070//1097 1085//1104 1086//1106
f 1079//1084 1078//1083 1093//1105 1094//1107
f 1072//1086 1071//1085 1086//1106 1087//1108
f 1080//1087 1079//1084 1094//1107 1095//1109
f 1073//1088 1072//1086 1087//1108 1088//1110
f 1081//1089 1080//1087 1095//1109 1096//1111
f 1074//1090 1073//1088 1088//1110 1089//1112
f 1082//1091 1081//1089 1096//1111 1097//1098
f 1075//1092 1074//1090 1089//1112 1090//1100
f 1087//1108 1086//1106 1101//1113 1102//1114
f 1095//1109 1094//1107 1109//1115 1110//1116
f 1088//1110 1087//1108 1102//1114 1103//1117
f 1096//1111 1095//1109 1110//1116 1111//1118
f 1089//1112 1088//1110 1103//1117 1104//1119
f 1097//1098 1096//1111 1111//1118 1112//1120
f 1090//1100 1089//1112 1104//1119 1105//1121
f 1098//1099 1097//1098 1112//1120 1113//1122
f 1091//1101 1090//1100 1105//1121 1106//1123
f 1099//1102 1098//1099 1113//1122 1114//1124
f 1092//1103 1091//1101 1106//1123 1107//1125
f 1085//1104 949//716 1100//1126
f 693//718 1099//1102 1114//1124
f 1093//1105 1092//1103 1107//1125 1108//1127
f 1086//1106 1085//1104 1100//1126 1101//1113
f 1094//1107 1093//1105 1108//1127 1109//1115
f 1106//1123 1105//1121 1120//1128 1121//1129
f 1114//1124 1113//1122 1128//1130 1129//1131
f 1107//1125 1106//1123 1121//1129 1122//1132
f 1100//1126 949//716 1115//1133
f 693//718 1114//1124 1129//1131
f 1108//1127 1107//1125 1122//1132 1123//1134
f 1101//1113 1100//1126 1115//1133 1116//1135
f 1109//1115 1108//1127 1123//1134 1124//1136
f 1102//1114 1101//1113 1116//1135 1117//1137
f 1110//1116 1109//1115 1124//1136 1125//1138
f 1103//1117 1102//1114 1117//1137 1118//1139
f 1111//1118 1110//1116 1125//1138 1126//1140
f 1104//1119 1103//1117 1118//1139 1119//1141
f 1112//1120 1111//1118 1126//1140 1127//1142
f 1105//1121 1104//1119 1119//1141 1120//1128
f 1113//1122 1112//1120 1127//1142 1128//1130
f 1125//1138 1124//1136 1139//1143 1140//1144
f 1118//1139 1117//1137 1132//1145 1133//1146
f 1126//1140 1125//1138 1140//1144 1141//1147
f 1119//1141 1118//1139 1133//1146 1134//1148
f 1127//1142 1126//1140 1141//1147 1142//1149
f 1120//1128 1119//1141 1134//1148 1135//1150
f 1128//1130 1127//1142 1142//1149 1143//1151
f 1121//1129 1120//1128 1135//1150 1136//1152
f 1129//1131 1128//1130 1143//1151 1144//1153
f 1122//1132 1121//1129 1136//1152 1137//1154
f 1115//1133 949//716 1130//1155
f 693//718 1129//1131 1144//1153
f 1123//1134 1122//1132 1137//1154 1138//1156
f 1116//1135 1115//1133 1130//1155 1131//1157
f 1124//1136 1123//1134 1138//1156 1139//1143
f 1117//1137 1116//1135 1131//1157 1132//1145
f 1144//1153 1143//1151 1158//1158 1159//1159
f 1137//1154 1136//1152 1151//1160 1152//1161
f 1130//1155 949//716 1145//1162
f 693//718 1144//1153 1159//1159
f 1138//1156 1137//1154 1152//1161 1153//1163
f 1131//1157 1130//1155 1145//1162 1146//1164
f 1139//1143 1138//1156 1153//1163 1154//1165
f 1132//1145 1131//1157 1146//1164 1147//1166
f 1140//1144 1139//1143 1154//1165 1155//1167
f 1133//1146 1132//1145 1147//1166 1148//1168
f 1141//1147 1140//1144 1155//1167 1156//1169
f 1134//1148 1133//1146 1148//1168 1149//1170
f 1142//1149 1141//1147 1156//1169 1157//1171
f 1135//1150 1134//1148 1149//1170 1150//1172
f 1143//1151 1142//1149 1157//1171 1158//1158
f 1136//1152 1135//1150 1150//1172 1151//1160
f 1148//1168 1147//1166 1162//696 1163//695
f 1156//1169 1155//1167 1170//691 1171//699
f 1149//1170 1148//1168 1163//695 1164//701
f 1157//1171 1156//1169 1171//699 1172//703
f 1150//1172 1149//1170 1164//701 1165//705
f 1158//1158 1157//1171 1172//703 1173//707
f 1151//1160 1150//1172 1165//705 1166//709
f 1159//1159 1158//1158 1173//707 1174//711
f 1152//1161 1151//1160 1166//709 1167//713
f 1145//1162 949//716 1160//715
f 693//718 1159//1159 1174//711
f 1153//1163 1152//1161 1167//713 1168//719
f 1146//1164 1145//1162 1160//715 1161//721
f 1154//1165 1153//1163 1168//719 1169//692
f 1147//1166 1146//1164 1161//721 1162//696
f 1155//1167 1154//1165 1169//692 1170//691
o Slime_Sphere
v 0.404105 2.397908 -0.574366
v 0.418329 2.259452 -0.736922
v 0.441726 2.055562 -0.894422
v 0.335133 2.979052 0.141854
v 0.348952 2.934781 0.001542
v 0.364635 2.839963 -0.157687
v 0.378749 2.702310 -0.300990
v 0.391108 2.537029 -0.428437
v 0.486504 2.702310 -0.279556
v 0.526271 2.548172 -0.407858
v 0.558778 2.369855 -0.520299
v 0.590073 2.181140 -0.633022
v 0.640432 2.017084 -0.815739
v 0.357331 2.979052 0.146270
v 0.398259 2.934781 0.011349
v 0.444704 2.839963 -0.141761
v 0.835910 1.982819 -0.691982
v 0.378241 2.979052 0.154931
v 0.444704 2.934781 0.030588
v 0.520128 2.839963 -0.110519
v 0.588007 2.702310 -0.237513
v 0.657171 2.569040 -0.366174
v 0.707326 2.375550 -0.459138
v 0.744714 2.142055 -0.530759
v 0.769223 2.562708 -0.287077
v 0.850265 2.396082 -0.383338
v 0.923474 2.194853 -0.466635
v 1.066200 2.048688 -0.641261
v 0.397060 2.979052 0.167506
v 0.486504 2.934781 0.058518
v 0.588007 2.839963 -0.065164
v 0.679357 2.702310 -0.176474
v 0.522052 2.934781 0.094066
v 0.645734 2.839963 -0.007437
v 0.757044 2.702310 -0.098787
v 0.863158 2.553168 -0.185654
v 0.956093 2.381247 -0.264475
v 1.056187 2.203986 -0.348906
v 1.190205 2.028436 -0.464499
v 0.413064 2.979052 0.183510
v 1.046058 2.381143 -0.127402
v 1.132092 2.168869 -0.175026
v 1.274873 1.985956 -0.248269
v 0.425638 2.979052 0.202328
v 0.549982 2.934781 0.135865
v 0.691089 2.839963 0.060442
v 0.818082 2.702310 -0.007437
v 0.942526 2.560018 -0.073714
v 0.569220 2.934781 0.182311
v 0.722330 2.839963 0.135866
v 0.860126 2.702310 0.094066
v 0.998515 2.566377 0.052234
v 1.134771 2.421360 0.011999
v 1.253163 2.229970 -0.019911
v 1.386540 2.017018 -0.065228
v 0.434300 2.979052 0.223239
v 1.159633 2.412700 0.172538
v 1.300809 2.239146 0.156713
v 1.422487 2.019573 0.147539
v 0.438715 2.979052 0.245437
v 0.579028 2.934781 0.231617
v 0.738257 2.839963 0.215935
v 0.881560 2.702310 0.201821
v 1.027004 2.569171 0.187509
v 0.738257 2.839963 0.297572
v 0.881560 2.702310 0.311687
v 1.019447 2.555554 0.324495
v 1.138469 2.366457 0.349188
v 1.241480 2.161080 0.357422
v 1.410619 1.990560 0.359523
v 0.438715 2.979052 0.268070
v 0.579028 2.934781 0.281890
v 0.434300 2.979052 0.290269
v 0.569220 2.934781 0.331196
v 0.722330 2.839963 0.377642
v 0.860126 2.702310 0.419441
v 0.982352 2.536300 0.456205
v 1.100424 2.352099 0.504267
v 0.691089 2.839963 0.453065
v 0.818082 2.702310 0.520944
v 0.927590 2.530105 0.579427
v 1.028480 2.347751 0.632512
v 0.425638 2.979052 0.311179
v 0.549982 2.934781 0.377642
v 0.413064 2.979052 0.329998
v 0.522052 2.934781 0.419441
v 0.645733 2.839963 0.520944
v 0.757044 2.702310 0.612294
v 0.855648 2.536768 0.693752
v 0.947388 2.334322 0.758119
v 0.679357 2.702310 0.689981
v 0.760891 2.537011 0.788700
v 0.848095 2.358921 0.883121
v 0.922001 2.175221 0.973780
v 1.018049 1.973783 1.104511
v 0.397060 2.979052 0.346002
v 0.486504 2.934781 0.454989
v 0.588007 2.839963 0.578671
v 0.822132 1.973963 1.186783
v 0.378241 2.979052 0.358576
v 0.444704 2.934781 0.482919
v 0.520128 2.839963 0.624026
v 0.588007 2.702310 0.751020
v 0.649093 2.542016 0.866742
v 0.713895 2.389194 0.986540
v 0.768892 2.202033 1.088361
v 0.526170 2.551372 0.923279
v 0.561595 2.375045 1.036398
v 0.595229 2.186310 1.149922
v 0.635260 1.997283 1.297795
v 0.357331 2.979052 0.367237
v 0.398259 2.934781 0.502158
v 0.444704 2.839963 0.655268
v 0.486504 2.702310 0.793063
v 0.335133 2.979052 0.371653
v 0.348952 2.934781 0.511965
v 0.364635 2.839963 0.671195
v 0.378749 2.702310 0.814497
v 0.391933 2.551680 0.950155
v 0.402494 2.361760 1.057952
v 0.414864 2.200120 1.203644
v 0.434469 2.050278 1.404839
v 0.254900 2.558915 0.954170
v 0.241205 2.390266 1.077726
v 0.224729 2.245896 1.244059
v 0.218926 2.038893 1.375866
v 0.312499 2.979052 0.371653
v 0.298680 2.934781 0.511965
v 0.282997 2.839963 0.671194
v 0.268883 2.702310 0.814497
v 0.249374 2.934781 0.502157
v 0.202928 2.839963 0.655268
v 0.161128 2.702310 0.793063
v 0.118025 2.570787 0.933663
v 0.077802 2.421488 1.066557
v 0.039615 2.245701 1.201803
v 0.019198 1.998950 1.266257
v 0.290301 2.979052 0.367237
v -0.077888 2.429188 1.007886
v -0.112465 2.192858 1.079556
v -0.171037 1.977869 1.200281
v 0.269391 2.979052 0.358576
v 0.202928 2.934781 0.482919
v 0.127505 2.839963 0.624026
v 0.059625 2.702310 0.751020
v -0.009873 2.572565 0.881753
v 0.161128 2.934781 0.454989
v 0.059625 2.839963 0.578671
v -0.031725 2.702310 0.689981
v -0.119386 2.556260 0.797695
v -0.207841 2.409047 0.906752
v -0.255102 2.172141 0.960403
v -0.345001 1.964357 1.091787
v 0.250572 2.979052 0.346002
v -0.328906 2.408787 0.790230
v -0.403765 2.204962 0.851662
v -0.460976 1.942691 0.905133
v 0.234568 2.979052 0.329998
v 0.125580 2.934781 0.419441
v 0.001899 2.839963 0.520944
v -0.109412 2.702310 0.612294
v -0.208500 2.537928 0.694192
v -0.043457 2.839963 0.453065
v -0.170450 2.702310 0.520944
v -0.292139 2.553433 0.584506
v -0.427102 2.424517 0.659060
v -0.498541 2.199008 0.698928
v -0.547572 1.920806 0.722099
v 0.221994 2.979052 0.311179
v 0.097651 2.934781 0.377641
v 0.324470 1.120300 0.255833
v -0.548056 2.168171 0.521150
v 0.461357 1.734820 1.542046
v -0.645253 1.937458 0.548614
v 0.213332 2.979052 0.290269
v 0.078412 2.934781 0.331196
v -0.074698 2.839963 0.377641
v -0.212494 2.702310 0.419441
v -0.354401 2.573097 0.462715
v -0.478147 2.411240 0.500575
v 1.499637 1.681345 0.147057
v -0.233927 2.702310 0.311686
v -0.242928 1.704046 1.336477
v -0.380577 2.571303 0.326012
v 1.290226 1.636455 0.767328
v -0.513935 2.415460 0.338389
v -0.808591 1.696532 0.866783
v -0.584698 2.171540 0.346134
v -0.288650 1.687405 -0.896146
v -0.696872 1.913311 0.357956
v 0.208917 2.979052 0.268070
v 0.180283 1.770671 -1.165169
v 0.068605 2.934781 0.281890
v -0.873676 1.652927 0.380495
v -0.090625 2.839963 0.297572
v 1.509192 1.690292 0.364266
v -0.700430 1.932059 0.154843
v 0.208917 2.979052 0.245437
v 1.343432 1.680561 -0.281504
v 0.068605 2.934781 0.231617
v -0.845700 1.697046 -0.288155
v -0.090625 2.839963 0.215935
v 0.944570 1.729646 -0.883914
v -0.233927 2.702310 0.201821
v -0.675105 1.724595 -0.492457
v -0.369862 2.551997 0.189626
v -0.894976 1.642552 0.128775
v -0.531949 2.434932 0.171535
v 1.208774 1.780533 -0.821934
v -0.663846 2.260427 0.151630
v -0.212494 2.702310 0.094066
v 1.267612 1.665419 1.062242
v -0.333502 2.534315 0.057142
v 0.446524 1.742267 -1.060470
v -0.505482 2.439185 0.005487
v -0.094662 1.790977 -1.128613
v -0.635044 2.272700 -0.026634
v -0.875605 1.694330 0.619632
v -0.698751 1.987666 -0.056501
v 0.213332 2.979052 0.223239
v 0.843971 1.653948 1.225142
v 0.078412 2.934781 0.182311
v -0.499714 1.726268 1.266722
v -0.074698 2.839963 0.135866
v 0.206384 1.684317 1.440950
v -0.668724 2.018936 -0.276860
v 0.221994 2.979052 0.202328
v 1.438476 1.686650 -0.086219
v 0.097651 2.934781 0.135866
v 0.668331 1.705005 1.447899
v -0.043457 2.839963 0.060442
v -0.024515 1.681846 1.404562
v -0.170450 2.702310 -0.007437
v 1.275103 1.715541 -0.543079
v -0.284055 2.538416 -0.068183
v -0.718949 1.724578 1.115331
v -0.426087 2.417650 -0.142508
v 1.146585 1.698158 1.240822
v -0.521252 2.226862 -0.198605
v -0.936318 1.694911 -0.106238
v 0.495824 1.181808 1.962433
v -0.216732 2.557718 -0.188222
v 0.152338 1.195820 -1.496519
v -0.320027 2.400021 -0.271274
v -1.374553 1.179508 0.425214
v -0.448275 2.255721 -0.377730
v 2.014047 1.176593 0.091292
v -0.570776 2.060632 -0.477798
v 0.234568 2.979052 0.183510
v 0.677171 1.713134 -0.916970
v 0.125580 2.934781 0.094066
v -0.459851 1.678222 -0.671684
v 0.001899 2.839963 -0.007437
v 1.417053 1.675162 0.584711
v -0.109412 2.702310 -0.098787
v 0.250572 2.979052 0.167506
v -0.477110 1.178116 1.758431
v 0.161128 2.934781 0.058518
v 1.811711 1.173206 1.051256
v 0.059626 2.839963 -0.065164
v -1.212987 1.190626 1.079490
v -0.031725 2.702310 -0.176474
v -0.477099 1.179829 -1.252577
v -0.121042 2.557345 -0.283619
v 1.808596 1.172030 -0.536597
v -0.205763 2.403625 -0.389412
v -1.144860 1.166991 -0.529441
v -0.288762 2.218338 -0.482553
v 1.137744 1.184171 -1.262433
v -0.349756 1.975080 -0.546577
v -0.004905 2.556057 -0.360361
v -0.968681 1.169136 -0.805654
v -0.067530 2.393023 -0.472618
v -1.395230 1.185874 0.082935
v -0.097606 2.146638 -0.526486
v 1.423849 1.187493 -1.084243
v -0.145624 1.929018 -0.636813
v 0.269391 2.979052 0.154931
v 2.006676 1.174324 0.419504
v 0.202928 2.934781 0.030588
v 1.114298 1.169753 1.733346
v 0.127505 2.839963 -0.110519
v -0.770262 1.183835 1.584895
v 0.059626 2.702310 -0.237512
v 0.155769 1.177375 1.948033
v 1.653827 1.184172 1.351659
v 0.249374 2.934781 0.011350
v 0.489435 1.185052 -1.461544
v 0.202928 2.839963 -0.141761
v -0.184661 1.193648 -1.422293
v 0.161128 2.702310 -0.279556
v -1.328406 1.185544 0.757717
v 0.117636 2.576484 -0.423390
v 1.936654 1.172718 -0.233281
v 0.084758 2.398406 -0.535906
v 0.817307 1.180527 1.894243
v 0.068541 2.139832 -0.592215
v -0.174230 1.182813 1.900403
v 0.005021 1.995273 -0.802019
v 0.290301 2.979052 0.146270
v 1.639419 1.178298 -0.826435
v 0.241339 2.418438 -0.585364
v -1.033406 1.194369 1.370139
v 0.234774 2.231558 -0.709420
v 1.417274 1.182750 1.581676
v 0.213170 2.022710 -0.857903
v 0.312499 2.979052 0.141854
v -1.318630 1.181957 -0.236954
v 0.298680 2.934781 0.001542
v 0.817740 1.176021 -1.366332
v 0.282997 2.839963 -0.157687
v -0.736201 1.168474 -1.035091
v 0.268883 2.702310 -0.300990
v 1.928038 1.170042 0.743561
v 0.254022 2.559694 -0.441017
v 0.478223 1.120300 -1.360242
v -0.131810 1.120300 -1.218240
v -0.720639 1.120300 -1.025102
v -0.982765 1.120300 -0.441494
v -1.203034 1.120300 0.092076
v -1.003089 1.120300 0.975715
v -0.895708 1.120300 1.254328
v -0.355686 1.120300 1.549068
v 0.183950 1.120300 1.637156
v 0.798826 1.120300 1.791249
v 1.252210 1.120300 1.390577
v 1.706144 1.120300 0.989396
v 0.181830 1.120300 -1.304303
v -0.464442 1.120300 -1.212459
v -0.859795 1.120300 -0.724361
v -1.192544 1.120300 -0.194894
v -1.051124 1.120300 0.389746
v -1.006761 1.120300 0.662686
v 1.717413 1.120300 0.121179
v 1.786053 1.120300 -0.203440
v 1.740492 1.120300 -0.491109
v 1.532221 1.120300 -0.741917
v 1.310955 1.120300 -0.934611
v 1.031530 1.120300 -1.073795
v 0.774225 1.120300 -1.231596
v 1.469968 1.120300 1.191083
v 1.066019 1.120300 1.664162
v 1.902336 1.120300 0.730811
v 1.869916 1.120300 0.421196
v -0.607400 1.120300 1.376746
v -0.115889 1.120300 1.686301
v 0.473715 1.120300 1.681091
v 0.448784 1.120300 -1.100941
v -0.038843 1.120300 -0.910508
v -0.454431 1.120300 -0.709080
v -0.574577 1.120300 -0.225034
v -0.769545 1.120300 0.136717
v -0.718292 1.120300 0.837156
v -0.648660 1.120300 1.055237
v -0.185251 1.120300 1.209928
v 0.215601 1.120300 1.310500
v 0.663939 1.120300 1.357953
v 1.039055 1.120300 1.149876
v 1.429625 1.120300 0.848595
v 0.213703 1.120300 -1.032767
v -0.303041 1.120300 -0.914845
v -0.507323 1.120300 -0.433796
v -0.746501 1.120300 -0.058456
v -0.624126 1.120300 0.346397
v -0.648552 1.120300 0.577344
v 1.372790 1.120300 0.149876
v 1.456728 1.120300 -0.098090
v 1.377569 1.120300 -0.295608
v 1.253343 1.120300 -0.522061
v 1.116002 1.120300 -0.693004
v 0.865577 1.120300 -0.759353
v 0.672777 1.120300 -0.909750
v 1.208863 1.120300 0.964294
v 0.916862 1.120300 1.354963
v 1.624025 1.120300 0.638182
v 1.564355 1.120300 0.400269
v -0.426055 1.120300 1.156259
v 0.007377 1.120300 1.306003
v 0.432518 1.120300 1.306448
v 0.430687 1.120300 -0.838074
v 0.021284 1.120300 -0.731183
v -0.240367 1.120300 -0.434521
v -0.369659 1.120300 -0.113782
v -0.533449 1.120300 0.172977
v -0.529195 1.120300 0.720609
v -0.432956 1.120300 0.889470
v -0.089729 1.120300 1.007980
v 0.223277 1.120300 1.225827
v 0.564407 1.120300 1.049193
v 0.927093 1.120300 1.009672
v 1.153727 1.120300 0.709183
v 0.226777 1.120300 -0.795154
v -0.134171 1.120300 -0.618935
v -0.311236 1.120300 -0.272166
v -0.463134 1.120300 0.019671
v -0.538183 1.120300 0.345242
v -0.577812 1.120300 0.560199
v 1.306071 1.120300 0.160486
v 1.216228 1.120300 -0.009957
v 1.109729 1.120300 -0.164175
v 1.062082 1.120300 -0.357571
v 0.955331 1.120300 -0.507457
v 0.758543 1.120300 -0.546914
v 0.597737 1.120300 -0.681297
v 1.054821 1.120300 0.843086
v 0.786661 1.120300 1.092813
v 1.229468 1.120300 0.521603
v 1.333369 1.120300 0.356983
v -0.329610 1.120300 1.044303
v 0.079340 1.120300 1.112208
v 0.406317 1.120300 1.128644
v 0.399645 1.120300 -0.514875
v 0.099035 1.120300 -0.480992
v -0.175260 1.120300 -0.349313
v -0.246294 1.120300 -0.048631
v -0.406246 1.120300 0.187369
v -0.326439 1.120300 0.598611
v -0.235562 1.120300 0.720693
v 0.016408 1.120300 0.824658
v 0.242466 1.120300 0.994852
v 0.552290 1.120300 0.994181
v 0.779369 1.120300 0.810593
v 0.956352 1.120300 0.596778
v 0.250690 1.120300 -0.507800
v -0.039856 1.120300 -0.428381
v -0.231275 1.120300 -0.210564
v -0.322746 1.120300 0.062244
v -0.451933 1.120300 0.338996
v -0.429902 1.120300 0.489582
v 1.037148 1.120300 0.192484
v 1.009062 1.120300 0.041220
v 0.994605 1.120300 -0.099011
v 0.883720 1.120300 -0.202046
v 0.784008 1.120300 -0.305453
v 0.655322 1.120300 -0.354409
v 0.525256 1.120300 -0.425196
v 0.889823 1.120300 0.718133
v 0.680990 1.120300 0.932590
v 1.013243 1.120300 0.462082
v 1.085775 1.120300 0.329228
v -0.138998 1.120300 0.814229
v 0.125203 1.120300 0.951343
v 0.396460 1.120300 0.944581
v 0.376674 1.120300 -0.311780
v 0.163827 1.120300 -0.267560
v -0.059952 1.120300 -0.219406
v -0.136484 1.120300 0.004781
v -0.253270 1.120300 0.204241
v -0.185272 1.120300 0.524787
v -0.103040 1.120300 0.608227
v 0.050697 1.120300 0.763081
v 0.264648 1.120300 0.829614
v 0.501925 1.120300 0.843883
v 0.679756 1.120300 0.692242
v 0.861651 1.120300 0.543137
v 0.272506 1.120300 -0.310508
v 0.032519 1.120300 -0.280630
v -0.114152 1.120300 -0.103798
v -0.159329 1.120300 0.111672
v -0.303721 1.120300 0.317834
v -0.269118 1.120300 0.434982
v 0.830163 1.120300 0.205702
v 0.885417 1.120300 0.078129
v 0.858140 1.120300 -0.022354
v 0.731682 1.120300 -0.076311
v 0.671821 1.120300 -0.173689
v 0.590068 1.120300 -0.233044
v 0.476452 1.120300 -0.247345
v 0.771187 1.120300 0.618330
v 0.603875 1.120300 0.781045
v 0.922888 1.120300 0.435940
v 0.892829 1.120300 0.318803
v -0.043808 1.120300 0.707563
v 0.158566 1.120300 0.812832
v 0.385475 1.120300 0.835636
v 0.367629 1.120300 -0.170842
v 0.205616 1.120300 -0.121964
v 0.067101 1.120300 -0.062185
v -0.016215 1.120300 0.071842
v -0.099847 1.120300 0.215177
v -0.020491 1.120300 0.436425
v 0.016536 1.120300 0.514923
v 0.115305 1.120300 0.647744
v 0.286647 1.120300 0.651112
v 0.440170 1.120300 0.645674
v 0.580573 1.120300 0.572317
v 0.698800 1.120300 0.457466
v 0.289616 1.120300 -0.129030
v 0.117947 1.120300 -0.130131
v 0.020049 1.120300 0.007873
v -0.051975 1.120300 0.144302
v -0.092270 1.120300 0.295355
v -0.070504 1.120300 0.377044
v 0.725273 1.120300 0.217240
v 0.716838 1.120300 0.135467
v 0.687164 1.120300 0.063808
v 0.624261 1.120300 0.011066
v 0.582910 1.120300 -0.063972
v 0.523850 1.120300 -0.111622
v 0.443083 1.120300 -0.143148
v 0.642044 1.120300 0.512989
v 0.519151 1.120300 0.614828
v 0.728070 1.120300 0.377569
v 0.742253 1.120300 0.298177
v 0.040881 1.120300 0.600881
v 0.200884 1.120300 0.653183
v 0.366678 1.120300 0.673228
v 0.353005 1.120300 -0.014866
v 0.248277 1.120300 0.005696
v 0.151777 1.120300 0.045739
v 0.096680 1.120300 0.133891
v 0.052683 1.120300 0.229188
v 0.096765 1.120300 0.377973
v 0.114185 1.120300 0.430187
v 0.194493 1.120300 0.499330
v 0.299881 1.120300 0.509700
v 0.403679 1.120300 0.518471
v 0.492970 1.120300 0.462753
v 0.564426 1.120300 0.386430
v 0.299056 1.120300 0.000883
v 0.197980 1.120300 0.020131
v 0.118103 1.120300 0.085955
v 0.071164 1.120300 0.180143
v 0.058463 1.120300 0.281702
v 0.076476 1.120300 0.330941
v 0.599259 1.120300 0.230896
v 0.569473 1.120300 0.181727
v 0.554234 1.120300 0.132638
v 0.530390 1.120300 0.086947
v 0.501073 1.120300 0.038812
v 0.458597 1.120300 0.007207
v 0.405386 1.120300 -0.013925
v 0.538120 1.120300 0.429154
v 0.453403 1.120300 0.496678
v 0.582575 1.120300 0.332732
v 0.613223 1.120300 0.283922
v 0.146218 1.120300 0.472400
v 0.246703 1.120300 0.507984
v 0.351712 1.120300 0.523109
v 0.339987 1.120300 0.100813
v 0.280387 1.120300 0.108816
v 0.228455 1.120300 0.138997
v 0.187955 1.120300 0.182541
v 0.178881 1.120300 0.242024
v 0.186982 1.120300 0.329948
v 0.202253 1.120300 0.356042
v 0.250120 1.120300 0.394714
v 0.309869 1.120300 0.404808
v 0.367925 1.120300 0.399118
v 0.417167 1.120300 0.369437
v 0.457603 1.120300 0.327971
v 0.308852 1.120300 0.100369
v 0.253681 1.120300 0.123968
v 0.204087 1.120300 0.157772
v 0.184276 1.120300 0.213102
v 0.173613 1.120300 0.271064
v 0.178216 1.120300 0.300314
v 0.479296 1.120300 0.241323
v 0.467273 1.120300 0.212773
v 0.459425 1.120300 0.183346
v 0.442737 1.120300 0.159658
v 0.421016 1.120300 0.137459
v 0.397026 1.120300 0.121501
v 0.368234 1.120300 0.109784
v 0.441617 1.120300 0.351221
v 0.395026 1.120300 0.388102
v 0.464810 1.120300 0.298357
v 0.478778 1.120300 0.270613
v 0.224672 1.120300 0.377884
v 0.279974 1.120300 0.401559
v 0.339071 1.120300 0.404881
v 1.229728 1.926869 0.375041
v 1.029787 1.765155 0.857085
v 1.039222 2.221852 0.478096
v 1.032489 2.174636 0.591438
v 0.873590 2.079720 0.828164
v 1.274056 1.830411 0.498611
v 0.915867 1.876257 0.916581
v 1.105272 2.120600 0.401361
v 0.950389 2.046002 0.760928
v 1.045743 2.172852 0.632675
v 1.013560 1.874697 0.600669
v 0.881321 1.839202 0.743425
v 1.079791 1.871174 0.431111
v 0.930183 2.093818 0.579335
v 0.992807 2.085827 0.433291
v 0.843044 2.072969 0.721132
v 1.066259 2.250506 0.648726
v 0.989846 2.206975 0.783808
v 1.195138 2.135672 0.440261
v 1.083149 1.961955 1.039953
v 1.439461 1.889668 0.569689
v 0.978954 2.133923 0.892456
v 1.257148 1.836077 0.742323
v 1.133071 2.242889 0.517986
v 1.156012 1.814348 0.972743
v 1.372610 1.976221 0.439805
v 1.591112 1.334019 0.644988
v -0.609957 1.371854 -0.861776
v 0.738079 1.359709 -1.091302
v -1.190174 1.385214 -0.168230
v 1.291947 1.388617 1.409388
v -0.967307 1.438541 1.315055
v 1.431860 1.369492 -0.666967
v -0.112416 1.388891 1.698003
v 0.736215 1.379068 1.671536
v 1.628131 1.345518 -0.140507
v -1.153979 1.400626 0.705810
v -0.157237 1.435445 -1.331746
v 0.457301 1.398512 -1.275656
v 1.493763 1.394730 1.235651
v 0.175635 1.365525 1.677917
v -0.651243 1.393282 1.423219
v 0.947999 1.332775 1.421061
v 1.704250 1.352414 0.382467
v 1.320195 1.408998 -0.960107
v -1.216359 1.402040 0.088323
v -0.810559 1.374699 -0.606859
v 1.048735 1.394723 -1.085726
v -0.962375 1.320910 -0.353313
v 1.518754 1.342560 -0.379466
v -0.411155 1.376070 -1.119705
v -1.098904 1.422457 1.024071
v 1.532137 1.347615 0.902763
v -0.349502 1.368709 1.528844
v 1.735922 1.362165 0.124230
v -1.127521 1.374689 0.407001
v 0.160891 1.444776 -1.425928
v 0.484753 1.384572 1.739784
v 1.072630 1.802471 0.614866
v 1.101737 1.814197 0.724751
v 1.225406 1.864540 0.628115
v 1.254514 1.876266 0.738000
v 0.911280 2.197220 0.571361
v 1.003954 2.226367 0.545553
v 0.938557 2.191724 0.653973
v 1.031231 2.220870 0.628165
v 0.997997 2.150803 0.643161
v 0.984743 2.152587 0.601924
v 1.095613 1.849161 0.637451
v 1.068998 2.002192 0.635374
v 1.112015 1.854808 0.698184
v 1.078161 2.003004 0.666410
v 1.195161 1.888945 0.703423
v 1.117435 2.020031 0.663903
v 1.178759 1.883298 0.642691
v 1.108272 2.019220 0.632867
v 0.843565 2.132013 0.704625
v 0.890364 2.121522 0.784280
v 0.919903 2.170336 0.693094
v 0.966701 2.159845 0.772750
v 0.941269 2.014731 0.754776
v 0.926116 2.035859 0.767895
v 0.936697 2.047586 0.732901
v 0.912423 2.037443 0.739868
v 0.888258 2.086162 0.728490
v 0.918270 2.100219 0.726534
v 0.907969 2.083315 0.758029
v 0.937981 2.097372 0.756072
v 0.373847 2.934781 0.005232
v 0.405062 2.839963 -0.151696
v 0.433154 2.702310 -0.292927
v 0.458545 2.538079 -0.418997
v 0.482918 2.379915 -0.548931
v 0.508521 2.220831 -0.689257
v 0.550358 2.057834 -0.891938
v 0.421955 2.934781 0.019825
v 0.483185 2.839963 -0.127997
v 0.538291 2.702310 -0.261034
v 0.592931 2.560695 -0.391443
v 0.633106 2.368232 -0.489895
v 0.667349 2.151256 -0.577197
v 0.729699 1.977387 -0.728272
v 0.506208 2.624289 -0.343814
v 0.466292 2.776209 -0.212926
v 0.544519 2.466010 -0.467937
v 0.572734 2.271101 -0.572732
v 0.612179 2.097343 -0.710811
v 0.665280 1.901851 -0.900296
v 0.375942 2.963917 0.084919
v 0.421955 2.893009 -0.066767
v 0.466292 2.934781 0.043524
v 0.555184 2.839963 -0.089513
v 0.635185 2.702310 -0.209243
v 0.716699 2.570585 -0.331552
v 0.780143 2.386576 -0.424722
v 0.828108 2.155824 -0.493855
v 0.950823 2.013285 -0.673952
v 0.896326 1.887059 -0.796577
v 0.779859 2.055095 -0.595065
v 0.408463 2.963917 0.098390
v 0.483185 2.893009 -0.041405
v 0.555184 2.776209 -0.176105
v 0.621151 2.629506 -0.299337
v 0.688439 2.493519 -0.424087
v 0.723021 2.247579 -0.488853
v 0.505153 2.934781 0.075416
v 0.618292 2.839963 -0.037722
v 0.720113 2.702310 -0.139544
v 0.817218 2.554029 -0.237020
v 0.911110 2.396746 -0.331188
v 1.007328 2.222965 -0.426013
v 1.155005 2.062561 -0.577060
v 0.813082 2.490737 -0.340447
v 0.723158 2.627923 -0.230121
v 0.885490 2.292776 -0.422988
v 0.978836 2.110695 -0.533114
v 1.153526 1.956184 -0.750919
v 0.437732 2.963917 0.117946
v 0.538291 2.893009 -0.004585
v 0.635185 2.776209 -0.122650
v 0.537046 2.934781 0.114278
v 0.670083 2.839963 0.025386
v 0.789812 2.702310 -0.054615
v 0.905456 2.556404 -0.131658
v 0.997111 2.369431 -0.193209
v 1.090844 2.173945 -0.257761
v 1.215569 1.988753 -0.342071
v 1.247799 1.900192 -0.517036
v 0.585154 2.893009 0.042279
v 0.462623 2.963917 0.142838
v 0.703220 2.776209 -0.054615
v 0.809569 2.625538 -0.141839
v 0.913452 2.475103 -0.227458
v 1.000524 2.286057 -0.302894
v 1.120331 2.122344 -0.402708
v 0.560745 2.934781 0.158615
v 0.708567 2.839963 0.097385
v 0.841603 2.702310 0.042279
v 0.973751 2.563509 -0.012268
v 1.094692 2.402935 -0.061014
v 1.184631 2.187847 -0.096982
v 1.340926 2.001544 -0.162765
v 1.086770 2.270297 -0.148867
v 1.000972 2.483639 -0.104422
v 1.191600 2.074781 -0.207590
v 1.339591 1.866510 -0.278947
v 0.482180 2.963917 0.172106
v 0.621975 2.893009 0.097384
v 0.756675 2.776209 0.025386
v 0.878852 2.627250 -0.039860
v 0.575338 2.934781 0.206723
v 0.732265 2.839963 0.175508
v 0.873496 2.702310 0.147415
v 1.016405 2.568353 0.119068
v 1.158887 2.427567 0.090296
v 1.303339 2.259112 0.062537
v 1.413224 2.025366 0.039740
v 0.647337 2.893009 0.158615
v 0.495651 2.963917 0.204628
v 0.793495 2.776209 0.114278
v 0.926905 2.628840 0.073845
v 1.069592 2.501642 0.031022
v 1.195484 2.329485 -0.004943
v 1.314588 2.125065 -0.038232
v 1.438131 1.879617 -0.086143
v 0.580266 2.934781 0.256754
v 0.740267 2.839963 0.256754
v 0.884265 2.702310 0.256754
v 1.028592 2.565886 0.256378
v 1.148872 2.388437 0.258808
v 1.271535 2.197370 0.256910
v 1.419796 2.005888 0.255142
v 1.221987 2.318159 0.164956
v 1.099416 2.502970 0.179907
v 1.374757 2.148629 0.150132
v 1.459085 1.860853 0.147119
v 0.502518 2.963917 0.239153
v 0.660266 2.893009 0.223616
v 0.812266 2.776209 0.208645
v 0.951389 2.629539 0.194946
v 0.575338 2.934781 0.306784
v 0.732265 2.839963 0.337999
v 0.873496 2.702310 0.366092
v 1.002917 2.543813 0.391293
v 1.123845 2.352448 0.434174
v 1.214671 2.137954 0.428465
v 1.394907 1.978900 0.430978
v 0.812266 2.776209 0.304862
v 0.660266 2.893009 0.289891
v 0.949500 2.626135 0.318185
v 1.084678 2.474388 0.333776
v 1.188257 2.254456 0.360485
v 1.311235 2.076418 0.352825
v 1.492363 1.872265 0.366881
v 0.502518 2.963917 0.274354
v 0.560745 2.934781 0.354893
v 0.708567 2.839963 0.416123
v 0.841603 2.702310 0.471228
v 0.957370 2.532052 0.518995
v 1.068528 2.354253 0.567650
v 1.138690 2.276214 0.523107
v 1.452986 1.842243 0.585152
v 0.495651 2.963917 0.308879
v 0.647337 2.893009 0.354892
v 0.793495 2.776209 0.399229
v 0.922864 2.621321 0.438395
v 1.040801 2.446732 0.476840
v 0.537046 2.934781 0.399229
v 0.670083 2.839963 0.488121
v 0.789812 2.702310 0.568122
v 0.893514 2.531372 0.637635
v 0.986145 2.338980 0.696714
v 0.756675 2.776209 0.488121
v 0.621975 2.893009 0.416123
v 0.875118 2.619772 0.551418
v 0.977907 2.437900 0.606087
v 1.063275 2.278880 0.649719
v 1.258384 1.770030 0.745083
v 0.482180 2.963917 0.341401
v 0.505153 2.934781 0.438091
v 0.618292 2.839963 0.551229
v 0.720113 2.702310 0.653051
v 0.812078 2.540560 0.745025
v 0.904081 2.339171 0.819373
v 0.970621 2.147773 0.915794
v 1.083916 1.967459 1.066973
v 0.980567 2.244546 0.777331
v 1.182391 1.764653 0.993571
v 0.462623 2.963917 0.370670
v 0.585154 2.893009 0.471228
v 0.703220 2.776209 0.568122
v 0.807691 2.621438 0.653993
v 0.901889 2.442873 0.729239
v 0.466292 2.934781 0.469983
v 0.555184 2.839963 0.603020
v 0.635185 2.702310 0.722750
v 0.705443 2.534653 0.828148
v 0.783382 2.380089 0.941474
v 0.849342 2.199047 1.040080
v 0.919478 1.977194 1.146478
v 0.721075 2.621499 0.740657
v 0.635185 2.776209 0.636158
v 0.802125 2.449325 0.835668
v 0.890742 2.267114 0.929634
v 0.958796 2.078893 1.027944
v 1.085424 1.850126 1.182473
v 0.437732 2.963917 0.395561
v 0.538291 2.893009 0.518092
v 0.421955 2.934781 0.493682
v 0.483185 2.839963 0.641504
v 0.538291 2.702310 0.774541
v 0.589961 2.550467 0.899960
v 0.639882 2.387193 1.018217
v 0.683303 2.194385 1.123387
v 0.727047 1.976516 1.234273
v 0.844424 1.837753 1.226370
v 0.791990 2.087186 1.132180
v 0.408463 2.963917 0.415117
v 0.483185 2.893009 0.554912
v 0.555184 2.776209 0.689612
v 0.619131 2.622750 0.809609
v 0.679983 2.463150 0.924894
v 0.745355 2.306653 1.043692
v 0.373847 2.934781 0.508275
v 0.405062 2.839963 0.665203
v 0.433154 2.702310 0.806434
v 0.459551 2.550014 0.939182
v 0.481608 2.363113 1.047503
v 0.505479 2.185619 1.174497
v 0.539993 2.025469 1.360325
v 0.545098 2.471308 0.984484
v 0.506183 2.625089 0.857799
v 0.577645 2.275681 1.088413
v 0.614412 2.096867 1.220019
v 0.654367 1.871886 1.376129
v 0.375942 2.963917 0.428588
v 0.421955 2.893009 0.580274
v 0.466292 2.776209 0.726433
v 0.323816 2.934781 0.513203
v 0.323816 2.839963 0.673205
v 0.323816 2.702310 0.817202
v 0.323616 2.555078 0.955412
v 0.322833 2.370855 1.067955
v 0.321806 2.222612 1.229464
v 0.325257 2.058992 1.415349
v 0.341417 2.963917 0.435456
v 0.446793 1.918181 1.486429
v 0.356954 2.893009 0.593204
v 0.371924 2.776209 0.745204
v 0.385341 2.625166 0.881880
v 0.397869 2.468372 1.011465
v 0.407571 2.262218 1.113912
v 0.423966 2.140971 1.307251
v 0.273785 2.934781 0.508275
v 0.242571 2.839963 0.665203
v 0.214478 2.702310 0.806434
v 0.186224 2.563912 0.946797
v 0.159049 2.410357 1.079761
v 0.128907 2.257687 1.237987
v 0.116549 2.011654 1.316225
v 0.247781 2.484541 1.021428
v 0.262091 2.626975 0.882883
v 0.233934 2.302061 1.144719
v 0.218193 2.174073 1.334768
v 0.217975 1.866820 1.400284
v 0.306215 2.963917 0.435456
v 0.290679 2.893009 0.593204
v 0.275708 2.776209 0.745203
v 0.285182 2.981085 0.350024
v 0.225677 2.934781 0.493682
v 0.164447 2.839963 0.641504
v 0.109342 2.702310 0.774541
v 0.052070 2.575139 0.912677
v -0.001517 2.426739 1.041478
v -0.041419 2.220554 1.145622
v -0.075780 1.990962 1.227197
v 0.008833 1.835817 1.293766
v 0.225677 2.893009 0.580274
v 0.271691 2.963917 0.428588
v 0.181340 2.776209 0.726433
v 0.140590 2.629943 0.860395
v 0.096180 2.507188 1.005004
v 0.059933 2.329166 1.128698
v 0.023739 2.144495 1.257210
v 0.181340 2.934781 0.469983
v 0.092448 2.839963 0.603020
v 0.012447 2.702310 0.722750
v -0.067221 2.565469 0.842792
v -0.147825 2.424677 0.963678
v -0.181151 2.173194 1.014265
v -0.262226 1.966668 1.162735
v -0.101643 2.323804 1.053162
v -0.045773 2.511334 0.948994
v -0.129286 2.067248 1.118214
v -0.216117 1.873782 1.286216
v 0.239169 2.963917 0.415117
v 0.164447 2.893009 0.554912
v 0.092448 2.776209 0.689612
v 0.026398 2.630387 0.813362
v 0.142479 2.934781 0.438091
v 0.029341 2.839963 0.551229
v -0.072481 2.702310 0.653051
v -0.166452 2.546544 0.747737
v -0.265635 2.398387 0.845978
v -0.330560 2.184472 0.909144
v -0.413278 1.960007 1.001299
v 0.109342 2.893009 0.518091
v 0.209900 2.963917 0.395561
v 0.012447 2.776209 0.636157
v -0.074975 2.626311 0.742906
v -0.163996 2.485918 0.852820
v -0.241387 2.309752 0.946832
v -0.279477 2.041809 0.993407
v -0.426729 1.879328 1.201056
v 0.110586 2.934781 0.399229
v -0.022450 2.839963 0.488121
v -0.142180 2.702310 0.568122
v -0.249179 2.537772 0.639102
v -0.386460 2.423184 0.730820
v -0.463498 2.215758 0.783182
v -0.501328 1.925321 0.809873
v -0.384277 2.335964 0.833993
v -0.262149 2.462938 0.737816
v -0.418841 2.059348 0.867341
v -0.553301 1.837073 0.982107
v 0.185009 2.963917 0.370670
v 0.062478 2.893009 0.471228
v -0.055588 2.776209 0.568122
v -0.160180 2.621728 0.654103
v 0.086888 2.934781 0.354892
v -0.060935 2.839963 0.416122
v -0.193971 2.702310 0.471228
v -0.329755 2.570134 0.526884
v -0.455956 2.418598 0.580472
v -0.522268 2.176036 0.608413
v -0.596587 1.925925 0.636713
v -0.109043 2.776209 0.488121
v 0.025658 2.893009 0.416122
v -0.230531 2.625604 0.552688
v -0.357066 2.486252 0.619073
v -0.481257 2.338634 0.690376
v -0.510223 2.046208 0.703305
v -0.637918 1.808885 0.771271
v 0.165452 2.963917 0.341401
v 0.072294 2.934781 0.306784
v -0.084633 2.839963 0.337999
v -0.225864 2.702310 0.366092
v -0.370025 2.570695 0.394817
v -0.496524 2.408256 0.419754
v -0.570625 2.168857 0.434578
v -0.682404 1.938791 0.456222
v 0.475048 1.542762 1.612796
v -0.978012 1.512236 0.394031
v -0.278409 1.518932 1.400781
v -0.986588 1.571728 0.965446
v -0.584208 2.044767 0.531247
v -0.518726 2.294664 0.512775
v -0.739587 1.827046 0.576869
v 0.151981 2.963917 0.308879
v 0.000296 2.893009 0.354892
v -0.145863 2.776209 0.399229
v -0.280152 2.630520 0.440022
v -0.424109 2.507512 0.484054
v 0.067367 2.934781 0.256754
v -0.092635 2.839963 0.256754
v -0.236633 2.702310 0.256753
v -0.381907 2.567533 0.257286
v -0.526903 2.426476 0.255858
v -0.609398 2.195602 0.252818
v -0.699324 1.898555 0.256576
v -0.893330 1.468558 -0.276370
v 0.991689 1.551795 -0.973721
v -1.073708 1.537464 0.100313
v 1.550143 1.498917 0.365015
v -0.571903 1.549484 1.327779
v 1.381471 1.535745 1.151891
v -0.132041 1.608551 -1.249423
v 0.168718 1.612967 -1.336150
v -0.304058 2.630072 0.318564
v -0.164634 2.776209 0.304862
v 1.579972 1.506599 0.141410
v -0.453774 2.506325 0.332973
v 1.374276 1.480576 0.817180
v -0.558448 2.302575 0.342647
v -0.366917 1.522260 -1.029109
v -0.621301 2.036928 0.350640
v 1.373964 1.486461 -0.300243
v -0.788600 1.789155 0.367952
v 0.145114 2.963917 0.274354
v -0.012634 2.893009 0.289891
v 0.072294 2.934781 0.206723
v -0.084633 2.839963 0.175508
v -0.225864 2.702310 0.147415
v -0.351406 2.536867 0.122941
v -0.525874 2.439583 0.087413
v -0.691308 2.306098 0.054502
v -0.700226 1.974778 0.051052
v 0.690998 1.529709 1.538052
v -0.068910 1.533912 1.554142
v -0.882194 1.595101 1.245936
v -1.093825 1.533438 -0.130605
v -0.544391 1.526049 -0.770999
v 0.972728 1.670685 1.213577
v -0.900338 1.701757 -0.205234
v 1.473251 1.490991 -0.094620
v -1.023628 1.548970 0.666185
v -0.747953 1.759888 0.153640
v -0.692397 2.113945 0.148725
v 0.145114 2.963917 0.239153
v -0.740022 1.540537 -0.513438
v -0.012634 2.893009 0.223616
v 1.256234 1.579038 -0.882324
v -0.164634 2.776209 0.208645
v 0.864066 1.469854 1.263304
v -0.301379 2.625245 0.195476
v 0.190242 1.510761 1.524587
v -0.444883 2.487061 0.182302
v 0.443414 1.558804 -1.157110
v -0.611467 2.368443 0.160314
v 0.086888 2.934781 0.158615
v -0.060934 2.839963 0.097385
v -0.193971 2.702310 0.042279
v -0.312327 2.537208 -0.006868
v -0.471858 2.432340 -0.071926
v -0.557532 2.224774 -0.106197
v -0.690190 1.994470 -0.166307
v 1.272978 1.672617 -0.382750
v -0.362737 1.638311 -0.752703
v 1.453858 1.416047 1.384919
v 1.447916 1.671679 0.033890
v 0.039780 1.790888 -1.166658
v 1.198169 1.408154 -1.047577
v 0.834536 1.342330 1.508481
v -0.274928 2.620825 0.075072
v -0.145863 2.776209 0.114278
v 1.430237 1.476422 0.595584
v 0.695103 1.512048 -0.951919
v -0.404819 2.466021 0.035528
v 0.797990 1.701757 -0.878676
v -0.595540 2.394511 -0.019670
v -0.135852 1.695107 1.371077
v -0.658084 2.121253 -0.033034
v -0.832409 1.425767 1.402610
v -0.782884 1.852149 -0.084935
v 0.151981 2.963917 0.204628
v 1.320372 1.522602 -0.580448
v 0.000296 2.893009 0.158615
v 1.211952 1.537712 1.307234
v 0.110586 2.934781 0.114278
v -0.022450 2.839963 0.025386
v -0.142180 2.702310 -0.054615
v -0.251314 2.543424 -0.128177
v -0.373650 2.403937 -0.208283
v -0.495175 2.247624 -0.292802
v -0.630278 2.046009 -0.382558
v -0.710039 1.399393 -0.749008
v 0.594126 1.361764 -1.133434
v 0.029419 1.384256 1.718317
v 1.768986 1.370135 0.254923
v -1.122590 1.407498 0.859529
v 1.492807 1.360106 1.046595
v 0.327118 1.357397 1.658006
v -0.782994 1.911972 -0.313405
v -0.561830 2.097409 -0.223575
v 0.165452 2.963917 0.172106
v 1.619148 1.332532 0.511081
v 1.370929 1.664440 0.686831
v 0.025658 2.893009 0.097385
v -0.775057 1.708999 0.994797
v -0.109043 2.776209 0.025386
v -0.897505 1.688334 0.502151
v -0.228510 2.621850 -0.038477
v 0.316569 1.437124 -1.409358
v -0.346706 2.465764 -0.101285
v -0.898883 1.335847 -0.465052
v -0.493751 2.352031 -0.179174
v 1.402272 1.396397 -0.830757
v 0.142479 2.934781 0.075416
v 0.029341 2.839963 -0.037722
v -0.072481 2.702310 -0.139544
v -0.175059 2.567093 -0.242107
v -0.264354 2.401414 -0.331609
v -0.379740 2.247258 -0.444084
v -0.480506 2.043443 -0.539998
v -0.359597 1.712990 1.301460
v 0.328843 1.705889 1.467953
v -0.855654 1.625278 0.255694
v 1.235576 1.625388 0.875898
v -0.208865 1.760096 -1.041590
v -0.836469 1.690526 0.739117
v 1.420565 1.698773 -0.196831
v -0.298205 1.419850 -1.252642
v 1.587873 1.346863 -0.266481
v -0.270220 2.485485 -0.232368
v -0.162238 2.626676 -0.142481
v -1.118881 1.369974 0.252080
v -0.376072 2.317907 -0.316032
v -0.473657 1.365968 1.443194
v -0.519040 2.180838 -0.437832
v 1.538456 1.694575 0.256208
v -0.617969 1.905189 -0.496412
v 0.185009 2.963917 0.142838
v -1.285081 1.423062 -0.059902
v 0.062478 2.893009 0.042279
v 0.581871 1.743671 1.567328
v -0.055588 2.776209 -0.054615
v 0.181341 2.934781 0.043524
v 0.092448 2.839963 -0.089513
v 0.012448 2.702310 -0.209243
v -0.061914 2.547368 -0.320468
v -0.141181 2.402284 -0.438482
v -0.189873 2.180839 -0.505801
v -0.223228 1.916590 -0.558520
v 0.661924 1.186704 1.954218
v 0.089944 1.674753 1.430124
v -0.939308 1.675509 0.006032
v 0.565539 1.735922 -0.982875
v -0.567977 1.732021 -0.601974
v 1.454505 1.679990 0.473133
v 1.277729 1.765968 -0.707728
v 0.209900 2.963917 0.117947
v 0.746958 1.661028 1.296317
v -0.771067 1.698689 -0.376672
v -0.385313 1.828017 -0.588615
v 0.109342 2.893009 -0.004584
v 1.090351 1.766128 -0.881921
v 0.012448 2.776209 -0.122650
v 0.318610 1.748429 -1.128366
v -0.075389 2.626582 -0.229257
v -0.017925 1.194366 -1.466474
v -0.165546 2.485919 -0.337644
v -1.363595 1.183706 0.592881
v -0.245550 2.313439 -0.438017
v 1.978559 1.173202 -0.072270
v -0.326474 2.108743 -0.519810
v 0.225677 2.934781 0.019825
v 0.164447 2.839963 -0.127997
v 0.109342 2.702310 -0.261034
v 0.053705 2.570176 -0.396825
v 0.009634 2.387759 -0.501774
v -0.011591 2.128661 -0.552620
v -0.081392 1.969525 -0.733848
v -1.134035 1.193773 1.231329
v 1.275045 1.706394 1.219502
v 0.491506 1.136488 -1.464413
v -0.175608 1.138637 -1.385014
v -0.767393 1.132343 -1.075998
v -1.155703 1.131973 -0.534865
v -1.374311 1.136693 0.084403
v -0.036973 2.481659 -0.420190
v 0.027640 2.626260 -0.297883
v 1.879463 1.172250 0.900827
v -0.605607 1.170256 -1.138972
v -0.089950 2.283550 -0.510449
v 1.724830 1.172768 -0.680848
v -0.109747 2.016917 -0.556638
v -0.630443 1.733567 1.211575
v -0.205252 1.835120 -0.754239
v 0.239169 2.963917 0.098390
v -0.330652 1.181358 1.839462
v 0.164447 2.893009 -0.041405
v -1.225971 1.170386 -0.383423
v 0.092448 2.776209 -0.176105
v 0.979360 1.179838 -1.321727
v 0.273785 2.934781 0.005232
v 0.242571 2.839963 -0.151695
v 0.214478 2.702310 -0.292926
v 0.185028 2.573489 -0.438605
v 0.160956 2.412716 -0.566580
v 0.148694 2.175636 -0.644678
v 0.105810 2.011316 -0.842860
v -1.177816 1.137881 1.061952
v -1.009007 1.138817 1.349541
v -0.466109 1.134754 1.740913
v 0.159801 1.134569 1.911283
v 0.824986 1.135357 1.902273
v 1.395017 1.135912 1.560033
v 1.827724 1.133526 1.058314
v 1.263526 1.173472 1.657907
v -0.048006 1.935593 -0.976938
v 0.225677 2.893009 -0.066767
v 0.271691 2.963917 0.084919
v 0.158414 1.139180 -1.459172
v 0.181341 2.776209 -0.212925
v -0.493294 1.135182 -1.274277
v 0.140493 2.631367 -0.347697
v -0.983847 1.132509 -0.819908
v 0.097433 2.508538 -0.491254
v -1.318452 1.135714 -0.238674
v 0.076249 2.268150 -0.566505
v -1.331164 1.135102 0.419109
v 0.049007 2.040018 -0.656298
v -1.274451 1.136611 0.741832
v 0.323816 2.934781 0.000304
v 0.323816 2.839963 -0.159697
v 0.323816 2.702310 -0.303695
v 0.323191 2.544430 -0.435878
v 0.323269 2.414020 -0.589034
v 0.325184 2.271522 -0.751736
v 0.325632 2.035458 -0.868105
v 1.982073 1.134373 0.093768
v 1.945799 1.133404 -0.239892
v 1.835532 1.133232 -0.549057
v 1.644101 1.134799 -0.829493
v 1.411347 1.137098 -1.065663
v 1.124691 1.136268 -1.242076
v 0.818944 1.134230 -1.374363
v 1.632140 1.136268 1.329110
v 1.127452 1.132663 1.763415
v 0.237491 2.332912 -0.652006
v 0.246717 2.492558 -0.513649
v 1.972716 1.132735 0.755325
v 0.228297 2.124712 -0.772941
v 2.018356 1.133806 0.425544
v 0.195222 1.909910 -0.982561
v 0.306215 2.963917 0.078052
v -0.747599 1.136184 1.557380
v 0.290679 2.893009 -0.079697
v -0.169020 1.135928 1.877576
v 0.275708 2.776209 -0.231696
v 0.491975 1.135677 1.925867
v 0.261872 2.627169 -0.369465
v 0.323816 2.981085 0.155799
v 0.343511 2.981085 0.157739
v 0.411277 2.336888 -0.657713
v 0.397241 2.459094 -0.495175
v 0.427675 2.165658 -0.814866
v 0.451128 1.918115 -0.976115
v 0.341417 2.963917 0.078051
v 0.356954 2.893009 -0.079697
v 0.371924 2.776209 -0.231696
v 0.385135 2.621503 -0.366320
v 0.362450 2.981085 0.163484
v 0.379904 2.981085 0.172813
v 0.395202 2.981085 0.185368
v 0.407757 2.981085 0.200666
v 0.417086 2.981085 0.218120
v 0.422831 2.981085 0.237058
v 0.424771 2.981085 0.256754
v 0.422831 2.981085 0.276449
v 0.417086 2.981085 0.295387
v 0.407757 2.981085 0.312841
v 0.395202 2.981085 0.328140
v 0.379904 2.981085 0.340695
v 0.362450 2.981085 0.350024
v 0.343511 2.981085 0.355769
v 0.323816 2.981085 0.357708
v 0.304121 2.981085 0.355769
v 0.267729 2.981085 0.340695
v 0.252430 2.981085 0.328139
v 0.239875 2.981085 0.312841
v 0.230546 2.981085 0.295387
v 0.224801 2.981085 0.276449
v 0.222861 2.981085 0.256754
v 0.224801 2.981085 0.237058
v 0.230546 2.981085 0.218120
v 0.239875 2.981085 0.200666
v 0.252430 2.981085 0.185368
v 0.267729 2.981085 0.172813
v 0.285182 2.981085 0.163484
v 0.304121 2.981085 0.157739
v 0.460384 1.120300 -1.216571
v -0.077984 1.120300 -1.025547
v -0.611224 1.120300 -0.897698
v -0.748304 1.120300 -0.315994
v -0.971434 1.120300 0.108624
v -0.809637 1.120300 0.880782
v -0.755072 1.120300 1.138295
v -0.233010 1.120300 1.324779
v 0.208965 1.120300 1.359083
v 0.743564 1.120300 1.597648
v 1.097380 1.120300 1.208720
v 1.541826 1.120300 0.900743
v 0.205841 1.120300 -1.129603
v -0.398404 1.120300 -1.086267
v -0.674847 1.120300 -0.576495
v -0.986646 1.120300 -0.127520
v -0.745192 1.120300 0.358413
v -0.729930 1.120300 0.585962
v 1.440756 1.120300 0.148292
v 1.581626 1.120300 -0.148110
v 1.571747 1.120300 -0.395657
v 1.377421 1.120300 -0.620507
v 1.190049 1.120300 -0.780564
v 0.923435 1.120300 -0.874063
v 0.715022 1.120300 -1.042052
v 1.288485 1.120300 1.036503
v 0.979367 1.120300 1.504904
v 1.768804 1.120300 0.686328
v 1.679275 1.120300 0.411192
v -0.462581 1.120300 1.193028
v -0.046527 1.120300 1.453476
v 0.450682 1.120300 1.412989
v 0.629104 1.120300 -1.292954
v 0.327245 1.120300 -1.381383
v 0.032103 1.120300 -1.219691
v -0.300472 1.120300 -1.236859
v -0.609304 1.120300 -1.142665
v -0.802715 1.120300 -0.879193
v -0.912830 1.120300 -0.573997
v -1.074403 1.120300 -0.318057
v -1.260863 1.120300 -0.061638
v -1.104606 1.120300 0.248465
v -0.999164 1.120300 0.810549
v -0.981086 1.120300 1.132277
v -0.765099 1.120300 1.337331
v -0.458850 1.120300 1.428638
v -0.255501 1.120300 1.660726
v 0.038733 1.120300 1.665281
v 0.326647 1.120300 1.632301
v 0.629619 1.120300 1.746436
v 0.953553 1.120300 1.776750
v 1.158234 1.120300 1.514949
v 1.354078 1.120300 1.284727
v 1.590462 1.120300 1.096891
v 1.811829 1.120300 0.867677
v -1.024530 1.120300 0.524845
v 1.774121 1.120300 0.263604
v 1.715991 1.120300 -0.027397
v 1.827565 1.120300 -0.370245
v 1.612741 1.120300 -0.602757
v 1.448452 1.120300 -0.866549
v 1.158919 1.120300 -0.989295
v 0.909672 1.120300 -1.162949
v 1.935690 1.120300 0.581188
v 0.440020 1.120300 -0.984420
v -0.007912 1.120300 -0.827572
v -0.310674 1.120300 -0.530828
v -0.451667 1.120300 -0.160376
v -0.617005 1.120300 0.162715
v -0.650872 1.120300 0.799033
v -0.550085 1.120300 0.980509
v -0.156220 1.120300 1.129375
v 0.216242 1.120300 1.322413
v 0.593153 1.120300 1.149391
v 1.006028 1.120300 1.116156
v 1.317580 1.120300 0.796794
v 0.216866 1.120300 -0.944410
v -0.205812 1.120300 -0.743850
v -0.378895 1.120300 -0.323331
v -0.547024 1.120300 -0.003970
v -0.588323 1.120300 0.344929
v -0.639042 1.120300 0.585776
v 1.374300 1.120300 0.146938
v 1.354035 1.120300 -0.052374
v 1.207161 1.120300 -0.211577
v 1.151170 1.120300 -0.437456
v 1.050527 1.120300 -0.619459
v 0.822449 1.120300 -0.670143
v 0.637133 1.120300 -0.800796
v 1.156008 1.120300 0.918481
v 0.859097 1.120300 1.216784
v 1.450184 1.120300 0.584049
v 1.468079 1.120300 0.383755
v -0.410754 1.120300 1.146622
v 0.048455 1.120300 1.205155
v 0.418103 1.120300 1.249117
v 0.566942 1.120300 -0.999666
v 0.327854 1.120300 -1.137376
v 0.095187 1.120300 -0.914637
v -0.175786 1.120300 -0.938029
v -0.402095 1.120300 -0.839136
v -0.482142 1.120300 -0.561644
v -0.536094 1.120300 -0.322578
v -0.639227 1.120300 -0.138036
v -0.816555 1.120300 0.028272
v -0.680420 1.120300 0.248788
v -0.698140 1.120300 0.712583
v -0.703602 1.120300 0.951297
v -0.555475 1.120300 1.129912
v -0.292085 1.120300 1.170767
v -0.090461 1.120300 1.259690
v 0.109114 1.120300 1.329421
v 0.324261 1.120300 1.289442
v 0.544402 1.120300 1.337343
v 0.788853 1.120300 1.364939
v 1.012189 1.120300 1.294463
v 1.077824 1.120300 1.010166
v 1.352641 1.120300 0.935893
v 1.500019 1.120300 0.737618
v -0.610293 1.120300 0.449322
v 1.411223 1.120300 0.265546
v 1.403232 1.120300 0.034813
v 1.469449 1.120300 -0.218381
v 1.274422 1.120300 -0.380069
v 1.228986 1.120300 -0.650175
v 0.974747 1.120300 -0.709685
v 0.770813 1.120300 -0.830033
v 1.684513 1.120300 0.531871
v 0.418118 1.120300 -0.676646
v 0.054887 1.120300 -0.617079
v -0.207300 1.120300 -0.385552
v -0.308039 1.120300 -0.078714
v -0.477117 1.120300 0.177772
v -0.404103 1.120300 0.640823
v -0.320405 1.120300 0.797679
v -0.020585 1.120300 0.891241
v 0.233190 1.120300 1.092665
v 0.557515 1.120300 1.012432
v 0.839218 1.120300 0.888470
v 1.009505 1.120300 0.628324
v 0.239399 1.120300 -0.633462
v -0.081169 1.120300 -0.520360
v -0.272608 1.120300 -0.246008
v -0.414988 1.120300 0.034424
v -0.487966 1.120300 0.344282
v -0.497290 1.120300 0.521255
v 1.187291 1.120300 0.179381
v 1.086755 1.120300 0.023221
v 1.050476 1.120300 -0.133341
v 0.976219 1.120300 -0.279927
v 0.857473 1.120300 -0.391341
v 0.695590 1.120300 -0.428668
v 0.558980 1.120300 -0.554885
v 0.950896 1.120300 0.766755
v 0.720358 1.120300 0.994325
v 1.053335 1.120300 0.473422
v 1.194507 1.120300 0.334094
v -0.224924 1.120300 0.912454
v 0.103701 1.120300 1.027493
v 0.398617 1.120300 1.006606
v 0.525561 1.120300 -0.785853
v 0.326598 1.120300 -0.840371
v 0.126561 1.120300 -0.744675
v -0.071483 1.120300 -0.705623
v -0.184544 1.120300 -0.514206
v -0.287358 1.120300 -0.360351
v -0.332002 1.120300 -0.184973
v -0.416079 1.120300 -0.048823
v -0.504399 1.120300 0.093129
v -0.546105 1.120300 0.257565
v -0.594577 1.120300 0.663170
v -0.451907 1.120300 0.780162
v -0.412229 1.120300 0.995271
v -0.212858 1.120300 1.045545
v 0.015697 1.120300 1.005552
v 0.136700 1.120300 1.221211
v 0.319630 1.120300 1.177742
v 0.486767 1.120300 1.083979
v 0.658089 1.120300 1.045175
v 0.894778 1.120300 1.108761
v 0.956233 1.120300 0.889723
v 1.146204 1.120300 0.804621
v 1.155458 1.120300 0.600327
v -0.538985 1.120300 0.443592
v 1.323420 1.120300 0.257377
v 1.273085 1.120300 0.070109
v 1.155207 1.120300 -0.085966
v 1.078964 1.120300 -0.252178
v 1.030424 1.120300 -0.452086
v 0.857729 1.120300 -0.535220
v 0.668352 1.120300 -0.582339
v 1.310518 1.120300 0.448620
v 0.383190 1.120300 -0.383130
v 0.139943 1.120300 -0.354096
v -0.130669 1.120300 -0.301899
v -0.187939 1.120300 -0.021483
v -0.328931 1.120300 0.197586
v -0.264172 1.120300 0.568443
v -0.166936 1.120300 0.657786
v 0.035439 1.120300 0.788511
v 0.252490 1.120300 0.913472
v 0.537502 1.120300 0.952108
v 0.731547 1.120300 0.752899
v 0.928868 1.120300 0.579923
v 0.261456 1.120300 -0.404654
v -0.004028 1.120300 -0.347103
v -0.180651 1.120300 -0.163829
v -0.224746 1.120300 0.091778
v -0.400410 1.120300 0.329981
v -0.359295 1.120300 0.461913
v 0.902489 1.120300 0.200892
v 0.952249 1.120300 0.055652
v 0.933399 1.120300 -0.061808
v 0.797802 1.120300 -0.131612
v 0.725327 1.120300 -0.237124
v 0.624546 1.120300 -0.297935
v 0.497452 1.120300 -0.315069
v 0.840340 1.120300 0.675798
v 0.648761 1.120300 0.873025
v 1.004619 1.120300 0.459087
v 0.990704 1.120300 0.328695
v -0.076927 1.120300 0.746856
v 0.143581 1.120300 0.880781
v 0.394021 1.120300 0.901335
v 0.468638 1.120300 -0.484969
v 0.324816 1.120300 -0.520592
v 0.175889 1.120300 -0.490075
v 0.025372 1.120300 -0.465459
v -0.104212 1.120300 -0.384689
v -0.226460 1.120300 -0.299017
v -0.225841 1.120300 -0.116315
v -0.282106 1.120300 0.006288
v -0.365147 1.120300 0.121762
v -0.437891 1.120300 0.259601
v -0.390400 1.120300 0.550644
v -0.265625 1.120300 0.649841
v -0.204077 1.120300 0.784409
v -0.059209 1.120300 0.823273
v 0.080372 1.120300 0.855107
v 0.172152 1.120300 1.026785
v 0.321963 1.120300 0.939473
v 0.471416 1.120300 0.974656
v 0.626381 1.120300 0.985908
v 0.728018 1.120300 0.864171
v 0.833738 1.120300 0.764400
v 0.934926 1.120300 0.664642
v 0.975368 1.120300 0.525579
v -0.449046 1.120300 0.418131
v 1.086231 1.120300 0.258438
v 0.993200 1.120300 0.122900
v 1.028331 1.120300 -0.037701
v 0.936772 1.120300 -0.151021
v 0.833462 1.120300 -0.253163
v 0.727311 1.120300 -0.344129
v 0.582988 1.120300 -0.370146
v 1.055029 1.120300 0.399046
v 0.373640 1.120300 -0.255969
v 0.181960 1.120300 -0.197984
v 0.013702 1.120300 -0.130084
v -0.082415 1.120300 0.034457
v -0.177497 1.120300 0.209412
v -0.100468 1.120300 0.477497
v -0.042380 1.120300 0.563459
v 0.073535 1.120300 0.724212
v 0.276761 1.120300 0.742439
v 0.463499 1.120300 0.723680
v 0.628073 1.120300 0.631191
v 0.777396 1.120300 0.498344
v 0.282379 1.120300 -0.220316
v 0.072329 1.120300 -0.213469
v -0.043383 1.120300 -0.042541
v -0.107927 1.120300 0.127366
v -0.191222 1.120300 0.305358
v -0.169483 1.120300 0.407216
v 0.783360 1.120300 0.210092
v 0.807352 1.120300 0.105713
v 0.774254 1.120300 0.019477
v 0.676715 1.120300 -0.030599
v 0.624134 1.120300 -0.115766
v 0.555349 1.120300 -0.168139
v 0.459311 1.120300 -0.198035
v 0.699407 1.120300 0.559478
v 0.557087 1.120300 0.685397
v 0.815041 1.120300 0.404736
v 0.805546 1.120300 0.306360
v -0.013314 1.120300 0.668266
v 0.175790 1.120300 0.739599
v 0.374976 1.120300 0.756572
v 0.427724 1.120300 -0.274251
v 0.324527 1.120300 -0.332882
v 0.219357 1.120300 -0.277715
v 0.102640 1.120300 -0.271410
v -0.027893 1.120300 -0.271276
v -0.082443 1.120300 -0.153939
v -0.137893 1.120300 -0.055414
v -0.135203 1.120300 0.064554
v -0.201228 1.120300 0.155209
v -0.294438 1.120300 0.258529
v -0.234185 1.120300 0.485100
v -0.136762 1.120300 0.562883
v -0.075068 1.120300 0.657545
v -0.003730 1.120300 0.746627
v 0.108465 1.120300 0.778094
v 0.208220 1.120300 0.839329
v 0.324762 1.120300 0.817209
v 0.445094 1.120300 0.854619
v 0.555131 1.120300 0.815376
v 0.646102 1.120300 0.740223
v 0.717297 1.120300 0.647983
v 0.824834 1.120300 0.588357
v 0.891160 1.120300 0.489916
v -0.291739 1.120300 0.378028
v 0.845715 1.120300 0.259136
v 0.844091 1.120300 0.148650
v 0.906111 1.120300 0.014380
v 0.785375 1.120300 -0.047456
v 0.694638 1.120300 -0.116021
v 0.643531 1.120300 -0.221852
v 0.528639 1.120300 -0.232973
v 0.931791 1.120300 0.379478
v 0.360223 1.120300 -0.081955
v 0.229490 1.120300 -0.050428
v 0.109905 1.120300 -0.006610
v 0.048142 1.120300 0.107974
v -0.022420 1.120300 0.221711
v 0.047605 1.120300 0.402830
v 0.069971 1.120300 0.468529
v 0.160720 1.120300 0.563007
v 0.294342 1.120300 0.569057
v 0.423157 1.120300 0.585419
v 0.535968 1.120300 0.516032
v 0.627323 1.120300 0.420247
v 0.294935 1.120300 -0.050636
v 0.162216 1.120300 -0.046852
v 0.074444 1.120300 0.049890
v 0.007923 1.120300 0.162040
v -0.008497 1.120300 0.287559
v 0.015566 1.120300 0.349831
v 0.661905 1.120300 0.224918
v 0.631629 1.120300 0.162452
v 0.609586 1.120300 0.103806
v 0.575194 1.120300 0.049858
v 0.543454 1.120300 -0.013912
v 0.492592 1.120300 -0.055753
v 0.425773 1.120300 -0.082005
v 0.590987 1.120300 0.471876
v 0.485958 1.120300 0.556276
v 0.653430 1.120300 0.353786
v 0.684346 1.120300 0.291586
v 0.100238 1.120300 0.528045
v 0.226853 1.120300 0.570379
v 0.359338 1.120300 0.592957
v 0.408075 1.120300 -0.167492
v 0.326543 1.120300 -0.156815
v 0.251191 1.120300 -0.109931
v 0.159124 1.120300 -0.137804
v 0.085976 1.120300 -0.103429
v 0.049174 1.120300 -0.020413
v -0.006379 1.120300 0.034637
v -0.025925 1.120300 0.111170
v -0.081052 1.120300 0.177037
v -0.104779 1.120300 0.255643
v -0.057732 1.120300 0.413066
v 0.013505 1.120300 0.464562
v 0.016398 1.120300 0.567149
v 0.077884 1.120300 0.624839
v 0.155515 1.120300 0.660293
v 0.246298 1.120300 0.644194
v 0.325563 1.120300 0.664076
v 0.406158 1.120300 0.669963
v 0.475554 1.120300 0.620561
v 0.558358 1.120300 0.606178
v 0.602801 1.120300 0.534251
v 0.680109 1.120300 0.492678
v 0.710619 1.120300 0.416161
v -0.076214 1.120300 0.335445
v 0.734966 1.120300 0.256864
v 0.717717 1.120300 0.177407
v 0.710650 1.120300 0.096056
v 0.655371 1.120300 0.036290
v 0.598539 1.120300 -0.019731
v 0.562853 1.120300 -0.101366
v 0.479419 1.120300 -0.117846
v 0.741749 1.120300 0.339103
v 0.346188 1.120300 0.042149
v 0.264426 1.120300 0.055685
v 0.191649 1.120300 0.094423
v 0.139814 1.120300 0.156459
v 0.121204 1.120300 0.236371
v 0.139165 1.120300 0.355723
v 0.156004 1.120300 0.394492
v 0.222376 1.120300 0.446602
v 0.304608 1.120300 0.459473
v 0.384386 1.120300 0.453485
v 0.452922 1.120300 0.413535
v 0.508417 1.120300 0.355757
v 0.303266 1.120300 0.044795
v 0.227661 1.120300 0.075507
v 0.158745 1.120300 0.120454
v 0.131898 1.120300 0.197525
v 0.116528 1.120300 0.276599
v 0.126076 1.120300 0.315920
v 0.538125 1.120300 0.236067
v 0.518609 1.120300 0.197199
v 0.508413 1.120300 0.156939
v 0.487141 1.120300 0.123244
v 0.459136 1.120300 0.090501
v 0.425522 1.120300 0.069034
v 0.385136 1.120300 0.052777
v 0.487109 1.120300 0.387907
v 0.422690 1.120300 0.439473
v 0.518652 1.120300 0.314294
v 0.540745 1.120300 0.276494
v 0.185478 1.120300 0.425246
v 0.263416 1.120300 0.455282
v 0.344668 1.120300 0.461234
v 0.380370 1.120300 -0.022669
v 0.325247 1.120300 -0.002889
v 0.273657 1.120300 0.001921
v 0.223017 1.120300 0.011877
v 0.173967 1.120300 0.031178
v 0.132720 1.120300 0.063952
v 0.106549 1.120300 0.109887
v 0.085788 1.120300 0.157474
v 0.058299 1.120300 0.203510
v 0.053132 1.120300 0.255732
v 0.086669 1.120300 0.354477
v 0.106143 1.120300 0.402765
v 0.125880 1.120300 0.455109
v 0.170617 1.120300 0.485871
v 0.219353 1.120300 0.508220
v 0.274295 1.120300 0.506013
v 0.325130 1.120300 0.516310
v 0.378329 1.120300 0.525396
v 0.428469 1.120300 0.507257
v 0.475798 1.120300 0.483066
v 0.511538 1.120300 0.442521
v 0.559991 1.120300 0.413506
v 0.566821 1.120300 0.356611
v 0.066852 1.120300 0.306853
v 0.613840 1.120300 0.256714
v 0.580722 1.120300 0.206041
v 0.561861 1.120300 0.157433
v 0.544457 1.120300 0.108692
v 0.514956 1.120300 0.064591
v 0.483900 1.120300 0.017165
v 0.430610 1.120300 -0.000132
v 0.601453 1.120300 0.310075
v 0.333162 1.120300 0.169313
v 0.299341 1.120300 0.172921
v 0.270094 1.120300 0.189466
v 0.247406 1.120300 0.214784
v 0.241406 1.120300 0.247920
v 0.246616 1.120300 0.297651
v 0.257039 1.120300 0.311076
v 0.282545 1.120300 0.334260
v 0.316284 1.120300 0.339122
v 0.349538 1.120300 0.338768
v 0.377188 1.120300 0.320267
v 0.400212 1.120300 0.296764
v 0.315894 1.120300 0.169938
v 0.283473 1.120300 0.179436
v 0.258029 1.120300 0.201651
v 0.243424 1.120300 0.231122
v 0.239625 1.120300 0.264381
v 0.241485 1.120300 0.281244
v 0.411750 1.120300 0.247601
v 0.405786 1.120300 0.231351
v 0.400401 1.120300 0.215198
v 0.390680 1.120300 0.201938
v 0.378773 1.120300 0.189349
v 0.365783 1.120300 0.178978
v 0.349680 1.120300 0.172376
v 0.390965 1.120300 0.310171
v 0.364317 1.120300 0.330807
v 0.405324 1.120300 0.280383
v 0.411845 1.120300 0.264364
v 0.269202 1.120300 0.323639
v 0.299338 1.120300 0.338011
v 0.332984 1.120300 0.340823
v 0.354811 1.120300 0.102620
v 0.324442 1.120300 0.101138
v 0.293930 1.120300 0.101822
v 0.267284 1.120300 0.117487
v 0.240448 1.120300 0.130419
v 0.216676 1.120300 0.148511
v 0.193557 1.120300 0.168531
v 0.185466 1.120300 0.197999
v 0.182657 1.120300 0.227795
v 0.175137 1.120300 0.256282
v 0.182916 1.120300 0.314825
v 0.192674 1.120300 0.344186
v 0.213620 1.120300 0.366835
v 0.236481 1.120300 0.387681
v 0.264860 1.120300 0.399251
v 0.295099 1.120300 0.402967
v 0.324466 1.120300 0.405854
v 0.353589 1.120300 0.402449
v 0.381823 1.120300 0.394474
v 0.406989 1.120300 0.379817
v 0.427922 1.120300 0.359169
v 0.453197 1.120300 0.342014
v 0.459815 1.120300 0.312336
v 0.174557 1.120300 0.285899
v 0.482699 1.120300 0.255994
v 0.472758 1.120300 0.226838
v 0.462833 1.120300 0.198489
v 0.453808 1.120300 0.169637
v 0.430408 1.120300 0.150051
v 0.411057 1.120300 0.126428
v 0.381794 1.120300 0.117635
v 0.471495 1.120300 0.284846
v 1.040170 2.100301 0.398808
v 1.133597 1.887363 0.367921
v 0.994475 2.183350 0.455501
v 1.161914 1.817174 0.457905
v 0.904953 2.182387 0.568121
v 1.049513 1.809799 0.605664
v 0.819176 2.054456 0.772266
v 0.840632 1.826691 0.822486
v 0.833635 2.130531 0.703312
v 0.928037 1.746608 0.769295
v 1.453345 1.911382 0.479741
v 1.157802 2.035566 0.380152
v 1.147788 1.867105 1.075916
v 1.078072 1.792285 0.762271
v 1.154907 2.199001 0.467385
v 1.018797 2.237006 0.518699
v 1.243246 1.850978 0.591303
v 0.976004 2.180223 0.844310
v 0.878636 1.997543 0.862494
v 1.020068 2.226347 0.716697
v 0.971531 1.976319 0.593890
v 1.046912 1.869789 0.522674
v 0.963707 1.869851 0.671964
v 0.862153 1.971727 0.740398
v 1.024488 1.968647 0.421737
v 0.896334 2.098382 0.661306
v 0.957903 2.082044 0.496303
v 1.281621 1.842490 0.407403
v 1.264220 2.059285 0.432454
v 0.971009 1.778061 0.933690
v 1.171303 1.803925 0.828768
v 1.067343 2.182514 0.435174
v 1.110049 2.261878 0.581841
v 1.363286 1.876195 0.670325
v 0.883306 2.121482 0.804967
v 1.010676 2.062894 0.950314
v 0.927868 2.196382 0.673743
v 1.051041 2.239034 0.638539
v 0.982724 2.189458 0.781099
v 1.164723 2.135974 0.421621
v 1.024287 1.937983 0.998230
v 1.378983 1.868653 0.540212
v 0.946708 2.116847 0.873376
v 1.263522 1.862266 0.744733
v 1.095828 2.231607 0.499462
v 1.125976 1.814512 0.945375
v 1.324095 1.964789 0.412370
v 1.554417 1.189134 1.485858
v 1.287654 1.187297 -1.184567
v 0.966567 1.171976 1.811091
v -0.911887 1.191396 1.489976
v -0.860140 1.169697 -0.928223
v 0.654046 1.176500 -1.408765
v -0.011028 1.181735 1.937758
v 2.028344 1.178448 0.255765
v -1.275899 1.187144 0.919870
v 1.733570 1.176114 1.199862
v 0.325080 1.175483 1.950001
v 1.967191 1.169696 0.582204
v 0.322626 1.194039 -1.499264
v -1.063146 1.167874 -0.671391
v 1.542410 1.184560 -0.964015
v -0.340257 1.190019 -1.354240
v 1.882083 1.173031 -0.388977
v -1.379144 1.178411 0.255103
v -0.621136 1.177478 1.669509
v -1.386997 1.190766 -0.083635
v 0.627975 1.405609 1.789034
v -0.000217 1.438529 -1.381385
v -1.164985 1.392727 0.556955
v 1.667991 1.347595 -0.008089
v -1.056088 1.435978 1.181795
v 1.576616 1.343504 0.777709
v -0.510326 1.346081 -0.975296
v 1.455255 1.345730 -0.504587
v -0.241510 1.382639 1.630378
v -1.044862 1.335497 -0.258691
v 0.889501 1.376108 -1.093865
v 1.094503 1.348755 1.393341
v 1.792703 1.235908 0.703967
v -0.669558 1.243406 -0.948358
v 0.785742 1.249804 -1.255859
v -1.255172 1.263600 -0.207539
v 1.366934 1.265441 1.512472
v -1.006855 1.292447 1.348013
v 1.556048 1.255096 -0.762381
v -0.149401 1.265590 1.819104
v 0.784734 1.260276 1.804787
v 1.812728 1.242127 -0.196016
v -1.258343 1.271937 0.736867
v -0.173645 1.290772 -1.385923
v 0.476528 1.270793 -1.386878
v 1.589533 1.268748 1.305061
v 0.163749 1.252950 1.839535
v -0.722455 1.267964 1.519954
v 1.047500 1.235235 1.607909
v 1.885199 1.245858 0.404627
v 1.382214 1.276466 -1.034381
v -1.323382 1.272702 0.085099
v -0.886762 1.244945 -0.721377
v 1.101991 1.268744 -1.191454
v -1.047872 1.228817 -0.457999
v 1.692174 1.240528 -0.473482
v -0.441253 1.258654 -1.187630
v -1.167163 1.283746 1.057230
v 1.699413 1.243262 0.991610
v -0.425853 1.254673 1.666212
v 1.902331 1.251132 0.104522
v -1.275326 1.257907 0.417898
v 0.155774 1.295819 -1.468164
v 0.491377 1.263253 1.873000
v 1.086726 1.824872 0.626166
v 1.109984 1.834002 0.713673
v 1.208067 1.874259 0.636196
v 1.231325 1.883388 0.723703
v 1.057477 1.793522 0.657179
v 1.133255 1.829869 0.603337
v 1.176916 1.847458 0.768163
v 1.286640 1.886626 0.677053
v 0.940699 2.175044 0.584236
v 1.005062 2.201666 0.567015
v 0.959443 2.171489 0.641279
v 1.023806 2.198111 0.624058
v 0.946937 2.206380 0.536122
v 0.905612 2.193972 0.620802
v 1.044622 2.237692 0.582090
v 0.987852 2.198136 0.660039
v 1.003206 2.159508 0.586113
v 1.212291 1.895623 0.669723
v 1.153144 1.872321 0.720630
v 1.087571 1.844417 0.661864
v 1.128542 1.863850 0.629532
v 1.084387 2.008571 0.627476
v 1.053149 2.183806 0.609693
v 1.124629 2.025814 0.646645
v 1.023088 2.156831 0.647969
v 1.098132 2.009789 0.674029
v 0.981530 2.150733 0.625422
v 1.065718 2.000273 0.650405
v 1.092101 1.900035 0.642572
v 1.031485 2.103690 0.620334
v 1.103013 1.902511 0.681393
v 1.041732 2.103397 0.653558
v 1.154403 1.924104 0.681908
v 1.081975 2.121392 0.647971
v 1.143492 1.921628 0.643086
v 1.071728 2.121685 0.614747
v 0.864538 2.107272 0.716031
v 0.897629 2.101559 0.768002
v 0.916193 2.132108 0.711025
v 0.949285 2.126395 0.762996
v 0.872609 2.163455 0.683538
v 0.845305 2.107529 0.742744
v 0.942807 2.147718 0.803021
v 0.959812 2.165013 0.725448
v 0.919170 2.017053 0.742791
v 0.933039 2.015542 0.772959
v 0.944568 2.027416 0.734404
v 0.958437 2.025905 0.764573
v 0.941044 2.044890 0.775879
v 0.935567 2.096991 0.738556
v 0.913833 2.029759 0.751163
v 0.898398 2.099220 0.722386
v 0.927965 2.094950 0.766693
v 0.950243 2.044974 0.740712
v 0.890549 2.075906 0.741491
v 0.920505 2.047266 0.733838
v 0.906847 2.064335 0.737828
v 0.925362 2.072700 0.735275
v 0.918445 2.062758 0.757085
v 0.936960 2.071124 0.754532
v 0.358141 2.964425 0.084191
v 0.389773 2.893009 -0.074833
v 0.419570 2.776209 -0.224635
v 0.446063 2.621766 -0.357428
v 0.470772 2.455909 -0.481532
v 0.495371 2.303690 -0.618928
v 0.525730 2.136993 -0.775175
v 0.568322 1.938947 -0.980766
v 0.391147 2.964425 0.094203
v 0.453195 2.893009 -0.055594
v 0.511644 2.776209 -0.196704
v 0.564821 2.627420 -0.324706
v 0.617426 2.481258 -0.450190
v 0.647304 2.249078 -0.526812
v 0.694422 2.064210 -0.643525
v 0.766462 1.865123 -0.812851
v 0.421565 2.964425 0.110462
v 0.511645 2.893009 -0.024352
v 0.596501 2.776209 -0.151348
v 0.674248 2.629892 -0.267783
v 0.754633 2.498206 -0.388037
v 0.801783 2.263260 -0.455398
v 0.873120 2.070441 -0.560054
v 1.032729 1.929974 -0.794818
v 0.448227 2.964425 0.132343
v 0.562876 2.893009 0.017693
v 0.670878 2.776209 -0.090308
v 0.768170 2.625753 -0.187693
v 0.865462 2.480054 -0.285520
v 0.957339 2.309313 -0.377020
v 1.070182 2.139961 -0.489061
v 1.233591 1.951114 -0.659963
v 0.470108 2.964425 0.159005
v 0.604921 2.893009 0.068925
v 0.731917 2.776209 -0.015931
v 0.846686 2.626347 -0.092560
v 0.958229 2.476194 -0.166883
v 1.036513 2.260540 -0.220284
v 1.152923 2.089923 -0.300177
v 1.261387 1.854847 -0.373057
v 0.486367 2.964425 0.189423
v 0.636163 2.893009 0.127375
v 0.777274 2.776209 0.068925
v 0.905711 2.628123 0.015772
v 1.038990 2.493451 -0.038858
v 1.142644 2.298790 -0.079975
v 1.243207 2.084100 -0.121443
v 1.419482 1.889870 -0.196157
v 0.496379 2.964425 0.222429
v 0.655402 2.893009 0.190797
v 0.805204 2.776209 0.160999
v 0.942207 2.629334 0.133768
v 1.090496 2.505665 0.104262
v 1.227771 2.342552 0.076583
v 1.370265 2.159350 0.049731
v 1.437384 1.861397 0.033986
v 0.499760 2.964425 0.256754
v 0.661898 2.893009 0.256754
v 0.814635 2.776209 0.256754
v 0.953977 2.628717 0.256660
v 1.097196 2.492798 0.256797
v 1.201145 2.280672 0.259737
v 1.348326 2.113964 0.254116
v 1.483867 1.867854 0.256877
v 0.496379 2.964425 0.291078
v 0.655402 2.893009 0.322710
v 0.805204 2.776209 0.352508
v 0.938835 2.623199 0.378953
v 1.064875 2.456210 0.408053
v 1.174538 2.237354 0.458844
v 1.278270 2.052641 0.420768
v 1.499094 1.886661 0.475814
v 0.486367 2.964425 0.324084
v 0.636163 2.893009 0.386132
v 0.777274 2.776209 0.444582
v 0.901616 2.620259 0.496040
v 1.011973 2.441960 0.542173
v 1.107674 2.287902 0.584512
v 1.371664 1.818194 0.680152
v 0.470108 2.964425 0.354503
v 0.604921 2.893009 0.444582
v 0.731917 2.776209 0.529438
v 0.843700 2.620089 0.604184
v 0.940560 2.437291 0.668477
v 1.017053 2.260608 0.715177
v 1.174756 1.738574 0.832154
v 0.448227 2.964425 0.381164
v 0.562876 2.893009 0.495814
v 0.670878 2.776209 0.603815
v 0.766885 2.622386 0.699825
v 0.857281 2.448823 0.785819
v 0.951624 2.219566 0.850722
v 1.011529 2.069857 0.978483
v 1.181802 1.840559 1.136477
v 0.421565 2.964425 0.403045
v 0.511644 2.893009 0.537859
v 0.596501 2.776209 0.664855
v 0.671433 2.620909 0.777062
v 0.741373 2.451670 0.881216
v 0.822397 2.301889 0.998052
v 0.877332 2.086003 1.084056
v 0.957403 1.847222 1.199075
v 0.391147 2.964425 0.419304
v 0.453195 2.893009 0.569101
v 0.511644 2.776209 0.710211
v 0.564078 2.624863 0.836966
v 0.615407 2.473214 0.961163
v 0.662732 2.293789 1.071998
v 0.703955 2.088716 1.176204
v 0.744180 1.839911 1.280131
v 0.358141 2.964425 0.429316
v 0.389773 2.893009 0.588340
v 0.419570 2.776209 0.738142
v 0.446314 2.624750 0.872605
v 0.471702 2.466628 0.999653
v 0.491967 2.261950 1.100022
v 0.521652 2.113624 1.263682
v 0.560175 1.906902 1.462262
v 0.323816 2.964425 0.432697
v 0.323816 2.893009 0.594836
v 0.323816 2.776209 0.747573
v 0.323766 2.626015 0.885385
v 0.323321 2.474892 1.019022
v 0.322284 2.275813 1.129130
v 0.322448 2.165568 1.335892
v 0.328100 1.905046 1.461485
v 0.289491 2.964425 0.429316
v 0.257860 2.893009 0.588340
v 0.228062 2.776209 0.738142
v 0.200853 2.628224 0.874509
v 0.171864 2.495810 1.017236
v 0.145492 2.325125 1.148601
v 0.116768 2.166908 1.307376
v 0.112769 1.833683 1.333989
v 0.323816 2.994050 0.256754
v 0.256485 2.964425 0.419304
v 0.194438 2.893009 0.569101
v 0.135988 2.776209 0.710211
v 0.082154 2.631031 0.840145
v 0.022908 2.513940 0.982875
v -0.022520 2.325091 1.093916
v -0.058932 2.110164 1.191685
v -0.099055 1.855193 1.278285
v 0.226067 2.964425 0.403045
v 0.135988 2.893009 0.537859
v 0.051132 2.776209 0.664855
v -0.026154 2.628613 0.780723
v -0.108522 2.501337 0.905072
v -0.175308 2.320344 1.004709
v -0.198931 2.037283 1.048291
v -0.329595 1.884265 1.274743
v 0.199405 2.964425 0.381164
v 0.084756 2.893009 0.495814
v -0.023245 2.776209 0.603815
v -0.119754 2.623882 0.700503
v -0.214453 2.471108 0.795860
v -0.308253 2.309227 0.887328
v -0.357316 2.057080 0.938208
v -0.502853 1.862440 1.093921
v 0.177524 2.964425 0.354502
v 0.042711 2.893009 0.444582
v -0.084285 2.776209 0.529438
v -0.196892 2.621689 0.604551
v -0.309036 2.466342 0.678837
v -0.448823 2.356817 0.772964
v -0.468371 2.053947 0.786982
v -0.593260 1.815223 0.872321
v 0.161266 2.964425 0.324084
v 0.011469 2.893009 0.386132
v -0.129642 2.776209 0.444582
v -0.258988 2.629780 0.498012
v -0.398127 2.505648 0.555239
v -0.498813 2.308791 0.599293
v -0.547725 2.041394 0.617622
v -0.686839 1.814134 0.674329
v 0.151253 2.964425 0.291078
v -0.007770 2.893009 0.322710
v -0.157572 2.776209 0.352508
v -0.294888 2.629920 0.379834
v -0.440746 2.503765 0.408853
v -0.539202 2.293507 0.428126
v -0.611468 2.046540 0.442735
v -0.779171 1.825944 0.475780
v 1.005185 1.490293 1.256245
v 0.147873 2.964425 0.256754
v -0.014266 2.893009 0.256754
v -0.167003 2.776209 0.256754
v -0.306582 2.629129 0.256887
v -0.457163 2.504367 0.257196
v -0.581018 2.326131 0.254117
v -0.639635 2.048530 0.253218
v -0.775614 1.754522 0.258775
v 0.835324 1.525886 -0.960697
v -0.966394 1.484574 -0.204317
v -0.184046 1.530868 1.492723
v -0.754234 1.584355 1.324419
v 1.315786 1.487699 -0.412731
v -0.455921 1.482073 -0.881385
v 1.419705 1.483390 0.712104
v 0.151253 2.964425 0.222429
v -0.007770 2.893009 0.190797
v -0.157572 2.776209 0.160999
v -0.290233 2.621463 0.134736
v -0.424810 2.469312 0.108383
v -0.624680 2.400805 0.067098
v -0.718807 2.161933 0.049271
v -0.739186 1.795636 0.042440
v 1.374128 1.567674 1.308405
v -0.958679 1.588600 1.117791
v 1.504794 1.489361 0.024762
v -1.028934 1.539435 0.530740
v 0.015951 1.611666 -1.298065
v 0.314969 1.599623 -1.307793
v 1.140045 1.574578 -0.958445
v 0.161266 2.964425 0.189423
v 0.011469 2.893009 0.127375
v -0.129642 2.776209 0.068925
v -0.254630 2.621548 0.017122
v -0.380317 2.467926 -0.034836
v -0.544935 2.371079 -0.101318
v -0.581876 2.072784 -0.117535
v -0.817876 1.900553 -0.209784
v -0.832063 1.486757 -0.371249
v 0.766652 1.481342 1.350033
v 1.322322 1.562578 -0.753582
v 1.456755 1.476117 0.476820
v -0.637400 1.572700 -0.660751
v 0.566107 1.519836 -0.999890
v -1.166103 1.567088 -0.035604
v 0.177524 2.964425 0.159005
v 0.042711 2.893009 0.068925
v -0.084285 2.776209 -0.015931
v -0.197426 2.623102 -0.091690
v -0.308503 2.468596 -0.166301
v -0.438595 2.335071 -0.251368
v -0.555150 2.148852 -0.335544
v -0.706828 1.906740 -0.405661
v 0.058639 1.527424 1.569832
v 0.604624 1.566374 1.676070
v 1.621013 1.518015 0.254951
v 1.443565 1.495390 -0.206400
v -0.997658 1.555010 0.808407
v -0.263562 1.584967 -1.167384
v 1.344636 1.490515 0.950534
v 0.199405 2.964425 0.132343
v 0.084756 2.893009 0.017693
v -0.023245 2.776209 -0.090308
v -0.121906 2.629019 -0.188965
v -0.224891 2.497552 -0.291984
v -0.310339 2.308157 -0.376977
v -0.445487 2.173944 -0.507050
v -0.512202 1.886041 -0.564462
v -0.962418 1.500526 0.251931
v 0.328259 1.507886 1.508783
v -0.393772 1.518379 1.328929
v 0.324520 1.120300 0.144949
v 0.302550 1.120300 0.145967
v 0.282428 1.120300 0.154529
v 0.263273 1.120300 0.164277
v 0.226067 2.964425 0.110462
v 0.135988 2.893009 -0.024351
v 0.051132 2.776209 -0.151347
v -0.024827 2.624088 -0.265011
v -0.100227 2.473112 -0.377622
v -0.174491 2.312366 -0.486669
v -0.201421 2.038610 -0.521283
v -0.271573 1.791062 -0.631124
v 0.246909 1.120300 0.178435
v 0.231051 1.120300 0.193747
v 0.223165 1.120300 0.213794
v 0.220258 1.120300 0.235154
v 0.216412 1.120300 0.256157
v 0.216263 1.120300 0.277654
v 0.221600 1.120300 0.298754
v 0.256485 2.964425 0.094203
v 0.194438 2.893009 -0.055593
v 0.135988 2.776209 -0.196704
v 0.082563 2.629790 -0.326052
v 0.027739 2.497991 -0.459888
v -0.002759 2.258357 -0.530135
v -0.032567 2.023956 -0.607701
v -0.144635 1.902521 -0.891624
v 0.230179 1.120300 0.318870
v 0.245339 1.120300 0.335160
v 0.261517 1.120300 0.350432
v 0.281379 1.120300 0.359332
v 0.303174 1.120300 0.362022
v 0.324614 1.120300 0.364186
v 0.345886 1.120300 0.363147
v 0.289491 2.964425 0.084191
v 0.257860 2.893009 -0.074832
v 0.228062 2.776209 -0.224634
v 0.200555 2.630618 -0.362330
v 0.170846 2.508371 -0.510453
v 0.154018 2.297983 -0.610237
v 0.135715 2.071479 -0.709141
v 0.070118 1.937126 -1.007984
v 0.366144 1.120300 0.357016
v 0.384146 1.120300 0.345577
v 0.400116 1.120300 0.331327
v 0.417089 1.120300 0.317864
v 0.423836 1.120300 0.297308
v 0.431844 1.120300 0.277064
v 0.438070 1.120300 0.256007
v 0.323816 2.964425 0.080810
v 0.323816 2.893009 -0.081328
v 0.323816 2.776209 -0.234065
v 0.323660 2.623353 -0.370371
v 0.322898 2.472373 -0.506628
v 0.324100 2.352644 -0.673827
v 0.325901 2.167008 -0.818062
v 0.323496 1.891166 -0.954120
v 0.432238 1.120300 0.234803
v 0.424990 1.120300 0.214244
v 0.416991 1.120300 0.194250
v 0.401247 1.120300 0.179156
v 0.386660 1.120300 0.162692
v 0.366589 1.120300 0.154315
v 0.346435 1.120300 0.145645
v 0.656899 1.134350 -1.421573
v 0.324699 1.138735 -1.483430
v -0.339028 1.137730 -1.343199
v -0.008104 1.138816 -1.417684
v -0.883711 1.132649 -0.954073
v -0.636664 1.132789 -1.183470
v -1.072833 1.132193 -0.678505
v -1.236296 1.132821 -0.388438
v -1.373886 1.137917 -0.082188
v -1.349984 1.134827 0.253902
v -1.229969 1.137011 0.901692
v -1.107620 1.138668 1.214079
v -0.887244 1.138074 1.465066
v -0.602933 1.134594 1.643618
v -0.325385 1.135564 1.826491
v -0.004722 1.135659 1.902923
v 0.325163 1.134096 1.914864
v 0.658997 1.136901 1.927326
v 0.983339 1.133219 1.848404
v 1.262839 1.133593 1.662295
v 1.519584 1.137508 1.450886
v 1.734311 1.134253 1.197366
v 1.908489 1.133287 0.911214
v -1.308953 1.136151 0.581321
v 2.004127 1.134837 0.257852
v 1.960022 1.133525 -0.070787
v 1.913078 1.133483 -0.402873
v 1.737696 1.133417 -0.688059
v 1.540176 1.136365 -0.959860
v 1.269042 1.137049 -1.156527
v 0.975567 1.135184 -1.316593
v 2.012105 1.132649 0.592738
v 0.592004 1.120300 -1.119966
v 0.328788 1.120300 -1.247804
v -0.240690 1.120300 -1.085157
v 0.075574 1.120300 -1.007131
v -0.655931 1.120300 -0.737184
v -0.529217 1.120300 -1.025054
v -0.696221 1.120300 -0.430983
v -0.841608 1.120300 -0.219013
v -1.068296 1.120300 -0.024110
v -0.821815 1.120300 0.244769
v -0.762288 1.120300 0.722245
v -0.823418 1.120300 1.029992
v -0.627244 1.120300 1.195903
v -0.313647 1.120300 1.209408
v -0.163145 1.120300 1.439386
v 0.087344 1.120300 1.411793
v 0.327143 1.120300 1.343448
v 0.587013 1.120300 1.515218
v 0.885846 1.120300 1.610728
v 1.043441 1.120300 1.348221
v 1.169593 1.120300 1.100211
v 1.422936 1.120300 0.981909
v 1.654125 1.120300 0.799914
v -0.721314 1.120300 0.466497
v 1.516947 1.120300 0.267881
v 1.459412 1.120300 0.020327
v 1.666153 1.120300 -0.304334
v 1.431229 1.120300 -0.481306
v 1.325351 1.120300 -0.743510
v 1.034936 1.120300 -0.800979
v 0.826484 1.120300 -0.965770
v 1.804356 1.120300 0.557563
v 0.547076 1.120300 -0.899234
v 0.326453 1.120300 -1.013697
v -0.115977 1.120300 -0.807507
v 0.106872 1.120300 -0.855916
v -0.339800 1.120300 -0.415169
v -0.272387 1.120300 -0.647868
v -0.419128 1.120300 -0.242628
v -0.489853 1.120300 -0.079761
v -0.597852 1.120300 0.074391
v -0.611492 1.120300 0.254921
v -0.683357 1.120300 0.715059
v -0.590233 1.120300 0.875062
v -0.500301 1.120300 1.082115
v -0.292407 1.120300 1.165289
v -0.032498 1.120300 1.116718
v 0.120185 1.120300 1.303962
v 0.320818 1.120300 1.293226
v 0.508686 1.120300 1.198400
v 0.700344 1.120300 1.142162
v 0.988096 1.120300 1.249400
v 1.024721 1.120300 0.958650
v 1.290193 1.120300 0.897309
v 1.337725 1.120300 0.673515
v -0.585004 1.120300 0.449595
v 1.374273 1.120300 0.260683
v 1.392705 1.120300 0.042570
v 1.283714 1.120300 -0.137290
v 1.153329 1.120300 -0.302532
v 1.137847 1.120300 -0.561411
v 0.931347 1.120300 -0.644677
v 0.724241 1.120300 -0.715601
v 1.533966 1.120300 0.497696
v 0.500161 1.120300 -0.650705
v 0.326611 1.120300 -0.661351
v -0.028851 1.120300 -0.601800
v 0.150738 1.120300 -0.612274
v -0.268388 1.120300 -0.340523
v -0.131006 1.120300 -0.429398
v -0.269358 1.120300 -0.144555
v -0.364599 1.120300 -0.026411
v -0.454172 1.120300 0.102811
v -0.487242 1.120300 0.258523
v -0.480644 1.120300 0.595502
v -0.329935 1.120300 0.695465
v -0.307930 1.120300 0.889372
v -0.114704 1.120300 0.901539
v 0.053521 1.120300 0.920309
v 0.155182 1.120300 1.116907
v 0.320183 1.120300 1.030617
v 0.475419 1.120300 1.005568
v 0.640598 1.120300 1.013313
v 0.789122 1.120300 0.953399
v 0.887519 1.120300 0.819575
v 1.001005 1.120300 0.709756
v 1.014309 1.120300 0.542775
v -0.488308 1.120300 0.432656
v 1.235221 1.120300 0.256379
v 1.116031 1.120300 0.102022
v 1.073542 1.120300 -0.055680
v 1.017915 1.120300 -0.208508
v 0.923401 1.120300 -0.342553
v 0.780761 1.120300 -0.421607
v 0.616737 1.120300 -0.457952
v 1.116696 1.120300 0.407963
v 0.441118 1.120300 -0.341775
v 0.323394 1.120300 -0.412851
v 0.074698 1.120300 -0.340647
v 0.199574 1.120300 -0.378436
v -0.163752 1.120300 -0.236575
v -0.078422 1.120300 -0.344006
v -0.186876 1.120300 -0.090013
v -0.196381 1.120300 0.039777
v -0.269956 1.120300 0.141917
v -0.379729 1.120300 0.259902
v -0.312147 1.120300 0.517530
v -0.215670 1.120300 0.615058
v -0.120009 1.120300 0.700445
v -0.028256 1.120300 0.781414
v 0.098077 1.120300 0.808262
v 0.189276 1.120300 0.938406
v 0.323859 1.120300 0.877332
v 0.464671 1.120300 0.941065
v 0.602278 1.120300 0.930687
v 0.688125 1.120300 0.805103
v 0.781470 1.120300 0.711451
v 0.894144 1.120300 0.635452
v 0.960398 1.120300 0.518155
v -0.392942 1.120300 0.399945
v 0.936410 1.120300 0.260407
v 0.903063 1.120300 0.137018
v 0.984283 1.120300 -0.018769
v 0.853327 1.120300 -0.092933
v 0.758058 1.120300 -0.179218
v 0.685521 1.120300 -0.283855
v 0.556993 1.120300 -0.301095
v 1.026424 1.120300 0.397630
v 0.419646 1.120300 -0.232717
v 0.326237 1.120300 -0.255824
v 0.125386 1.120300 -0.217284
v 0.236232 1.120300 -0.188138
v -0.004234 1.120300 -0.074191
v 0.032023 1.120300 -0.184937
v -0.078019 1.120300 -0.013527
v -0.083432 1.120300 0.086419
v -0.143436 1.120300 0.165597
v -0.197596 1.120300 0.256702
v -0.151164 1.120300 0.451047
v -0.052503 1.120300 0.507868
v -0.039513 1.120300 0.623762
v 0.027330 1.120300 0.700555
v 0.123591 1.120300 0.737728
v 0.227667 1.120300 0.738332
v 0.325166 1.120300 0.749369
v 0.422363 1.120300 0.752018
v 0.505902 1.120300 0.693994
v 0.602622 1.120300 0.672819
v 0.653610 1.120300 0.585186
v 0.746866 1.120300 0.536414
v 0.797840 1.120300 0.452155
v -0.175982 1.120300 0.355491
v 0.787462 1.120300 0.257123
v 0.790803 1.120300 0.161033
v 0.809628 1.120300 0.054928
v 0.722770 1.120300 -0.006934
v 0.641899 1.120300 -0.063037
v 0.602317 1.120300 -0.160296
v 0.501567 1.120300 -0.170362
v 0.820457 1.120300 0.356124
v 0.394490 1.120300 -0.092750
v 0.326022 1.120300 -0.063342
v 0.194714 1.120300 -0.054306
v 0.263809 1.120300 -0.045707
v 0.090564 1.120300 0.021075
v 0.133459 1.120300 -0.030231
v 0.060614 1.120300 0.079100
v 0.032190 1.120300 0.135843
v -0.013875 1.120300 0.189639
v -0.019899 1.120300 0.255327
v 0.027686 1.120300 0.378447
v 0.065105 1.120300 0.430388
v 0.076812 1.120300 0.505125
v 0.131217 1.120300 0.544827
v 0.191636 1.120300 0.574290
v 0.262409 1.120300 0.564295
v 0.325651 1.120300 0.580124
v 0.392730 1.120300 0.597930
v 0.453329 1.120300 0.567506
v 0.515389 1.120300 0.542270
v 0.557799 1.120300 0.488816
v 0.619504 1.120300 0.453068
v 0.632585 1.120300 0.383719
v 0.005440 1.120300 0.318897
v 0.679876 1.120300 0.257136
v 0.641976 1.120300 0.193750
v 0.623340 1.120300 0.132109
v 0.592744 1.120300 0.076678
v 0.558307 1.120300 0.020583
v 0.523821 1.120300 -0.042925
v 0.457374 1.120300 -0.064684
v 0.675478 1.120300 0.324919
v 0.366787 1.120300 0.042528
v 0.324596 1.120300 0.045089
v 0.246414 1.120300 0.067042
v 0.282957 1.120300 0.046562
v 0.174979 1.120300 0.106878
v 0.209097 1.120300 0.083746
v 0.146004 1.120300 0.136523
v 0.136377 1.120300 0.177660
v 0.126725 1.120300 0.216835
v 0.117187 1.120300 0.256252
v 0.133613 1.120300 0.335241
v 0.145654 1.120300 0.375947
v 0.169513 1.120300 0.411034
v 0.203299 1.120300 0.437109
v 0.242488 1.120300 0.452926
v 0.284382 1.120300 0.456515
v 0.324550 1.120300 0.461824
v 0.364700 1.120300 0.458267
v 0.403719 1.120300 0.447138
v 0.439644 1.120300 0.428827
v 0.467189 1.120300 0.398320
v 0.503809 1.120300 0.375864
v 0.510256 1.120300 0.333323
v 0.119424 1.120300 0.296719
v 0.545300 1.120300 0.256150
v 0.526727 1.120300 0.216373
v 0.512822 1.120300 0.177677
v 0.501236 1.120300 0.137842
v 0.471363 1.120300 0.108884
v 0.445507 1.120300 0.074938
v 0.403844 1.120300 0.064433
v 0.530013 1.120300 0.296181
v 1.030072 2.159598 0.427243
v 1.073562 1.996049 0.372619
v 1.191662 1.839962 0.403128
v 0.965486 2.183111 0.560348
v 1.134860 1.846577 0.616597
v 0.936689 2.172743 0.618080
v 1.074742 1.817796 0.660118
v 0.867458 2.090020 0.739669
v 0.822318 1.961376 0.796821
v 0.903526 1.769425 0.842755
v 0.995504 1.959892 0.503498
v 0.933453 1.989680 0.677871
v 1.386750 1.884057 0.447857
v 1.235319 2.064282 0.411157
v 1.090757 1.846221 1.032436
v 1.169748 1.860271 0.747858
v 1.116747 2.188777 0.449233
v 1.033233 2.212676 0.592248
v 1.256753 1.891876 0.675163
v 0.932440 2.120735 0.782090
v 0.963844 2.043594 0.919598
v 0.993603 2.177778 0.645913
v 1.514025 1.280279 1.445314
v 1.251710 1.276010 -1.129541
v 0.913533 1.240403 1.689541
v -0.879963 1.285537 1.454883
v -0.784687 1.251819 -0.845311
v 0.629977 1.250916 -1.298172
v 0.005219 1.263082 1.849614
v 1.924167 1.255444 0.255427
v -1.214319 1.275655 0.895633
v 1.636862 1.250019 1.138299
v 0.325899 1.248554 1.832714
v 1.827391 1.235103 0.553636
v 0.320193 1.291680 -1.463151
v -0.974814 1.233654 -0.588344
v 1.486120 1.269650 -0.910489
v -0.321026 1.282336 -1.310537
v 1.763907 1.242855 -0.339773
v -1.274603 1.255357 0.253888
v -0.561897 1.253189 1.578604
v -1.343095 1.284074 -0.073649
v 0.648287 1.274633 1.887867
v -0.010812 1.292440 -1.432296
v -1.283818 1.267664 0.578450
v 1.853812 1.243251 -0.046490
v -1.102725 1.291060 1.211432
v 1.757817 1.241038 0.851374
v -0.551654 1.239190 -1.054478
v 1.616549 1.242242 -0.610048
v -0.294846 1.262208 1.755479
v -1.132477 1.236707 -0.330883
v 0.943266 1.258675 -1.230201
v 1.195634 1.243879 1.551637
v 1.009460 1.779258 0.668466
v 1.118568 1.822341 0.561377
v 1.169732 1.829788 0.817915
v 1.333482 1.883206 0.656734
v 0.882803 2.129304 0.704134
v 0.945935 2.199337 0.500492
v 1.083767 2.256824 0.566179
v 0.944942 2.127275 0.732161
v 1.112364 1.908809 0.635404
v 1.047154 2.109888 0.609721
v 1.088803 2.128910 0.629475
v 1.164500 1.929668 0.660346
v 1.062525 2.109449 0.659558
v 1.128731 1.912522 0.693635
v 1.028438 2.101918 0.637855
v 1.087414 1.897279 0.659574
v 0.871316 2.190462 0.645394
v 0.827930 2.103864 0.752886
v 0.959603 2.165506 0.838473
v 0.993591 2.206260 0.704157
v 0.927399 2.029686 0.735176
v 0.920484 2.017931 0.756123
v 0.945812 2.027640 0.774449
v 0.953849 2.031651 0.745572
v 0.930469 2.069841 0.762674
v 0.935922 2.070709 0.742214
v 0.908149 2.058161 0.746043
v 0.913073 2.072206 0.733789
vn 0.3038 0.7507 -0.5867
vn 0.3672 0.7045 -0.6073
vn -0.0367 0.7154 -0.6977
vn 0.1130 0.7705 -0.6273
vn 0.1979 0.7272 -0.6573
vn 0.2116 0.7069 -0.6749
vn 0.1728 0.6382 -0.7502
vn 0.3608 0.6437 -0.6748
vn 0.5236 0.6012 -0.6036
vn 0.3485 0.6418 -0.6831
vn 0.1812 0.6203 -0.7631
vn -0.2309 0.5150 -0.8255
vn -0.1637 0.6066 -0.7780
vn 0.5737 0.5991 -0.5585
vn 0.5035 0.6828 -0.5294
vn -0.0555 0.5736 -0.8173
vn 0.0157 0.4739 -0.8804
vn 0.0445 0.6397 -0.7673
vn -0.1726 0.5238 -0.8342
vn 0.3739 0.6620 -0.6495
vn 0.3862 0.3771 -0.8417
vn 0.0199 0.9791 -0.2023
vn 0.0290 0.9553 -0.2941
vn 0.0000 0.9593 -0.2823
vn 0.0000 0.9888 -0.1493
vn 0.0000 1.0000 0.0000
vn 0.0291 0.9888 -0.1464
vn 0.0551 0.9593 -0.2769
vn 0.0396 0.9145 -0.4025
vn 0.0500 0.8599 -0.5079
vn 0.0000 0.8599 -0.5104
vn 0.0000 0.9142 -0.4052
vn 0.0790 0.9142 -0.3974
vn 0.0996 0.8599 -0.5006
vn 0.0595 0.7941 -0.6048
vn 0.0677 0.7227 -0.6878
vn 0.0000 0.7227 -0.6912
vn 0.0000 0.7941 -0.6078
vn 0.1186 0.7941 -0.5961
vn 0.1348 0.7227 -0.6779
vn 0.0774 0.6599 -0.7473
vn 0.0971 0.6197 -0.7788
vn 0.0734 0.6475 -0.7585
vn 0.0136 0.6671 -0.7448
vn 0.1398 0.6611 -0.7371
vn 0.1172 0.6242 -0.7724
vn 0.1382 0.6290 -0.7649
vn 0.1655 0.6638 -0.7293
vn 0.0954 0.6148 -0.7829
vn 0.2026 0.6695 -0.7146
vn 0.1471 0.6576 -0.7389
vn 0.2006 0.7227 -0.6614
vn 0.2645 0.7227 -0.6386
vn 0.2687 0.6805 -0.6817
vn 0.2073 0.7020 -0.6813
vn 0.0824 0.6309 -0.7714
vn 0.1525 0.5513 -0.8202
vn 0.1451 0.6734 -0.7249
vn 0.2066 0.5013 -0.8402
vn 0.3643 0.4896 -0.7921
vn 0.5470 0.4945 -0.6754
vn 0.3562 0.3571 -0.8635
vn 0.4851 0.4084 -0.7732
vn 0.6180 0.5643 -0.5473
vn 0.6258 0.6505 -0.4303
vn 0.5342 0.5513 -0.6409
vn 0.4969 0.6882 -0.5286
vn 0.6491 0.6152 -0.4473
vn 0.6354 0.3464 -0.6901
vn 0.4332 0.7057 -0.5606
vn 0.3315 0.5119 -0.7925
vn 0.0590 0.9791 -0.1945
vn 0.0858 0.9553 -0.2828
vn 0.0571 0.9888 -0.1379
vn 0.1080 0.9593 -0.2608
vn 0.1174 0.9145 -0.3871
vn 0.1481 0.8599 -0.4884
vn 0.1551 0.9142 -0.3744
vn 0.1953 0.8599 -0.4715
vn 0.1764 0.7941 -0.5816
vn 0.2326 0.7941 -0.5615
vn 0.0325 0.7727 -0.6339
vn -0.0662 0.5800 -0.8119
vn 0.2179 0.7440 -0.6316
vn -0.0025 0.7456 -0.6663
vn -0.0950 0.7947 -0.5994
vn 0.0097 0.6265 -0.7793
vn 0.0958 0.9791 -0.1793
vn 0.1393 0.9553 -0.2606
vn 0.0829 0.9888 -0.1241
vn 0.1568 0.9593 -0.2347
vn 0.1907 0.9145 -0.3567
vn 0.2406 0.8599 -0.4501
vn 0.2251 0.9142 -0.3370
vn 0.2835 0.8599 -0.4244
vn 0.2865 0.7941 -0.5360
vn 0.3258 0.7227 -0.6095
vn 0.3377 0.7941 -0.5054
vn 0.3840 0.7227 -0.5747
vn 0.3366 0.6883 -0.6426
vn 0.2903 0.7340 -0.6139
vn 0.4057 0.6892 -0.6002
vn 0.3925 0.7380 -0.5489
vn 0.2591 0.7153 -0.6489
vn 0.3124 0.5052 -0.8045
vn 0.4053 0.7314 -0.5484
vn 0.4491 0.5473 -0.7062
vn 0.3595 0.3065 -0.8813
vn 0.3775 0.3531 -0.8560
vn 0.3964 0.3531 -0.8474
vn 0.2795 0.3574 -0.8911
vn 0.3532 0.5443 -0.7609
vn 0.1568 0.5264 -0.8356
vn 0.5237 0.7123 -0.4672
vn 0.5585 0.5957 -0.5771
vn 0.4859 0.7137 -0.5045
vn 0.5353 0.6876 -0.4905
vn 0.5633 0.6871 -0.4589
vn 0.6225 0.6150 -0.4839
vn 0.4801 0.4757 -0.7370
vn 0.3105 0.4583 -0.8328
vn 0.6444 0.5538 -0.5272
vn 0.5940 0.5797 -0.5577
vn 0.1346 0.5592 -0.8180
vn 0.0136 0.7547 -0.6559
vn 0.4912 0.6746 -0.5510
vn 0.4324 0.7934 -0.4284
vn 0.0997 0.8290 -0.5502
vn 0.3980 0.6425 -0.6548
vn 0.5666 0.7675 -0.2997
vn 0.8127 0.5090 -0.2835
vn 0.1289 0.9791 -0.1571
vn 0.1875 0.9553 -0.2284
vn 0.1056 0.9888 -0.1056
vn 0.1996 0.9593 -0.1996
vn 0.2566 0.9145 -0.3127
vn 0.3238 0.8599 -0.3945
vn 0.2865 0.9142 -0.2865
vn 0.3609 0.8599 -0.3609
vn 0.3856 0.7941 -0.4698
vn 0.4385 0.7227 -0.5343
vn 0.4298 0.7941 -0.4298
vn 0.4887 0.7227 -0.4887
vn 0.4709 0.6833 -0.5579
vn 0.5247 0.6767 -0.5165
vn 0.3127 0.9145 -0.2566
vn 0.3945 0.8599 -0.3238
vn 0.2284 0.9553 -0.1875
vn 0.2347 0.9593 -0.1568
vn 0.3370 0.9142 -0.2251
vn 0.4244 0.8599 -0.2835
vn 0.4698 0.7941 -0.3856
vn 0.5343 0.7227 -0.4385
vn 0.5054 0.7941 -0.3377
vn 0.5747 0.7227 -0.3840
vn 0.5694 0.6749 -0.4692
vn 0.5609 0.6811 -0.4706
vn 0.6094 0.6773 -0.4122
vn 0.5885 0.6905 -0.4205
vn 0.5727 0.6705 -0.4715
vn 0.6721 0.5765 -0.4646
vn 0.5890 0.6715 -0.4496
vn 0.6802 0.5358 -0.5002
vn 0.7747 0.5005 -0.3864
vn 0.7914 0.5501 -0.2665
vn 0.7640 0.4295 -0.4814
vn 0.7813 0.5026 -0.3699
vn 0.7492 0.6367 -0.1824
vn 0.7448 0.6575 -0.1139
vn 0.7668 0.5995 -0.2293
vn 0.7636 0.6243 -0.1647
vn 0.8357 0.5477 -0.0408
vn 0.9556 0.2945 0.0004
vn 0.8195 0.5269 -0.2254
vn 0.9185 0.2472 -0.3085
vn 0.1571 0.9791 -0.1289
vn 0.1241 0.9888 -0.0829
vn 0.6882 0.4189 -0.5923
vn 0.6940 0.4300 -0.5774
vn 0.6594 0.5561 -0.5058
vn 0.6503 0.6232 -0.4345
vn 0.6709 0.4858 -0.5603
vn 0.6499 0.4138 -0.6374
vn 0.7069 0.5337 -0.4641
vn 0.6550 0.6496 -0.3860
vn 0.6243 0.4523 -0.6368
vn 0.5626 0.6120 -0.5558
vn 0.6297 0.6021 -0.4907
vn 0.7244 0.2623 -0.6375
vn 0.6264 0.6145 -0.4796
vn 0.8383 0.2872 -0.4633
vn 0.1793 0.9791 -0.0958
vn 0.2606 0.9553 -0.1393
vn 0.1379 0.9888 -0.0571
vn 0.2608 0.9593 -0.1080
vn 0.3567 0.9145 -0.1907
vn 0.4501 0.8599 -0.2406
vn 0.3744 0.9142 -0.1551
vn 0.4715 0.8599 -0.1953
vn 0.5360 0.7941 -0.2865
vn 0.6095 0.7227 -0.3258
vn 0.5615 0.7941 -0.2326
vn 0.6386 0.7227 -0.2645
vn 0.6439 0.6808 -0.3490
vn 0.6143 0.7046 -0.3552
vn 0.6723 0.6842 -0.2826
vn 0.6345 0.7181 -0.2859
vn 0.6006 0.6938 -0.3973
vn 0.6058 0.7272 -0.3229
vn 0.3871 0.9145 -0.1174
vn 0.4884 0.8599 -0.1481
vn 0.2828 0.9553 -0.0858
vn 0.2769 0.9593 -0.0551
vn 0.3974 0.9142 -0.0790
vn 0.5006 0.8599 -0.0996
vn 0.5816 0.7941 -0.1764
vn 0.6614 0.7227 -0.2006
vn 0.5961 0.7941 -0.1186
vn 0.6779 0.7227 -0.1348
vn 0.6945 0.6870 -0.2138
vn 0.6498 0.7293 -0.2142
vn 0.7105 0.6889 -0.1431
vn 0.6611 0.7369 -0.1411
vn 0.6110 0.7558 -0.2353
vn 0.6598 0.6861 -0.3063
vn 0.6253 0.7678 -0.1395
vn 0.7025 0.6996 -0.1306
vn 0.7042 0.5833 -0.4046
vn 0.6796 0.5143 -0.5231
vn 0.7780 0.6192 -0.1060
vn 0.7697 0.6265 -0.1225
vn 0.6230 0.4782 -0.6189
vn 0.6361 0.5149 -0.5746
vn 0.7592 0.6167 -0.2078
vn 0.8349 0.4886 -0.2533
vn 0.8071 0.4775 -0.3472
vn 0.9686 0.1998 -0.1477
vn 0.9331 0.3097 -0.1824
vn 0.9790 0.1455 -0.1426
vn 0.1945 0.9791 -0.0590
vn 0.1464 0.9888 -0.0291
vn 0.8289 0.5351 0.1629
vn 0.7699 0.5776 0.2713
vn 0.7614 0.6466 0.0454
vn 0.7958 0.5787 0.1781
vn 0.8591 0.4554 0.2335
vn 0.7996 0.5089 0.3189
vn 0.7382 0.6151 0.2769
vn 0.8517 0.4952 0.1712
vn 0.7137 0.5741 0.4011
vn 0.7512 0.5593 0.3505
vn 0.9466 0.3223 -0.0048
vn 0.9525 0.2225 -0.2081
vn 0.8672 0.4823 0.1235
vn 0.9450 0.3205 -0.0647
vn 0.2023 0.9791 -0.0199
vn 0.2941 0.9553 -0.0290
vn 0.1493 0.9888 0.0000
vn 0.2823 0.9593 0.0000
vn 0.4025 0.9145 -0.0396
vn 0.5079 0.8599 -0.0500
vn 0.4052 0.9142 0.0000
vn 0.5104 0.8599 0.0000
vn 0.6048 0.7941 -0.0596
vn 0.6878 0.7227 -0.0677
vn 0.6078 0.7941 0.0000
vn 0.6912 0.7227 0.0000
vn 0.7213 0.6890 -0.0695
vn 0.6729 0.7374 -0.0579
vn 0.7284 0.6850 0.0083
vn 0.6914 0.7210 0.0456
vn 0.6541 0.7559 -0.0262
vn 0.6870 0.7178 0.1134
vn 0.6048 0.7941 0.0596
vn 0.6878 0.7227 0.0677
vn 0.5079 0.8599 0.0500
vn 0.5006 0.8599 0.0996
vn 0.5961 0.7941 0.1186
vn 0.6779 0.7227 0.1348
vn 0.7319 0.6760 0.0855
vn 0.7154 0.6838 0.1436
vn 0.7296 0.6656 0.1568
vn 0.7372 0.6421 0.2100
vn 0.7127 0.6620 0.2319
vn 0.7944 0.5463 0.2654
vn 0.7365 0.6135 0.2850
vn 0.7758 0.5523 0.3049
vn 0.8630 0.4480 0.2333
vn 0.8565 0.4425 0.2658
vn 0.8391 0.4790 0.2578
vn 0.8649 0.1894 0.4647
vn 0.7688 0.5042 0.3932
vn 0.6600 0.6302 0.4089
vn 0.7046 0.3525 0.6158
vn 0.5486 0.6312 0.5482
vn 0.7341 0.6516 0.1909
vn 0.9399 0.3265 0.0995
vn 0.5417 0.7424 0.3942
vn 0.8925 0.3366 0.3003
vn 0.2023 0.9791 0.0199
vn 0.2941 0.9553 0.0290
vn 0.1464 0.9888 0.0291
vn 0.2769 0.9593 0.0551
vn 0.4025 0.9145 0.0396
vn 0.3974 0.9142 0.0790
vn 0.1945 0.9791 0.0590
vn 0.2828 0.9553 0.0858
vn 0.1379 0.9888 0.0571
vn 0.2608 0.9593 0.1080
vn 0.3871 0.9145 0.1174
vn 0.4884 0.8599 0.1481
vn 0.3744 0.9142 0.1551
vn 0.4715 0.8599 0.1953
vn 0.5816 0.7941 0.1764
vn 0.6614 0.7227 0.2006
vn 0.5615 0.7941 0.2326
vn 0.6386 0.7227 0.2645
vn 0.7185 0.6580 0.2252
vn 0.7452 0.6118 0.2650
vn 0.6978 0.6536 0.2930
vn 0.7354 0.5943 0.3256
vn 0.7507 0.5805 0.3154
vn 0.7549 0.5638 0.3349
vn 0.7469 0.5574 0.3624
vn 0.7326 0.5562 0.3923
vn 0.7931 0.5226 0.3128
vn 0.8961 0.2035 0.3943
vn 0.7317 0.5395 0.4165
vn 0.8347 0.2761 0.4764
vn 0.5360 0.7941 0.2865
vn 0.6095 0.7227 0.3258
vn 0.4501 0.8599 0.2406
vn 0.4244 0.8599 0.2835
vn 0.5054 0.7941 0.3377
vn 0.5747 0.7227 0.3840
vn 0.6685 0.6519 0.3578
vn 0.7127 0.5875 0.3833
vn 0.6316 0.6534 0.4173
vn 0.6807 0.5932 0.4297
vn 0.7348 0.5422 0.4075
vn 0.7229 0.5289 0.4445
vn 0.7211 0.5417 0.4319
vn 0.7350 0.5005 0.4574
vn 0.7015 0.5041 0.5038
vn 0.7723 0.2822 0.5690
vn 0.7277 0.4543 0.5138
vn 0.7850 0.2823 0.5513
vn 0.1793 0.9791 0.0958
vn 0.2606 0.9553 0.1393
vn 0.1241 0.9888 0.0829
vn 0.2347 0.9593 0.1568
vn 0.3567 0.9145 0.1907
vn 0.3370 0.9142 0.2251
vn 0.1571 0.9791 0.1289
vn 0.2284 0.9553 0.1875
vn 0.1056 0.9888 0.1056
vn 0.1996 0.9593 0.1996
vn 0.3127 0.9145 0.2566
vn 0.3945 0.8599 0.3238
vn 0.2865 0.9142 0.2865
vn 0.3609 0.8599 0.3609
vn 0.4698 0.7941 0.3856
vn 0.5343 0.7227 0.4385
vn 0.4298 0.7941 0.4298
vn 0.4887 0.7227 0.4887
vn 0.5860 0.6574 0.4738
vn 0.6309 0.6094 0.4801
vn 0.5314 0.6598 0.5312
vn 0.5555 0.6196 0.5545
vn 0.6805 0.5598 0.4728
vn 0.7256 0.4934 0.4796
vn 0.5856 0.5804 0.5658
vn 0.6524 0.5239 0.5476
vn 0.7533 0.4326 0.4953
vn 0.8065 0.3431 0.4814
vn 0.7411 0.4689 0.4805
vn 0.8126 0.4327 0.3905
vn 0.4748 0.6583 0.5841
vn 0.4864 0.6131 0.6225
vn 0.4385 0.7227 0.5343
vn 0.3840 0.7227 0.5747
vn 0.4209 0.6579 0.6245
vn 0.4528 0.6113 0.6490
vn 0.4957 0.5877 0.6394
vn 0.5574 0.5868 0.5872
vn 0.4821 0.6008 0.6376
vn 0.5048 0.6430 0.5759
vn 0.6695 0.5638 0.4835
vn 0.7415 0.4999 0.4475
vn 0.5383 0.6483 0.5385
vn 0.5847 0.5408 0.6046
vn 0.7021 0.5076 0.4994
vn 0.5434 0.6131 0.5734
vn 0.7749 0.5980 0.2044
vn 0.8316 0.4890 0.2633
vn 0.5715 0.4483 0.6873
vn 0.4640 0.5144 0.7212
vn 0.3727 0.6319 0.6795
vn 0.2023 0.4834 0.8517
vn 0.6994 0.6423 0.3134
vn 0.6996 0.6662 0.2583
vn 0.3177 0.5145 0.7964
vn 0.1506 0.2977 0.9427
vn 0.1289 0.9791 0.1571
vn 0.1875 0.9553 0.2284
vn 0.0829 0.9888 0.1241
vn 0.1568 0.9593 0.2347
vn 0.2566 0.9145 0.3127
vn 0.3238 0.8599 0.3945
vn 0.2251 0.9142 0.3370
vn 0.2835 0.8599 0.4244
vn 0.3856 0.7941 0.4698
vn 0.3377 0.7941 0.5054
vn 0.3707 0.4279 0.8242
vn 0.3554 0.1960 0.9139
vn 0.3994 0.4633 0.7911
vn 0.3927 0.5047 0.7688
vn 0.5090 0.4388 0.7405
vn 0.6475 0.2350 0.7249
vn 0.0958 0.9791 0.1793
vn 0.1393 0.9553 0.2606
vn 0.0571 0.9888 0.1379
vn 0.1080 0.9593 0.2608
vn 0.1907 0.9145 0.3567
vn 0.2406 0.8599 0.4501
vn 0.1551 0.9142 0.3744
vn 0.1953 0.8599 0.4715
vn 0.2865 0.7941 0.5360
vn 0.3258 0.7227 0.6095
vn 0.2326 0.7941 0.5615
vn 0.2645 0.7227 0.6386
vn 0.3611 0.6631 0.6556
vn 0.4093 0.6324 0.6576
vn 0.2894 0.6695 0.6840
vn 0.3156 0.6591 0.6826
vn 0.4604 0.6270 0.6284
vn 0.4515 0.6500 0.6112
vn 0.3402 0.6532 0.6764
vn 0.3139 0.6172 0.7214
vn 0.3869 0.6415 0.6623
vn 0.3638 0.5334 0.7636
vn 0.2240 0.5637 0.7950
vn 0.1836 0.5121 0.8390
vn 0.3934 0.4353 0.8098
vn 0.2668 0.4946 0.8271
vn 0.2046 0.6508 0.7311
vn 0.1701 0.5614 0.8098
vn 0.2145 0.6679 0.7126
vn 0.1463 0.6673 0.7302
vn 0.1450 0.6386 0.7557
vn 0.1310 0.5180 0.8453
vn 0.1050 0.4876 0.8667
vn 0.0937 0.5339 0.8403
vn 0.1015 0.4544 0.8849
vn 0.1266 0.5996 0.7902
vn 0.2149 0.6119 0.7611
vn 0.4025 0.6153 0.6778
vn 0.2515 0.7324 0.6327
vn 0.4002 0.7124 0.5764
vn 0.5745 0.5299 0.6238
vn 0.7333 0.3693 0.5708
vn 0.4731 0.6185 0.6273
vn 0.4505 0.5021 0.7382
vn 0.0590 0.9791 0.1945
vn 0.0858 0.9553 0.2828
vn 0.0291 0.9888 0.1464
vn 0.0551 0.9593 0.2769
vn 0.1174 0.9145 0.3871
vn 0.1481 0.8599 0.4884
vn 0.0790 0.9142 0.3974
vn 0.0996 0.8599 0.5006
vn 0.1764 0.7941 0.5816
vn 0.2006 0.7227 0.6614
vn 0.1186 0.7941 0.5961
vn 0.1348 0.7227 0.6779
vn 0.2148 0.6717 0.7090
vn 0.1447 0.6716 0.7266
vn 0.0199 0.9791 0.2023
vn 0.0290 0.9553 0.2941
vn 0.0000 0.9888 0.1493
vn 0.0000 0.9593 0.2823
vn 0.0396 0.9145 0.4025
vn 0.0500 0.8599 0.5079
vn 0.0000 0.9142 0.4052
vn 0.0000 0.8599 0.5104
vn 0.0596 0.7941 0.6048
vn 0.0677 0.7227 0.6878
vn 0.0000 0.7941 0.6078
vn 0.0000 0.7227 0.6912
vn 0.0755 0.6729 0.7358
vn 0.0891 0.6728 0.7344
vn 0.0043 0.6760 0.7369
vn 0.0239 0.6852 0.7279
vn 0.1133 0.6422 0.7581
vn 0.1338 0.5065 0.8518
vn 0.0647 0.6639 0.7450
vn 0.1208 0.5314 0.8385
vn 0.1510 0.4555 0.8773
vn 0.2109 0.6647 0.7167
vn 0.1927 0.4837 0.8537
vn 0.2673 0.7000 0.6622
vn 0.3001 0.8059 0.5104
vn 0.3422 0.7509 0.5647
vn 0.2696 0.8304 0.4875
vn 0.1306 0.7147 0.6871
vn 0.2322 0.6002 0.7654
vn -0.0301 0.4060 0.9134
vn -0.1205 0.4462 0.8868
vn -0.3290 0.2169 0.9191
vn 0.0124 0.6974 0.7165
vn 0.0850 0.5870 0.8051
vn -0.0405 0.7012 0.7118
vn -0.0957 0.7215 0.6857
vn -0.0329 0.7349 0.6773
vn 0.0104 0.6434 0.7655
vn 0.1741 0.5366 0.8256
vn 0.2291 0.7139 0.6617
vn 0.0303 0.5859 0.8098
vn -0.0028 0.7067 0.7075
vn 0.1245 0.8051 0.5799
vn -0.1453 0.5657 0.8117
vn -0.1652 0.7191 0.6749
vn -0.3727 0.3891 0.8424
vn -0.4055 0.2236 0.8863
vn -0.4414 0.1899 0.8769
vn -0.4642 0.1123 0.8786
vn -0.3847 0.3171 0.8668
vn -0.0199 0.9791 0.2023
vn -0.0290 0.9553 0.2941
vn -0.0291 0.9888 0.1464
vn -0.0551 0.9593 0.2769
vn -0.0396 0.9145 0.4025
vn -0.0500 0.8599 0.5079
vn -0.0790 0.9142 0.3974
vn -0.0996 0.8599 0.5006
vn -0.0596 0.7941 0.6048
vn -0.0677 0.7227 0.6878
vn -0.1186 0.7941 0.5961
vn -0.1348 0.7227 0.6779
vn -0.0665 0.6800 0.7302
vn -0.1350 0.6852 0.7157
vn -0.1174 0.9145 0.3871
vn -0.1481 0.8599 0.4884
vn -0.0858 0.9553 0.2828
vn -0.1080 0.9593 0.2608
vn -0.1551 0.9142 0.3744
vn -0.1953 0.8599 0.4715
vn -0.1764 0.7941 0.5816
vn -0.2006 0.7227 0.6614
vn -0.2326 0.7941 0.5615
vn -0.2645 0.7227 0.6386
vn -0.2032 0.6910 0.6936
vn -0.1570 0.7446 0.6488
vn -0.2744 0.6944 0.6652
vn -0.2440 0.7580 0.6048
vn -0.0994 0.7700 0.6302
vn -0.1021 0.6758 0.7300
vn -0.2184 0.7912 0.5712
vn -0.2448 0.6937 0.6774
vn -0.1603 0.5809 0.7981
vn -0.2827 0.6147 0.7364
vn -0.3021 0.5496 0.7789
vn -0.4421 0.4701 0.7639
vn -0.4544 0.5700 0.6845
vn -0.5344 0.3011 0.7898
vn -0.6177 0.4037 0.6749
vn -0.6305 0.3482 0.6937
vn -0.4191 0.1647 0.8928
vn -0.2470 0.3940 0.8853
vn -0.3731 0.3873 0.8430
vn -0.1176 0.4391 0.8907
vn -0.0590 0.9791 0.1945
vn -0.0571 0.9888 0.1379
vn -0.4265 0.5435 0.7230
vn -0.5342 0.3411 0.7735
vn -0.3890 0.7056 0.5922
vn -0.5168 0.7009 0.4917
vn -0.5646 0.5534 0.6123
vn -0.6148 0.2858 0.7350
vn -0.6789 0.2612 0.6861
vn -0.6415 0.4944 0.5865
vn -0.6373 0.2050 0.7429
vn -0.5342 0.6050 0.5904
vn -0.3150 0.6768 0.6653
vn -0.1180 0.5032 0.8560
vn -0.3168 0.8227 0.4718
vn -0.2851 0.5748 0.7670
vn -0.0958 0.9791 0.1793
vn -0.1393 0.9553 0.2606
vn -0.0829 0.9888 0.1241
vn -0.1568 0.9593 0.2347
vn -0.1907 0.9145 0.3567
vn -0.2406 0.8599 0.4501
vn -0.2251 0.9142 0.3370
vn -0.2835 0.8599 0.4244
vn -0.2865 0.7941 0.5360
vn -0.3258 0.7227 0.6095
vn -0.3377 0.7941 0.5054
vn -0.3840 0.7227 0.5747
vn -0.3453 0.6924 0.6335
vn -0.3405 0.7498 0.5673
vn -0.4125 0.6858 0.5996
vn -0.4278 0.7235 0.5417
vn -0.3521 0.7836 0.5119
vn -0.4645 0.7502 0.4705
vn -0.2566 0.9145 0.3127
vn -0.3238 0.8599 0.3945
vn -0.1875 0.9553 0.2284
vn -0.1996 0.9593 0.1996
vn -0.2865 0.9142 0.2865
vn -0.3609 0.8599 0.3609
vn -0.3856 0.7941 0.4698
vn -0.4385 0.7227 0.5343
vn -0.4298 0.7941 0.4298
vn -0.4887 0.7227 0.4887
vn -0.4757 0.6769 0.5616
vn -0.5070 0.6879 0.5192
vn -0.5341 0.6676 0.5186
vn -0.5774 0.6504 0.4934
vn -0.5538 0.7028 0.4465
vn -0.5952 0.6823 0.4245
vn -0.6113 0.6617 0.4341
vn -0.5761 0.7016 0.4193
vn -0.6283 0.5726 0.5265
vn -0.6346 0.3102 0.7078
vn -0.5240 0.6475 0.5533
vn -0.5507 0.3745 0.7460
vn -0.5692 0.2219 0.7917
vn -0.4743 0.5872 0.6559
vn -0.5796 0.2282 0.7823
vn -0.6078 0.4696 0.6403
vn -0.4070 0.8242 0.3937
vn -0.4447 0.6959 0.5639
vn -0.5952 0.7248 0.3469
vn -0.5440 0.7804 0.3081
vn -0.1289 0.9791 0.1571
vn -0.1056 0.9888 0.1056
vn -0.3847 0.7444 0.5457
vn -0.5291 0.4317 0.7305
vn -0.4849 0.7618 0.4295
vn -0.4185 0.7884 0.4508
vn -0.4559 0.7852 0.4190
vn -0.7238 0.4621 0.5124
vn -0.6770 0.1702 0.7160
vn -0.7781 0.3060 0.5484
vn -0.8453 0.1139 0.5219
vn -0.8664 0.2046 0.4555
vn -0.7534 0.5924 0.2854
vn -0.5959 0.7904 0.1420
vn -0.7883 0.5283 0.3153
vn -0.5944 0.7907 0.1465
vn -0.1571 0.9791 0.1289
vn -0.2284 0.9553 0.1875
vn -0.1241 0.9888 0.0829
vn -0.2347 0.9593 0.1568
vn -0.3127 0.9145 0.2566
vn -0.3945 0.8599 0.3238
vn -0.3370 0.9142 0.2251
vn -0.4244 0.8599 0.2835
vn -0.4698 0.7941 0.3856
vn -0.5343 0.7227 0.4385
vn -0.5054 0.7941 0.3377
vn -0.5747 0.7227 0.3840
vn -0.5835 0.6608 0.4720
vn -0.6221 0.6232 0.4739
vn -0.6177 0.6623 0.4239
vn -0.6175 0.6287 0.4726
vn -0.6174 0.6476 0.4466
vn -0.5530 0.6611 0.5071
vn -0.5360 0.7941 0.2865
vn -0.6095 0.7227 0.3258
vn -0.4501 0.8599 0.2406
vn -0.4715 0.8599 0.1953
vn -0.5615 0.7941 0.2326
vn -0.6386 0.7227 0.2645
vn -0.6417 0.6744 0.3652
vn -0.5936 0.6753 0.4375
vn -0.6660 0.6877 0.2888
vn -0.6026 0.7307 0.3208
vn -0.4994 0.6968 0.5147
vn -0.4799 0.7460 0.4616
vn -0.5457 0.7543 0.3649
vn -0.6374 0.6861 0.3506
vn -0.6618 0.6889 0.2956
vn -0.8982 0.3657 0.2438
vn -0.8172 0.5260 0.2358
vn -0.9386 0.2926 0.1827
vn -0.9437 0.1193 0.3086
vn -0.8936 0.2200 0.3912
vn -0.9474 0.1855 0.2609
vn -0.8759 0.3059 0.3731
vn -0.7630 0.5207 0.3829
vn -0.5863 0.7750 0.2358
vn -0.7286 0.5424 0.4183
vn -0.5961 0.7346 0.3240
vn -0.1793 0.9791 0.0958
vn -0.2606 0.9553 0.1393
vn -0.1379 0.9888 0.0571
vn -0.2608 0.9593 0.1080
vn -0.3567 0.9145 0.1907
vn -0.3744 0.9142 0.1551
vn 0.0000 -1.0000 0.0000
vn -0.9315 0.2508 0.2634
vn -0.8607 0.3884 0.3291
vn -0.9336 0.2875 0.2139
vn -0.9314 0.2911 0.2185
vn -0.9420 0.2668 0.2033
vn -0.8900 0.4214 0.1739
vn -0.3313 0.2954 0.8961
vn 0.3570 0.4548 0.8159
vn -0.3623 0.1984 0.9107
vn -0.2624 0.4788 0.8378
vn -0.4641 0.4321 0.7732
vn 0.2521 0.5713 0.7810
vn -0.7327 0.5782 0.3589
vn -0.6523 0.6973 0.2971
vn -0.7945 0.5941 0.1256
vn -0.7606 0.6483 0.0342
vn -0.1945 0.9791 0.0590
vn -0.2828 0.9553 0.0858
vn -0.1464 0.9888 0.0291
vn -0.2769 0.9593 0.0551
vn -0.3871 0.9145 0.1174
vn -0.4884 0.8599 0.1481
vn -0.3974 0.9142 0.0790
vn -0.5006 0.8599 0.0996
vn -0.5816 0.7941 0.1764
vn -0.6614 0.7227 0.2006
vn -0.5961 0.7941 0.1186
vn -0.6779 0.7227 0.1348
vn -0.6901 0.6927 0.2096
vn -0.6307 0.7516 0.1932
vn -0.7080 0.6923 0.1397
vn -0.6501 0.7498 0.1231
vn -0.6097 0.7712 0.1830
vn -0.7416 0.6412 0.1971
vn -0.6316 0.7667 0.1152
vn -0.7595 0.6322 0.1531
vn -0.8751 0.4409 0.1992
vn -0.8775 0.4351 0.2017
vn 0.8876 0.2814 -0.3645
vn 0.9486 0.1912 -0.2520
vn 0.9531 0.3011 -0.0292
vn 0.8100 0.5808 0.0803
vn 0.7350 0.5555 -0.3888
vn 0.7845 0.5310 -0.3202
vn -0.7194 0.6912 0.0689
vn -0.6643 0.7455 0.0547
vn -0.6878 0.7227 0.0677
vn -0.6912 0.7227 0.0000
vn -0.7279 0.6856 -0.0117
vn -0.6885 0.7224 -0.0644
vn -0.2777 0.3671 0.8877
vn -0.2264 0.5466 0.8062
vn -0.2607 0.2897 0.9209
vn -0.2281 0.4625 0.8567
vn -0.4646 0.5487 0.6950
vn -0.4153 0.6535 0.6328
vn -0.6365 0.7696 0.0507
vn -0.7397 0.6643 0.1075
vn -0.6444 0.7547 -0.1233
vn -0.6838 0.7272 -0.0601
vn 0.7078 0.4126 0.5732
vn 0.8012 0.1687 0.5741
vn 0.6740 0.1089 0.7306
vn 0.6293 0.1780 0.7565
vn 0.8856 0.3428 0.3131
vn 0.8308 0.5462 0.1069
vn 0.7570 0.6525 -0.0330
vn 0.6861 0.6663 0.2919
vn 0.7712 0.5752 0.2729
vn -0.8543 0.4777 0.2048
vn -0.9226 0.2931 0.2506
vn -0.7796 0.6052 0.1611
vn -0.8611 0.3599 0.3591
vn -0.5421 0.8368 0.0764
vn -0.5061 0.8578 0.0898
vn -0.5860 0.7936 0.1637
vn -0.6890 0.7209 0.0749
vn -0.6880 0.7241 0.0482
vn -0.6529 0.7306 0.1997
vn -0.9476 0.2365 0.2148
vn -0.9155 0.3860 0.1135
vn -0.8910 0.2062 0.4043
vn -0.9182 0.2633 0.2958
vn -0.7918 0.5735 -0.2100
vn -0.5626 0.6725 -0.4808
vn -0.4850 0.6328 -0.6036
vn -0.7602 0.6261 -0.1731
vn -0.6521 0.7256 -0.2196
vn -0.7023 0.5996 -0.3838
vn -0.6740 0.5106 -0.5338
vn -0.7833 0.5216 -0.3380
vn -0.6262 0.6144 -0.4798
vn -0.8449 0.5332 -0.0417
vn -0.8149 0.5488 -0.1862
vn -0.9160 0.4001 0.0286
vn -0.8427 0.5308 -0.0900
vn -0.2023 0.9791 0.0199
vn -0.2941 0.9553 0.0290
vn -0.1493 0.9888 0.0000
vn -0.2823 0.9593 0.0000
vn 0.1615 0.7270 -0.6673
vn -0.0734 0.6933 -0.7169
vn -0.0212 0.8285 -0.5596
vn 0.1584 0.7484 -0.6440
vn 0.3408 0.6611 -0.6684
vn 0.4455 0.5595 -0.6989
vn 0.0245 0.5952 -0.8032
vn -0.2047 0.5418 -0.8152
vn -0.4025 0.9145 0.0396
vn -0.5079 0.8599 0.0500
vn -0.4053 0.9142 0.0000
vn -0.5104 0.8599 0.0000
vn -0.7889 0.5594 -0.2542
vn -0.7592 0.6436 -0.0965
vn -0.7662 0.6420 0.0267
vn -0.6886 0.7033 0.1768
vn -0.7244 0.6468 -0.2383
vn -0.7361 0.6580 -0.1586
vn -0.6048 0.7941 0.0596
vn -0.6078 0.7941 0.0000
vn 0.9339 0.1289 0.3335
vn 0.9354 -0.0341 0.3520
vn 0.8153 0.4266 0.3915
vn 0.7312 0.4493 0.5133
vn -0.9697 0.2068 0.1302
vn -0.8308 0.5453 0.1112
vn -0.9361 0.1107 0.3340
vn -0.9826 0.1252 -0.1374
vn -0.9881 0.1483 0.0408
vn -0.8194 0.5228 0.2353
vn -0.2023 0.9791 -0.0199
vn -0.2941 0.9553 -0.0290
vn -0.1464 0.9888 -0.0291
vn -0.2769 0.9593 -0.0551
vn 0.7812 0.1127 -0.6140
vn 0.9462 0.1629 -0.2795
vn 0.8945 0.0771 -0.4404
vn 0.7865 0.4822 -0.3857
vn 0.7199 0.4933 -0.4882
vn 0.8516 0.4880 -0.1911
vn -0.4025 0.9145 -0.0396
vn -0.5079 0.8599 -0.0500
vn -0.3974 0.9142 -0.0790
vn -0.5006 0.8599 -0.0996
vn -0.8051 0.1984 -0.5590
vn -0.8295 0.3812 -0.4081
vn -0.8197 0.5700 -0.0555
vn -0.7873 0.4824 -0.3840
vn -0.7547 0.3497 -0.5551
vn -0.7850 0.1996 -0.5865
vn -0.8013 0.3919 -0.4520
vn -0.7268 0.3864 -0.5679
vn -0.5733 0.4069 -0.7111
vn -0.6048 0.7941 -0.0596
vn -0.6878 0.7227 -0.0677
vn -0.5961 0.7941 -0.1186
vn -0.6779 0.7227 -0.1348
vn -0.0787 0.4206 -0.9038
vn 0.1090 0.3616 -0.9259
vn 0.1532 0.4411 -0.8842
vn 0.2488 0.4830 -0.8395
vn -0.0446 0.4974 -0.8663
vn -0.0595 0.5053 -0.8609
vn -0.7342 0.6728 -0.0909
vn -0.7226 0.6695 -0.1718
vn -0.7341 0.6607 -0.1567
vn -0.7549 0.6219 -0.2079
vn -0.7352 0.2883 -0.6135
vn -0.6539 0.2806 -0.7026
vn -0.3200 0.2960 -0.9000
vn -0.4797 0.4283 -0.7657
vn -0.6038 0.5277 -0.5974
vn -0.7800 0.4335 -0.4512
vn -0.6552 0.7057 -0.2695
vn -0.5641 0.7997 -0.2054
vn -0.6898 0.6762 -0.2588
vn -0.4726 0.8599 -0.1929
vn -0.6008 0.7236 0.3397
vn -0.5657 0.7920 0.2296
vn -0.6623 0.7492 -0.0042
vn -0.5682 0.6713 0.4759
vn -0.5940 0.8001 0.0828
vn -0.7570 0.5512 0.3507
vn -0.3890 0.9203 -0.0396
vn -0.6949 0.7182 -0.0362
vn 0.6100 0.4082 -0.6792
vn 0.9322 0.2821 -0.2264
vn 0.8998 0.3985 -0.1776
vn 0.6571 0.4508 -0.6041
vn -0.8658 0.2565 0.4295
vn -0.9271 0.3563 -0.1161
vn -0.7218 0.6566 -0.2187
vn -0.7614 0.6062 -0.2296
vn -0.6614 0.7227 -0.2006
vn -0.6386 0.7227 -0.2645
vn -0.6968 0.6578 -0.2860
vn -0.7360 0.6113 -0.2908
vn 0.8296 0.5183 -0.2075
vn 0.8846 0.4371 -0.1624
vn 0.5965 0.6651 0.4492
vn 0.5201 0.6688 0.5312
vn 0.8084 0.5712 -0.1421
vn -0.7135 0.6659 -0.2179
vn -0.4583 0.8744 -0.1595
vn -0.6987 0.6617 -0.2718
vn -0.4707 0.8494 -0.2385
vn 0.4463 0.4076 -0.7966
vn 0.5145 0.1461 -0.8449
vn 0.5420 0.3916 -0.7435
vn 0.6920 0.4152 -0.5905
vn -0.3300 0.9242 -0.1922
vn -0.6227 0.6398 -0.4504
vn -0.3681 0.8712 -0.3248
vn -0.6659 0.5154 -0.5394
vn -0.3941 0.6592 -0.6404
vn -0.3549 0.8313 -0.4277
vn -0.3993 0.5181 -0.7564
vn -0.7466 0.2193 -0.6280
vn -0.8059 0.2337 -0.5439
vn -0.8233 0.1878 -0.5356
vn -0.7873 0.5138 -0.3409
vn -0.6595 0.7333 0.1651
vn -0.7095 0.7007 0.0754
vn -0.8900 0.4501 -0.0728
vn -0.7909 0.5616 0.2430
vn -0.6875 0.7259 -0.0182
vn -0.1945 0.9791 -0.0590
vn -0.2828 0.9553 -0.0858
vn -0.1379 0.9888 -0.0571
vn -0.2608 0.9593 -0.1080
vn 0.3539 0.1496 0.9232
vn -0.0224 0.1760 0.9841
vn 0.7494 0.1853 0.6356
vn 0.7212 0.4914 0.4882
vn 0.3124 0.5268 0.7905
vn -0.1060 0.4521 0.8856
vn -0.3871 0.9145 -0.1174
vn -0.4884 0.8599 -0.1481
vn -0.3744 0.9142 -0.1551
vn -0.4715 0.8599 -0.1953
vn -0.2642 0.4775 0.8379
vn -0.3643 0.7412 0.5638
vn -0.2215 0.6155 0.7563
vn -0.0238 0.4608 0.8872
vn -0.5816 0.7941 -0.1764
vn -0.5615 0.7941 -0.2326
vn -0.1776 0.3586 0.9164
vn -0.1242 0.5705 0.8119
vn 0.0790 0.6785 0.7303
vn 0.1187 0.5801 0.8058
vn -0.6824 0.7279 -0.0668
vn -0.8290 0.5586 -0.0248
vn -0.8089 0.5810 -0.0898
vn -0.7689 0.5743 -0.2810
vn -0.1793 0.9791 -0.0958
vn -0.2606 0.9553 -0.1393
vn -0.1241 0.9888 -0.0829
vn -0.2347 0.9593 -0.1568
vn 0.9854 0.1048 -0.1339
vn 0.8482 0.4964 -0.1846
vn -0.3567 0.9145 -0.1907
vn -0.4501 0.8599 -0.2406
vn -0.3370 0.9142 -0.2251
vn -0.4244 0.8599 -0.2835
vn 0.8385 0.2890 0.4620
vn 0.8232 0.4321 0.3682
vn -0.5360 0.7941 -0.2865
vn -0.6095 0.7227 -0.3258
vn -0.5054 0.7941 -0.3377
vn -0.5747 0.7227 -0.3840
vn -0.1671 0.6326 0.7562
vn -0.1911 0.7096 0.6782
vn -0.6641 0.6602 -0.3508
vn -0.7003 0.6211 -0.3519
vn -0.6262 0.6664 -0.4046
vn -0.6679 0.6452 -0.3710
vn 0.9834 0.1769 0.0389
vn 0.9136 0.4018 0.0614
vn -0.6778 0.6558 -0.3323
vn -0.5090 0.7955 -0.3287
vn -0.6840 0.6599 -0.3108
vn -0.6066 0.7215 -0.3337
vn -0.4704 0.8488 0.2413
vn -0.5135 0.7142 0.4757
vn -0.4140 0.8105 -0.4143
vn -0.6870 0.5408 -0.4853
vn -0.4948 0.7402 -0.4552
vn -0.5822 0.6597 -0.4752
vn -0.0110 0.3727 0.9279
vn -0.1331 0.4466 0.8847
vn -0.9078 0.3207 -0.2704
vn -0.7725 0.5806 -0.2571
vn -0.7131 0.6844 -0.1518
vn -0.5220 0.5885 -0.6173
vn -0.0667 0.0950 0.9932
vn 0.1767 0.1966 0.9644
vn 0.1650 0.6995 0.6953
vn -0.1820 0.7245 0.6648
vn -0.0933 0.8137 0.5737
vn -0.0655 0.1187 0.9908
vn -0.0169 -0.8969 0.4419
vn -0.0093 -0.8746 0.4847
vn 0.0775 -0.7931 0.6041
vn -0.6447 0.6933 -0.3218
vn -0.6636 0.6485 -0.3729
vn -0.6066 0.6889 -0.3968
vn -0.4932 0.7153 -0.4950
vn -0.4844 0.7279 -0.4853
vn -0.5505 0.6372 -0.5393
vn -0.1146 -0.1155 -0.9867
vn -0.2202 -0.1647 -0.9614
vn -0.2368 0.3272 -0.9148
vn -0.0847 0.3096 -0.9471
vn 0.2548 0.4112 -0.8751
vn 0.1147 0.0731 -0.9907
vn 0.0202 -0.7313 -0.6817
vn -0.0904 -0.8366 -0.5403
vn -0.1028 -0.8793 -0.4650
vn -0.5791 0.6392 -0.5060
vn -0.4647 0.7285 -0.5033
vn -0.5809 0.5741 -0.5770
vn -0.4407 0.6899 -0.5742
vn -0.9978 0.0528 0.0401
vn -0.9926 -0.0259 0.1181
vn -0.7102 0.7039 0.0016
vn -0.6420 0.7644 -0.0583
vn -0.6378 0.7579 0.1372
vn -0.9854 0.1292 0.1107
vn -0.4902 -0.8701 0.0506
vn -0.4197 -0.9066 0.0437
vn -0.3832 -0.9213 0.0656
vn -0.5046 0.7679 -0.3945
vn -0.6404 0.6242 -0.4474
vn -0.2575 0.7172 -0.6475
vn -0.2587 0.5124 -0.8188
vn 0.9641 0.2075 -0.1654
vn 0.9154 0.3512 -0.1968
vn 0.4716 0.8644 -0.1743
vn 0.5267 0.8346 -0.1609
vn 0.5547 0.8308 0.0451
vn 0.9527 0.3039 -0.0049
vn 0.5932 -0.8043 -0.0334
vn 0.5008 -0.8628 -0.0687
vn 0.5865 -0.8050 -0.0894
vn -0.6680 0.4133 -0.6188
vn -0.2662 0.2789 -0.9227
vn -0.1571 0.9791 -0.1289
vn -0.2284 0.9553 -0.1875
vn -0.1056 0.9888 -0.1056
vn -0.1996 0.9593 -0.1996
vn 0.4238 0.1924 -0.8850
vn 0.1888 0.4613 -0.8669
vn -0.3127 0.9145 -0.2566
vn -0.3945 0.8599 -0.3238
vn -0.2865 0.9142 -0.2865
vn -0.3609 0.8599 -0.3609
vn -0.2817 0.5815 -0.7632
vn -0.1108 0.4285 -0.8967
vn -0.4419 0.6100 -0.6577
vn -0.4698 0.7941 -0.3856
vn -0.5343 0.7227 -0.4385
vn -0.4298 0.7941 -0.4298
vn -0.4887 0.7227 -0.4887
vn 0.9359 -0.0179 0.3516
vn 0.8590 0.1197 0.4977
vn 0.8653 0.4671 0.1816
vn -0.5777 0.6773 -0.4555
vn -0.5160 0.6835 -0.5163
vn -0.1289 0.9791 -0.1571
vn -0.1875 0.9553 -0.2284
vn -0.0829 0.9888 -0.1241
vn -0.1568 0.9593 -0.2347
vn -0.5203 0.2259 0.8235
vn -0.4285 0.2335 0.8728
vn -0.3440 0.7548 0.5585
vn -0.3602 0.7945 0.4889
vn -0.2360 0.7833 0.5750
vn -0.4909 0.1480 0.8585
vn -0.2629 -0.8728 0.4111
vn -0.2993 -0.8264 0.4768
vn -0.2586 -0.7870 0.5602
vn -0.2566 0.9145 -0.3127
vn -0.3238 0.8599 -0.3945
vn -0.2251 0.9142 -0.3370
vn -0.2835 0.8599 -0.4244
vn 0.6775 0.6526 0.3392
vn 0.5962 0.7685 0.2321
vn 0.4449 0.8878 0.1179
vn 0.4699 0.8673 0.1639
vn 0.5873 0.8004 0.1200
vn 0.8053 0.4243 0.4140
vn 0.5968 -0.7031 0.3866
vn 0.7439 -0.5190 0.4209
vn 0.8469 -0.3716 0.3803
vn -0.3856 0.7941 -0.4698
vn -0.4385 0.7227 -0.5343
vn -0.3377 0.7941 -0.5054
vn -0.3840 0.7227 -0.5747
vn -0.9227 -0.0698 0.3792
vn -0.8578 -0.0755 0.5084
vn -0.8164 0.3825 0.4327
vn -0.8380 0.4779 0.2634
vn -0.7912 0.5795 0.1954
vn -0.9495 -0.0721 0.3053
vn -0.4068 -0.9038 0.1326
vn -0.4585 -0.8677 0.1916
vn -0.4762 -0.8317 0.2856
vn -0.4569 0.6781 -0.5757
vn -0.4051 0.6923 -0.5971
vn -0.4105 0.6725 -0.6157
vn -0.4084 0.6709 -0.6189
vn -0.5365 0.5598 -0.6315
vn -0.4277 0.7759 -0.4637
vn -0.5396 0.6921 -0.4794
vn -0.6439 0.5737 -0.5061
vn -0.5517 0.4522 -0.7008
vn -0.4844 0.1864 -0.8548
vn -0.2834 -0.6913 -0.6646
vn -0.4746 -0.4407 -0.7619
vn -0.5972 -0.2408 -0.7650
vn -0.3401 0.6998 -0.6282
vn -0.3875 0.6529 -0.6508
vn -0.3947 0.6805 -0.6173
vn -0.3796 0.6674 -0.6406
vn 0.5827 0.7420 -0.3313
vn 0.6611 0.6507 -0.3735
vn 0.4821 0.8595 -0.1696
vn 0.4104 0.8833 -0.2267
vn 0.4302 0.8819 -0.1928
vn 0.6248 0.7395 -0.2503
vn 0.8600 -0.3939 -0.3243
vn 0.7855 -0.4060 -0.4671
vn 0.7134 -0.5301 -0.4582
vn -0.4913 0.5929 -0.6380
vn -0.4297 0.5457 -0.7194
vn -0.3638 0.5832 -0.7263
vn -0.3070 0.3856 -0.8701
vn -0.6672 0.6371 -0.3858
vn -0.6861 0.5588 -0.4658
vn -0.4287 0.7711 -0.4707
vn -0.4692 0.8341 -0.2900
vn -0.5259 0.8102 -0.2589
vn -0.6538 0.6477 -0.3911
vn -0.7226 -0.5312 -0.4422
vn -0.7218 -0.5581 -0.4093
vn -0.6961 -0.5937 -0.4035
vn -0.1606 0.4443 -0.8814
vn 0.0226 0.2754 -0.9610
vn -0.1713 0.2104 -0.9625
vn -0.1573 0.2905 -0.9438
vn 0.3919 0.1629 -0.9055
vn 0.2809 0.3548 -0.8917
vn 0.0727 0.7656 -0.6392
vn 0.1839 0.6829 -0.7070
vn 0.3688 0.6179 -0.6943
vn 0.5145 0.0744 -0.8542
vn 0.2855 -0.8400 -0.4614
vn 0.2657 -0.8110 -0.5212
vn 0.2529 -0.7194 -0.6470
vn 0.0136 0.2605 -0.9654
vn -0.3252 0.5016 -0.8016
vn -0.4657 0.6879 -0.5567
vn -0.4465 0.6130 -0.6518
vn -0.4053 0.6918 -0.5975
vn -0.3211 0.7361 -0.5958
vn -0.3877 0.7295 -0.5634
vn -0.4348 0.5602 -0.7051
vn -0.5904 0.6868 -0.4239
vn -0.5466 0.7681 -0.3334
vn -0.4880 0.7419 -0.4597
vn -0.4756 0.7547 -0.4519
vn -0.7071 -0.3341 -0.6232
vn -0.7259 -0.4527 -0.5178
vn -0.3089 0.4663 -0.8289
vn -0.2125 0.2516 -0.9442
vn -0.3758 0.3431 -0.8608
vn -0.3305 0.2129 -0.9195
vn -0.9866 0.1388 0.0858
vn -0.7541 0.6161 0.2273
vn -0.8196 0.5396 -0.1926
vn -0.9589 0.1825 -0.2172
vn -0.6884 -0.7117 -0.1398
vn -0.6023 -0.7977 0.0307
vn -0.2557 0.2077 -0.9442
vn -0.4414 0.4981 -0.7463
vn -0.3906 0.3205 -0.8629
vn -0.4835 0.6837 -0.5465
vn 0.6405 0.1362 -0.7557
vn 0.5494 0.6143 -0.5664
vn 0.6415 0.6824 -0.3504
vn 0.7395 0.3069 -0.5991
vn 0.5291 -0.6940 -0.4882
vn 0.3737 -0.7919 -0.4829
vn -0.6383 0.6790 -0.3626
vn -0.5431 0.8202 -0.1796
vn -0.0958 0.9791 -0.1793
vn -0.1393 0.9553 -0.2606
vn -0.0571 0.9888 -0.1379
vn -0.1080 0.9593 -0.2608
vn 0.7930 0.5958 0.1275
vn 0.4748 0.8513 0.2230
vn 0.4155 0.8939 0.1679
vn 0.5727 0.8081 0.1379
vn 0.9346 -0.3187 0.1580
vn 0.8104 -0.5843 0.0412
vn -0.1907 0.9145 -0.3567
vn -0.2406 0.8599 -0.4501
vn -0.1551 0.9142 -0.3744
vn -0.1953 0.8599 -0.4715
vn 0.3178 0.7538 0.5751
vn 0.3779 0.5131 0.7706
vn 0.0640 0.8282 0.5568
vn 0.1850 0.8935 0.4092
vn 0.3785 0.8520 0.3618
vn 0.3439 0.7528 0.5613
vn 0.4137 -0.3708 0.8314
vn 0.4810 -0.4140 0.7728
vn 0.4086 -0.6708 0.6189
vn -0.2865 0.7941 -0.5360
vn -0.3258 0.7227 -0.6095
vn -0.2326 0.7941 -0.5615
vn -0.2645 0.7227 -0.6386
vn -0.4755 0.0497 0.8783
vn -0.1994 0.6531 0.7306
vn -0.4178 0.4806 0.7710
vn -0.5992 -0.0310 0.8000
vn -0.3370 -0.8447 0.4157
vn -0.2656 -0.8695 0.4165
vn -0.3586 0.6781 -0.6415
vn -0.2887 0.6891 -0.6646
vn -0.0054 0.1173 0.9931
vn 0.0797 0.8032 0.5903
vn -0.0093 0.7544 0.6563
vn -0.1089 0.1180 0.9870
vn -0.0606 -0.8693 0.4905
vn -0.0195 -0.8924 0.4507
vn 0.8502 0.1203 0.5125
vn 0.7067 0.6754 0.2107
vn 0.5239 0.6361 0.5664
vn 0.6936 0.0131 0.7202
vn 0.3307 -0.8807 0.3390
vn 0.4352 -0.8365 0.3328
vn -0.1174 0.9145 -0.3871
vn -0.1481 0.8599 -0.4884
vn -0.0858 0.9553 -0.2828
vn -0.0551 0.9593 -0.2769
vn -0.0790 0.9142 -0.3974
vn -0.0996 0.8599 -0.5006
vn 0.2925 0.3461 -0.8914
vn 0.4461 0.6143 -0.6508
vn 0.2988 0.7895 -0.5361
vn 0.2705 0.5364 -0.7995
vn 0.2259 -0.5815 -0.7815
vn 0.1696 -0.6295 -0.7582
vn -0.1764 0.7941 -0.5816
vn -0.2006 0.7227 -0.6614
vn -0.1186 0.7941 -0.5961
vn -0.1348 0.7227 -0.6779
vn -0.3156 -0.0765 -0.9458
vn -0.3489 0.3748 -0.8589
vn -0.1359 -0.8415 -0.5229
vn -0.2106 0.6952 -0.6872
vn -0.1991 0.7610 -0.6174
vn -0.1308 0.6918 -0.7101
vn -0.0736 0.7468 -0.6608
vn -0.9687 -0.0657 0.2392
vn -0.7501 0.6458 0.1426
vn -0.3783 -0.9204 0.0981
vn -0.2210 0.7668 -0.6026
vn -0.3188 0.5784 -0.7508
vn -0.0213 0.7627 -0.6463
vn -0.1077 0.6399 -0.7609
vn 0.7829 0.5918 -0.1917
vn 0.4557 0.8788 -0.1412
vn 0.7868 -0.5976 -0.1542
vn -0.4201 0.3356 -0.8431
vn -0.4870 0.2300 -0.8425
vn -0.3259 0.4568 -0.8277
vn -0.5296 0.3186 -0.7861
vn 0.3741 0.4953 0.7841
vn 0.4667 0.7411 0.4825
vn 0.2495 -0.5870 0.7701
vn -0.5302 0.3675 -0.7641
vn -0.4704 0.7476 -0.4688
vn -0.6256 0.3634 -0.6903
vn -0.5331 0.6823 -0.5002
vn -0.2754 0.1711 0.9460
vn -0.2057 0.7324 0.6491
vn -0.1470 -0.8218 0.5505
vn -0.3401 0.9096 -0.2385
vn -0.2159 0.8849 -0.4127
vn -0.0590 0.9791 -0.1945
vn -0.0291 0.9888 -0.1464
vn 0.7495 0.4931 -0.4416
vn 0.6019 0.7796 -0.1732
vn 0.6505 -0.6138 -0.4472
vn -0.1346 0.6471 -0.7505
vn -0.4172 0.5189 -0.7461
vn 0.0989 0.6961 -0.7111
vn -0.7492 -0.0746 0.6581
vn -0.6787 0.3699 0.6345
vn -0.4240 -0.8271 0.3688
vn -0.5748 0.4318 -0.6951
vn -0.5119 0.5413 -0.6670
vn 0.4829 0.1429 0.8639
vn 0.1489 0.6942 0.7042
vn 0.3266 -0.8351 0.4426
vn -0.1614 0.7144 -0.6808
vn -0.0199 0.9791 -0.2023
vn -0.0290 0.9553 -0.2941
vn -0.8031 0.3478 -0.4838
vn -0.5635 0.6027 -0.5650
vn -0.6848 -0.6464 -0.3363
vn -0.0396 0.9145 -0.4025
vn -0.0500 0.8599 -0.5079
vn 0.2214 0.5215 -0.8240
vn 0.0928 0.8227 -0.5608
vn 0.2313 -0.6165 -0.7526
vn -0.0596 0.7941 -0.6048
vn -0.0677 0.7227 -0.6878
vn -0.3842 0.8057 -0.4508
vn -0.4347 0.7334 -0.5226
vn -0.6586 -0.2340 -0.7152
vn -0.0543 0.6801 -0.7311
vn 0.0262 0.6988 -0.7149
vn 0.5379 0.8303 0.1455
vn 0.4282 0.9004 0.0769
vn 0.9179 -0.2763 0.2846
vn 0.1315 0.7140 -0.6877
vn 0.0141 -0.9969 -0.0774
vn 0.0170 -0.9984 -0.0529
vn -0.0112 -0.9958 -0.0907
vn -0.0040 -0.9986 -0.0531
vn -0.0097 -0.9991 -0.0414
vn -0.0113 -0.9968 -0.0791
vn -0.0662 -0.9960 -0.0603
vn -0.0682 -0.9928 -0.0985
vn -0.0491 -0.9983 -0.0312
vn -0.0259 -0.9995 -0.0149
vn -0.0272 -0.9995 -0.0146
vn -0.0312 -0.9993 -0.0184
vn -0.0481 -0.9988 0.0110
vn -0.0775 -0.9969 -0.0076
vn -0.0288 -0.9995 0.0078
vn -0.0456 -0.9989 0.0111
vn -0.0333 -0.9994 0.0062
vn -0.0576 -0.9979 0.0288
vn -0.0476 -0.9978 0.0449
vn -0.0287 -0.9986 0.0439
vn -0.0214 -0.9994 0.0257
vn -0.0148 -0.9997 0.0207
vn -0.0201 -0.9989 0.0418
vn -0.0003 -0.9997 0.0254
vn -0.0003 -0.9995 0.0322
vn -0.0014 -0.9997 0.0233
vn 0.0020 -0.9976 0.0690
vn -0.0061 -0.9989 0.0460
vn 0.0319 -0.9966 0.0757
vn 0.0264 -0.9994 0.0229
vn 0.0296 -0.9992 0.0247
vn 0.0244 -0.9994 0.0253
vn 0.0386 -0.9988 0.0308
vn 0.0293 -0.9991 0.0302
vn 0.0537 -0.9980 0.0334
vn -0.0209 -0.9981 -0.0577
vn -0.0392 -0.9940 -0.1024
vn -0.0353 -0.9992 -0.0186
vn -0.0533 -0.9982 -0.0253
vn -0.0253 -0.9996 0.0061
vn -0.0264 -0.9996 0.0057
vn -0.0284 -0.9996 0.0056
vn 0.0243 -0.9997 -0.0030
vn 0.0298 -0.9995 -0.0087
vn 0.0256 -0.9997 0.0014
vn 0.0421 -0.9991 0.0043
vn 0.0693 -0.9974 -0.0186
vn 0.0483 -0.9982 -0.0360
vn 0.0340 -0.9991 -0.0267
vn 0.0418 -0.9986 -0.0312
vn 0.0424 -0.9979 -0.0483
vn 0.0253 -0.9986 -0.0456
vn 0.0203 -0.9992 -0.0349
vn 0.0230 -0.9991 -0.0348
vn 0.0229 -0.9989 -0.0403
vn 0.0184 -0.9988 -0.0448
vn 0.0246 -0.9993 0.0288
vn 0.0387 -0.9984 0.0411
vn 0.0782 -0.9965 0.0294
vn 0.0802 -0.9968 0.0014
vn 0.0465 -0.9988 -0.0141
vn -0.0166 -0.9994 0.0301
vn -0.0051 -0.9991 0.0413
vn -0.0038 -0.9995 0.0307
vn -0.2205 0.0415 0.9745
vn -0.3302 0.6869 0.6473
vn -0.5135 0.5808 0.6316
vn -0.4137 -0.1639 0.8955
vn -0.3789 -0.4108 0.8292
vn -0.1303 -0.2261 0.9653
vn 0.3494 0.0396 0.9361
vn 0.2337 0.4010 0.8858
vn 0.0112 0.7702 0.6376
vn -0.2163 0.9691 -0.1182
vn 0.3169 0.7179 -0.6198
vn 0.3423 0.6006 -0.7226
vn 0.0470 0.9858 -0.1609
vn 0.1026 0.8804 0.4630
vn -0.3902 0.9154 0.0990
vn 0.2113 0.8488 0.4845
vn 0.3334 0.8960 0.2931
vn 0.5644 0.7828 -0.2620
vn 0.1193 -0.8114 0.5722
vn 0.0164 -0.6199 0.7845
vn -0.1584 -0.6712 0.7241
vn -0.0282 -0.8639 0.5029
vn 0.2444 -0.9586 0.1461
vn 0.2791 -0.9326 0.2289
vn 0.7394 -0.4884 0.4634
vn 0.5220 -0.4628 0.7165
vn 0.3218 -0.4266 0.8452
vn 0.5062 -0.1125 -0.8550
vn 0.4750 -0.0027 -0.8799
vn -0.0229 -0.3066 -0.9515
vn 0.0463 -0.5565 -0.8295
vn 0.0195 -0.7189 -0.6948
vn 0.4989 -0.4299 -0.7525
vn 0.9324 -0.1910 -0.3069
vn 0.8446 0.5115 -0.1582
vn 0.8936 0.4182 -0.1632
vn 0.6892 -0.3457 -0.6368
vn 0.5777 -0.7633 -0.2891
vn 0.7114 -0.6499 -0.2673
vn 0.6218 -0.4241 -0.6583
vn 0.6206 -0.2498 -0.7432
vn 0.7115 -0.1599 -0.6842
vn 0.9958 0.0589 -0.0691
vn 0.9941 -0.0650 -0.0869
vn 0.8388 -0.5326 -0.1126
vn -0.2254 0.9738 -0.0281
vn -0.1585 0.9547 -0.2517
vn 0.0845 0.9884 0.1260
vn -0.2927 0.9561 -0.0150
vn 0.1599 0.9695 0.1856
vn 0.1199 0.9878 0.0993
vn 0.6813 0.0811 -0.7275
vn 0.6023 -0.0468 -0.7969
vn 0.9270 0.3544 -0.1227
vn -0.0633 -0.3956 0.9162
vn -0.2848 -0.5083 0.8127
vn 0.3598 -0.2071 0.9098
vn 0.8634 0.4231 0.2747
vn 0.8230 0.2962 -0.4847
vn 0.8333 0.2155 -0.5090
vn 0.9263 0.2622 0.2705
vn 0.1788 0.1486 0.9726
vn 0.1646 0.3201 0.9329
vn 0.3730 -0.2371 0.8970
vn 0.9189 -0.3054 0.2495
vn 0.8997 -0.1609 -0.4058
vn 0.4560 0.5632 0.6890
vn 0.5664 0.4301 0.7030
vn 0.7203 0.1596 0.6750
vn 0.1827 -0.1753 0.9674
vn 0.0501 0.2541 0.9658
vn 0.0457 0.2093 0.9768
vn 0.7652 0.4589 0.4516
vn 0.7091 0.2918 0.6418
vn 0.3336 0.8177 0.4691
vn 0.6883 0.6557 0.3103
vn 0.8705 0.3909 0.2990
vn 0.8808 0.3463 0.3227
vn 0.7595 0.2660 0.5936
vn 0.7311 0.3358 0.5939
vn 0.7364 0.1981 0.6469
vn 0.6030 0.6572 0.4523
vn 0.7618 0.3096 0.5690
vn 0.8969 0.2865 0.3369
vn 0.8892 0.1834 0.4191
vn 0.8843 -0.2744 0.3777
vn 0.7972 -0.5984 0.0797
vn 0.7711 0.3198 0.5505
vn 0.7518 0.0229 0.6589
vn 0.7847 0.2296 0.5758
vn 0.8711 -0.4631 0.1634
vn 0.7880 -0.4760 0.3904
vn 0.7247 -0.5456 0.4208
vn 0.8627 -0.3690 0.3459
vn 0.5844 -0.8101 -0.0456
vn 0.5110 -0.8585 0.0420
vn 0.9432 -0.1755 0.2820
vn 0.9949 -0.0697 0.0729
vn 0.7828 -0.6220 0.0186
vn 0.0303 -0.3199 0.9469
vn 0.0287 -0.0322 0.9991
vn 0.2349 -0.4861 0.8417
vn 0.8098 0.2885 -0.5108
vn 0.8686 0.0961 -0.4860
vn 0.7625 0.5256 -0.3772
vn 0.3370 0.8669 0.3673
vn 0.4577 0.6464 0.6104
vn 0.1527 0.7953 0.5866
vn 0.9457 -0.0042 -0.3250
vn 0.5900 0.1737 0.7885
vn 0.8181 0.3878 0.4246
vn 0.3749 0.6658 0.6451
vn 0.5228 -0.6147 0.5905
vn 0.6876 0.7013 -0.1878
vn -0.0323 0.3654 0.9303
vn 0.5478 0.8339 0.0667
vn 0.5139 0.8140 0.2707
vn 0.5346 0.8382 0.1074
vn -0.5058 0.6109 -0.6091
vn -0.6047 0.6031 -0.5202
vn -0.6357 0.5780 -0.5116
vn 0.0733 0.7478 -0.6598
vn 0.4339 0.6932 -0.5755
vn -0.0449 0.6966 -0.7161
vn -0.4944 0.5173 -0.6985
vn -0.7957 0.5879 -0.1456
vn -0.4403 0.6144 -0.6547
vn -0.0483 0.6005 0.7982
vn 0.5100 0.6499 0.5634
vn -0.0751 0.7278 0.6816
vn -0.6217 0.4766 0.6215
vn -0.2777 0.5005 0.8200
vn -0.7989 0.4922 0.3456
vn 0.7390 0.6732 -0.0229
vn 0.7612 0.6035 -0.2372
vn 0.6114 0.7821 -0.1200
vn -0.2087 0.7277 0.6533
vn 0.0736 0.7317 0.6777
vn -0.4151 0.7273 0.5466
vn 0.6663 0.6373 0.3870
vn 0.5459 0.7633 0.3453
vn 0.1898 0.6793 0.7088
vn 0.5538 0.8169 -0.1613
vn 0.5156 0.8208 -0.2458
vn 0.5398 0.8019 -0.2560
vn -0.7482 0.6578 0.0863
vn -0.7811 0.6146 0.1100
vn -0.7198 0.6868 -0.1005
vn -0.3825 0.4096 -0.8281
vn -0.6270 0.4345 -0.6466
vn -0.2580 0.3872 -0.8851
vn 0.6384 0.5275 -0.5604
vn 0.3898 0.4410 -0.8084
vn 0.7791 0.6265 0.0194
vn 0.6642 0.7475 -0.0083
vn 0.1698 0.7472 0.6425
vn -0.1706 0.7396 0.6510
vn -0.0326 0.5777 0.8155
vn -0.1950 0.7083 0.6784
vn 0.2057 0.8325 0.5144
vn 0.5176 0.7635 0.3863
vn 0.6084 0.7895 0.0801
vn 0.6015 0.5743 -0.5552
vn 0.3156 0.5849 -0.7472
vn -0.6812 0.5986 0.4214
vn -0.6421 0.7383 0.2062
vn -0.7054 0.6124 -0.3568
vn -0.6890 0.6561 -0.3079
vn 0.0602 0.6304 -0.7739
vn -0.5932 0.6841 -0.4243
vn 0.4925 0.8198 -0.2922
vn -0.7497 0.4787 -0.4569
vn -0.8254 0.5460 0.1431
vn 0.5418 0.8277 0.1460
vn -0.4369 0.7396 0.5119
vn 0.5688 0.7772 -0.2689
vn -0.6623 0.7325 -0.1570
vn -0.0602 0.3959 -0.9163
vn -0.3638 0.6363 0.6803
vn -0.3936 0.9192 0.0139
vn -0.4671 0.8684 0.1663
vn -0.8482 0.5186 0.1076
vn -0.6520 0.5750 -0.4941
vn -0.1894 0.5861 -0.7877
vn -0.2608 0.8705 -0.4173
vn -0.5761 0.7630 0.2931
vn -0.2748 0.8422 0.4638
vn -0.3438 0.7443 0.5726
vn -0.6893 0.5181 0.5063
vn -0.0274 0.8749 -0.4835
vn 0.0744 0.7333 -0.6758
vn 0.1514 0.9721 -0.1788
vn 0.1837 0.9825 0.0292
vn 0.1268 0.8934 0.4310
vn -0.0008 0.9241 0.3820
vn 0.1661 -0.9860 -0.0130
vn 0.3858 -0.9068 -0.1697
vn -0.3977 -0.8541 -0.3352
vn -0.5047 -0.8522 0.1381
vn -0.0265 -0.9911 0.1299
vn 0.4732 -0.8153 -0.3336
vn 0.5987 -0.7825 -0.1712
vn -0.1179 -0.9322 0.3421
vn -0.3072 -0.6898 0.6555
vn 0.3626 -0.7939 0.4881
vn 0.2301 -0.9282 -0.2924
vn 0.7284 -0.6582 0.1901
vn -0.4006 -0.3372 0.8519
vn -0.4966 -0.1295 0.8582
vn -0.5707 -0.8024 0.1742
vn -0.8331 -0.4912 0.2542
vn -0.4095 -0.8198 -0.4003
vn -0.6229 -0.5537 -0.5527
vn -0.7162 0.3002 -0.6300
vn -0.9535 0.2635 0.1464
vn -0.9806 -0.0824 0.1778
vn -0.7130 -0.0958 -0.6945
vn -0.0624 0.0148 -0.9979
vn -0.1388 0.3504 -0.9262
vn -0.7123 -0.2875 -0.6402
vn -0.9442 -0.2458 0.2189
vn -0.0607 -0.1418 -0.9880
vn -0.7140 0.3166 0.6244
vn -0.3314 0.6138 0.7165
vn -0.1761 0.3113 0.9338
vn -0.6637 0.0490 0.7464
vn -0.5860 -0.0594 0.8081
vn -0.0183 0.1646 0.9862
vn 0.0944 0.8699 0.4840
vn 0.2705 0.9423 -0.1971
vn 0.7665 0.5904 -0.2528
vn 0.4230 0.5660 0.7075
vn 0.5995 0.3439 0.7226
vn 0.9254 0.3169 -0.2080
vn 0.1951 0.5316 -0.8242
vn 0.3674 0.1779 -0.9128
vn 0.4401 0.0325 -0.8974
vn 0.0325 -0.7469 -0.6641
vn 0.2599 -0.6529 -0.7114
vn 0.0984 -0.4682 -0.8781
vn -0.2990 -0.6466 -0.7017
vn -0.5413 -0.8367 0.0828
vn -0.1906 -0.9699 -0.1514
vn 0.1155 -0.8824 0.4561
vn -0.2322 -0.6066 0.7603
vn 0.3915 -0.5947 0.7021
vn 0.5700 -0.7568 0.3199
vn 0.3751 -0.5760 -0.7263
vn 0.7119 -0.5541 -0.4314
vn 0.7708 -0.3904 -0.5033
vn 0.3716 -0.4034 -0.8362
vn 0.8180 -0.5712 0.0672
vn 0.8729 -0.4593 0.1645
vn 0.3113 -0.9405 -0.1361
vn 0.4133 -0.4207 -0.8076
vn -0.2235 -0.6841 0.6943
vn -0.6738 -0.6814 0.2855
vn -0.4939 -0.7502 -0.4397
vn -0.1379 -0.3879 -0.9113
vn -0.6214 0.0048 0.7835
vn -0.5798 -0.0846 0.8104
vn -0.8872 -0.3015 0.3492
vn -0.9250 -0.2296 0.3027
vn 0.2921 0.1090 -0.9501
vn -0.2310 -0.0978 -0.9680
vn -0.0217 -0.2409 -0.9703
vn 0.3278 -0.0227 -0.9445
vn -0.8098 -0.2725 -0.5196
vn -0.5493 -0.4503 -0.7038
vn -0.2362 -0.6273 -0.7420
vn -0.6278 -0.7651 0.1429
vn 0.1100 -0.4194 -0.9011
vn 0.3591 -0.3095 -0.8804
vn 0.8176 -0.2233 -0.5307
vn -0.3636 -0.4269 0.8280
vn 0.3277 -0.3808 0.8646
vn 0.9367 -0.2464 0.2485
usemtl Material.001
s 1
f 1175//1173 2430//1174 3459//1175 2403//1176
f 1175//1173 2403//1176 3458//1177 2431//1178
f 1175//1173 2431//1178 3154//1179 1838//1180
f 1175//1173 1838//1180 3155//1181 2430//1174
f 1176//1182 2432//1183 3460//1184 2404//1185
f 1176//1182 2404//1185 3459//1175 2430//1174
f 1176//1182 2430//1174 3155//1181 1839//1186
f 1176//1182 1839//1186 3156//1187 2432//1183
f 1177//1188 2433//1189 3461//1190 2405//1191
f 1177//1188 2405//1191 3460//1184 2432//1183
f 1177//1188 2432//1183 3156//1187 1840//1192
f 1177//1188 1840//1192 3157//1193 2433//1189
f 1178//1194 2434//1195 3454//1196 2428//1197
f 1178//1194 2428//1197 3284//1198 2429//1199
f 1178//1194 2429//1199 3150//1200 2434//1195
f 1179//1201 2435//1202 3455//1203 2399//1204
f 1179//1201 2399//1204 3454//1196 2434//1195
f 1179//1201 2434//1195 3150//1200 1834//1205
f 1179//1201 1834//1205 3151//1206 2435//1202
f 1180//1207 2436//1208 3456//1209 2400//1210
f 1180//1207 2400//1210 3455//1203 2435//1202
f 1180//1207 2435//1202 3151//1206 1835//1211
f 1180//1207 1835//1211 3152//1212 2436//1208
f 1181//1213 2437//1214 3457//1215 2401//1216
f 1181//1213 2401//1216 3456//1209 2436//1208
f 1181//1213 2436//1208 3152//1212 1836//1217
f 1181//1213 1836//1217 3153//1218 2437//1214
f 1182//1219 2431//1178 3458//1177 2402//1220
f 1182//1219 2402//1220 3457//1215 2437//1214
f 1182//1219 2437//1214 3153//1218 1837//1221
f 1182//1219 1837//1221 3154//1179 2431//1178
f 1183//1222 1848//1223 3153//1218 1836//1217
f 1183//1222 1836//1217 3152//1212 1849//1224
f 1183//1222 1849//1224 3160//1225 1843//1226
f 1183//1222 1843//1226 3161//1227 1848//1223
f 1184//1228 1850//1229 3154//1179 1837//1221
f 1184//1228 1837//1221 3153//1218 1848//1223
f 1184//1228 1848//1223 3161//1227 1844//1230
f 1184//1228 1844//1230 3162//1231 1850//1229
f 1185//1232 1851//1233 3155//1181 1838//1180
f 1185//1232 1838//1180 3154//1179 1850//1229
f 1185//1232 1850//1229 3162//1231 1845//1234
f 1185//1232 1845//1234 3163//1235 1851//1233
f 1186//1236 1852//1237 3156//1187 1839//1186
f 1186//1236 1839//1186 3155//1181 1851//1233
f 1186//1236 1851//1233 3163//1235 1846//1238
f 1186//1236 1846//1238 3164//1239 1852//1237
f 1187//1240 1853//1241 3157//1193 1840//1192
f 1187//1240 1840//1192 3156//1187 1852//1237
f 1187//1240 1852//1237 3164//1239 1847//1242
f 1187//1240 1847//1242 3165//1243 1853//1241
f 1188//1244 1854//1245 3150//1200 2429//1199
f 1188//1244 2429//1199 3284//1198 2438//1246
f 1188//1244 2438//1246 3158//1247 1854//1245
f 1189//1248 1855//1249 3151//1206 1834//1205
f 1189//1248 1834//1205 3150//1200 1854//1245
f 1189//1248 1854//1245 3158//1247 1841//1250
f 1189//1248 1841//1250 3159//1251 1855//1249
f 1190//1252 1849//1224 3152//1212 1835//1211
f 1190//1252 1835//1211 3151//1206 1855//1249
f 1190//1252 1855//1249 3159//1251 1842//1253
f 1190//1252 1842//1253 3160//1225 1849//1224
f 1191//1254 1863//1255 3165//1243 1847//1242
f 1191//1254 1847//1242 3164//1239 1864//1256
f 1191//1254 1864//1256 3172//1257 1862//1258
f 1191//1254 1862//1258 3173//1259 1863//1255
f 1192//1260 1865//1261 3158//1247 2438//1246
f 1192//1260 2438//1246 3284//1198 2439//1262
f 1192//1260 2439//1262 3166//1263 1865//1261
f 1193//1264 1866//1265 3159//1251 1841//1250
f 1193//1264 1841//1250 3158//1247 1865//1261
f 1193//1264 1865//1261 3166//1263 1856//1266
f 1193//1264 1856//1266 3167//1267 1866//1265
f 1194//1268 1867//1269 3160//1225 1842//1253
f 1194//1268 1842//1253 3159//1251 1866//1265
f 1194//1268 1866//1265 3167//1267 1857//1270
f 1194//1268 1857//1270 3168//1271 1867//1269
f 1195//1272 1868//1273 3161//1227 1843//1226
f 1195//1272 1843//1226 3160//1225 1867//1269
f 1195//1272 1867//1269 3168//1271 1858//1274
f 1195//1272 1858//1274 3169//1275 1868//1273
f 1196//1276 1869//1277 3162//1231 1844//1230
f 1196//1276 1844//1230 3161//1227 1868//1273
f 1196//1276 1868//1273 3169//1275 1859//1278
f 1196//1276 1859//1278 3170//1279 1869//1277
f 1197//1280 1870//1281 3163//1235 1845//1234
f 1197//1280 1845//1234 3162//1231 1869//1277
f 1197//1280 1869//1277 3170//1279 1860//1282
f 1197//1280 1860//1282 3171//1283 1870//1281
f 1198//1284 1864//1256 3164//1239 1846//1238
f 1198//1284 1846//1238 3163//1235 1870//1281
f 1198//1284 1870//1281 3171//1283 1861//1285
f 1198//1284 1861//1285 3172//1257 1864//1256
f 1199//1286 1878//1287 3170//1279 1859//1278
f 1199//1286 1859//1278 3169//1275 1879//1288
f 1199//1286 1879//1288 3177//1289 1874//1290
f 1199//1286 1874//1290 3178//1291 1878//1287
f 1200//1292 1880//1293 3171//1283 1860//1282
f 1200//1292 1860//1282 3170//1279 1878//1287
f 1200//1292 1878//1287 3178//1291 1875//1294
f 1200//1292 1875//1294 3179//1295 1880//1293
f 1201//1296 1881//1297 3172//1257 1861//1285
f 1201//1296 1861//1285 3171//1283 1880//1293
f 1201//1296 1880//1293 3179//1295 1876//1298
f 1201//1296 1876//1298 3180//1299 1881//1297
f 1202//1300 1882//1301 3173//1259 1862//1258
f 1202//1300 1862//1258 3172//1257 1881//1297
f 1202//1300 1881//1297 3180//1299 1877//1302
f 1202//1300 1877//1302 3181//1303 1882//1301
f 1203//1304 1883//1305 3166//1263 2439//1262
f 1203//1304 2439//1262 3284//1198 2440//1306
f 1203//1304 2440//1306 3174//1307 1883//1305
f 1204//1308 1884//1309 3167//1267 1856//1266
f 1204//1308 1856//1266 3166//1263 1883//1305
f 1204//1308 1883//1305 3174//1307 1871//1310
f 1204//1308 1871//1310 3175//1311 1884//1309
f 1205//1312 1885//1313 3168//1271 1857//1270
f 1205//1312 1857//1270 3167//1267 1884//1309
f 1205//1312 1884//1309 3175//1311 1872//1314
f 1205//1312 1872//1314 3176//1315 1885//1313
f 1206//1316 1879//1288 3169//1275 1858//1274
f 1206//1316 1858//1274 3168//1271 1885//1313
f 1206//1316 1885//1313 3176//1315 1873//1317
f 1206//1316 1873//1317 3177//1289 1879//1288
f 1207//1318 1894//1319 3175//1311 1871//1310
f 1207//1318 1871//1310 3174//1307 1895//1320
f 1207//1318 1895//1320 3182//1321 1886//1322
f 1207//1318 1886//1322 3183//1323 1894//1319
f 1208//1324 1896//1325 3176//1315 1872//1314
f 1208//1324 1872//1314 3175//1311 1894//1319
f 1208//1324 1894//1319 3183//1323 1887//1326
f 1208//1324 1887//1326 3184//1327 1896//1325
f 1209//1328 1897//1329 3177//1289 1873//1317
f 1209//1328 1873//1317 3176//1315 1896//1325
f 1209//1328 1896//1325 3184//1327 1888//1330
f 1209//1328 1888//1330 3185//1331 1897//1329
f 1210//1332 1898//1333 3178//1291 1874//1290
f 1210//1332 1874//1290 3177//1289 1897//1329
f 1210//1332 1897//1329 3185//1331 1889//1334
f 1210//1332 1889//1334 3186//1335 1898//1333
f 1211//1336 1899//1337 3179//1295 1875//1294
f 1211//1336 1875//1294 3178//1291 1898//1333
f 1211//1336 1898//1333 3186//1335 1890//1338
f 1211//1336 1890//1338 3187//1339 1899//1337
f 1212//1340 1900//1341 3180//1299 1876//1298
f 1212//1340 1876//1298 3179//1295 1899//1337
f 1212//1340 1899//1337 3187//1339 1891//1342
f 1212//1340 1891//1342 3188//1343 1900//1341
f 1213//1344 1893//1345 3181//1303 1877//1302
f 1213//1344 1877//1302 3180//1299 1900//1341
f 1213//1344 1900//1341 3188//1343 1892//1346
f 1213//1344 1892//1346 3189//1347 1893//1345
f 1214//1348 1895//1320 3174//1307 2440//1306
f 1214//1348 2440//1306 3284//1198 2441//1349
f 1214//1348 2441//1349 3182//1321 1895//1320
f 1215//1350 1908//1351 3187//1339 1890//1338
f 1215//1350 1890//1338 3186//1335 1909//1352
f 1215//1350 1909//1352 3194//1353 1905//1354
f 1215//1350 1905//1354 3195//1355 1908//1351
f 1216//1356 1910//1357 3188//1343 1891//1342
f 1216//1356 1891//1342 3187//1339 1908//1351
f 1216//1356 1908//1351 3195//1355 1906//1358
f 1216//1356 1906//1358 3196//1359 1910//1357
f 1217//1360 1911//1361 3189//1347 1892//1346
f 1217//1360 1892//1346 3188//1343 1910//1357
f 1217//1360 1910//1357 3196//1359 1907//1362
f 1217//1360 1907//1362 3197//1363 1911//1361
f 1218//1364 1912//1365 3182//1321 2441//1349
f 1218//1364 2441//1349 3284//1198 2442//1366
f 1218//1364 2442//1366 3190//1367 1912//1365
f 1219//1368 1913//1369 3183//1323 1886//1322
f 1219//1368 1886//1322 3182//1321 1912//1365
f 1219//1368 1912//1365 3190//1367 1901//1370
f 1219//1368 1901//1370 3191//1371 1913//1369
f 1220//1372 1914//1373 3184//1327 1887//1326
f 1220//1372 1887//1326 3183//1323 1913//1369
f 1220//1372 1913//1369 3191//1371 1902//1374
f 1220//1372 1902//1374 3192//1375 1914//1373
f 1221//1376 1915//1377 3185//1331 1888//1330
f 1221//1376 1888//1330 3184//1327 1914//1373
f 1221//1376 1914//1373 3192//1375 1903//1378
f 1221//1376 1903//1378 3193//1379 1915//1377
f 1222//1380 1909//1352 3186//1335 1889//1334
f 1222//1380 1889//1334 3185//1331 1915//1377
f 1222//1380 1915//1377 3193//1379 1904//1381
f 1222//1380 1904//1381 3194//1353 1909//1352
f 1223//1382 1923//1383 3191//1371 1901//1370
f 1223//1382 1901//1370 3190//1367 1924//1384
f 1223//1382 1924//1384 3198//1385 1916//1386
f 1223//1382 1916//1386 3199//1387 1923//1383
f 1224//1388 1925//1389 3192//1375 1902//1374
f 1224//1388 1902//1374 3191//1371 1923//1383
f 1224//1388 1923//1383 3199//1387 1917//1390
f 1224//1388 1917//1390 3200//1391 1925//1389
f 1225//1392 1926//1393 3193//1379 1903//1378
f 1225//1392 1903//1378 3192//1375 1925//1389
f 1225//1392 1925//1389 3200//1391 1918//1394
f 1225//1392 1918//1394 3201//1395 1926//1393
f 1226//1396 1927//1397 3194//1353 1904//1381
f 1226//1396 1904//1381 3193//1379 1926//1393
f 1226//1396 1926//1393 3201//1395 1919//1398
f 1226//1396 1919//1398 3202//1399 1927//1397
f 1227//1400 1928//1401 3195//1355 1905//1354
f 1227//1400 1905//1354 3194//1353 1927//1397
f 1227//1400 1927//1397 3202//1399 1920//1402
f 1227//1400 1920//1402 3203//1403 1928//1401
f 1228//1404 1929//1405 3196//1359 1906//1358
f 1228//1404 1906//1358 3195//1355 1928//1401
f 1228//1404 1928//1401 3203//1403 1921//1406
f 1228//1404 1921//1406 3204//1407 1929//1405
f 1229//1408 1930//1409 3197//1363 1907//1362
f 1229//1408 1907//1362 3196//1359 1929//1405
f 1229//1408 1929//1405 3204//1407 1922//1410
f 1229//1408 1922//1410 3205//1411 1930//1409
f 1230//1412 1924//1384 3190//1367 2442//1366
f 1230//1412 2442//1366 3284//1198 2443//1413
f 1230//1412 2443//1413 3198//1385 1924//1384
f 1231//1414 1938//1415 3203//1403 1920//1402
f 1231//1414 1920//1402 3202//1399 1939//1416
f 1231//1414 1939//1416 3210//1417 1935//1418
f 1231//1414 1935//1418 3211//1419 1938//1415
f 1232//1420 1940//1421 3204//1407 1921//1406
f 1232//1420 1921//1406 3203//1403 1938//1415
f 1232//1420 1938//1415 3211//1419 1936//1422
f 1232//1420 1936//1422 3212//1423 1940//1421
f 1233//1424 1941//1425 3205//1411 1922//1410
f 1233//1424 1922//1410 3204//1407 1940//1421
f 1233//1424 1940//1421 3212//1423 1937//1426
f 1233//1424 1937//1426 3213//1427 1941//1425
f 1234//1428 1942//1429 3198//1385 2443//1413
f 1234//1428 2443//1413 3284//1198 2444//1430
f 1234//1428 2444//1430 3206//1431 1942//1429
f 1235//1432 1943//1433 3199//1387 1916//1386
f 1235//1432 1916//1386 3198//1385 1942//1429
f 1235//1432 1942//1429 3206//1431 1931//1434
f 1235//1432 1931//1434 3207//1435 1943//1433
f 1236//1436 1944//1437 3200//1391 1917//1390
f 1236//1436 1917//1390 3199//1387 1943//1433
f 1236//1436 1943//1433 3207//1435 1932//1438
f 1236//1436 1932//1438 3208//1439 1944//1437
f 1237//1440 1945//1441 3201//1395 1918//1394
f 1237//1440 1918//1394 3200//1391 1944//1437
f 1237//1440 1944//1437 3208//1439 1933//1442
f 1237//1440 1933//1442 3209//1443 1945//1441
f 1238//1444 1939//1416 3202//1399 1919//1398
f 1238//1444 1919//1398 3201//1395 1945//1441
f 1238//1444 1945//1441 3209//1443 1934//1445
f 1238//1444 1934//1445 3210//1417 1939//1416
f 1239//1446 1953//1447 3208//1439 1932//1438
f 1239//1446 1932//1438 3207//1435 1954//1448
f 1239//1446 1954//1448 3215//1449 1947//1450
f 1239//1446 1947//1450 3216//1451 1953//1447
f 1240//1452 1955//1453 3209//1443 1933//1442
f 1240//1452 1933//1442 3208//1439 1953//1447
f 1240//1452 1953//1447 3216//1451 1948//1454
f 1240//1452 1948//1454 3217//1455 1955//1453
f 1241//1456 1956//1457 3210//1417 1934//1445
f 1241//1456 1934//1445 3209//1443 1955//1453
f 1241//1456 1955//1453 3217//1455 1949//1458
f 1241//1456 1949//1458 3218//1459 1956//1457
f 1242//1460 1957//1461 3211//1419 1935//1418
f 1242//1460 1935//1418 3210//1417 1956//1457
f 1242//1460 1956//1457 3218//1459 1950//1462
f 1242//1460 1950//1462 3219//1463 1957//1461
f 1243//1464 1958//1465 3212//1423 1936//1422
f 1243//1464 1936//1422 3211//1419 1957//1461
f 1243//1464 1957//1461 3219//1463 1951//1466
f 1243//1464 1951//1466 3220//1467 1958//1465
f 1244//1468 1959//1469 3213//1427 1937//1426
f 1244//1468 1937//1426 3212//1423 1958//1465
f 1244//1468 1958//1465 3220//1467 1952//1470
f 1244//1468 1952//1470 3221//1471 1959//1469
f 1245//1472 1960//1473 3206//1431 2444//1430
f 1245//1472 2444//1430 3284//1198 2445//1474
f 1245//1472 2445//1474 3214//1475 1960//1473
f 1246//1476 1954//1448 3207//1435 1931//1434
f 1246//1476 1931//1434 3206//1431 1960//1473
f 1246//1476 1960//1473 3214//1475 1946//1477
f 1246//1476 1946//1477 3215//1449 1954//1448
f 1247//1478 1968//1479 3214//1475 2445//1474
f 1247//1478 2445//1474 3284//1198 2446//1480
f 1247//1478 2446//1480 3222//1481 1968//1479
f 1248//1482 1969//1483 3215//1449 1946//1477
f 1248//1482 1946//1477 3214//1475 1968//1479
f 1248//1482 1968//1479 3222//1481 1961//1484
f 1248//1482 1961//1484 3223//1485 1969//1483
f 1249//1486 1970//1487 3216//1451 1947//1450
f 1249//1486 1947//1450 3215//1449 1969//1483
f 1249//1486 1969//1483 3223//1485 1962//1488
f 1249//1486 1962//1488 3224//1489 1970//1487
f 1250//1490 1971//1491 3217//1455 1948//1454
f 1250//1490 1948//1454 3216//1451 1970//1487
f 1250//1490 1970//1487 3224//1489 1963//1492
f 1250//1490 1963//1492 3225//1493 1971//1491
f 1251//1494 1972//1495 3218//1459 1949//1458
f 1251//1494 1949//1458 3217//1455 1971//1491
f 1251//1494 1971//1491 3225//1493 1964//1496
f 1251//1494 1964//1496 3226//1497 1972//1495
f 1252//1498 1966//1499 3219//1463 1950//1462
f 1252//1498 1950//1462 3218//1459 1972//1495
f 1252//1498 1972//1495 3226//1497 1965//1500
f 1252//1498 1965//1500 3227//1501 1966//1499
f 1253//1502 1978//1503 3224//1489 1962//1488
f 1253//1502 1962//1488 3223//1485 1979//1504
f 1253//1502 1979//1504 3230//1505 1974//1506
f 1253//1502 1974//1506 3231//1507 1978//1503
f 1254//1508 1980//1509 3225//1493 1963//1492
f 1254//1508 1963//1492 3224//1489 1978//1503
f 1254//1508 1978//1503 3231//1507 1975//1510
f 1254//1508 1975//1510 3232//1511 1980//1509
f 1255//1512 1981//1513 3226//1497 1964//1496
f 1255//1512 1964//1496 3225//1493 1980//1509
f 1255//1512 1980//1509 3232//1511 1976//1514
f 1255//1512 1976//1514 3233//1515 1981//1513
f 1256//1516 1982//1517 3227//1501 1965//1500
f 1256//1516 1965//1500 3226//1497 1981//1513
f 1256//1516 1981//1513 3233//1515 1977//1518
f 1256//1516 1977//1518 3234//1519 1982//1517
f 1257//1520 1984//1521 3222//1481 2446//1480
f 1257//1520 2446//1480 3284//1198 2447//1522
f 1257//1520 2447//1522 3229//1523 1984//1521
f 1258//1524 1979//1504 3223//1485 1961//1484
f 1258//1524 1961//1484 3222//1481 1984//1521
f 1258//1524 1984//1521 3229//1523 1973//1525
f 1258//1524 1973//1525 3230//1505 1979//1504
f 1259//1526 1994//1527 3229//1523 2447//1522
f 1259//1526 2447//1522 3284//1198 2448//1528
f 1259//1526 2448//1528 3236//1529 1994//1527
f 1260//1530 1995//1531 3230//1505 1973//1525
f 1260//1530 1973//1525 3229//1523 1994//1527
f 1260//1530 1994//1527 3236//1529 1985//1532
f 1260//1530 1985//1532 3237//1533 1995//1531
f 1261//1534 1996//1535 3231//1507 1974//1506
f 1261//1534 1974//1506 3230//1505 1995//1531
f 1261//1534 1995//1531 3237//1533 1986//1536
f 1261//1534 1986//1536 3238//1537 1996//1535
f 1262//1538 1997//1539 3232//1511 1975//1510
f 1262//1538 1975//1510 3231//1507 1996//1535
f 1262//1538 1996//1535 3238//1537 1987//1540
f 1262//1538 1987//1540 3239//1541 1997//1539
f 1263//1542 1998//1543 3233//1515 1976//1514
f 1263//1542 1976//1514 3232//1511 1997//1539
f 1263//1542 1997//1539 3239//1541 1988//1544
f 1263//1542 1988//1544 3240//1545 1998//1543
f 1264//1546 1992//1547 3234//1519 1977//1518
f 1264//1546 1977//1518 3233//1515 1998//1543
f 1264//1546 1998//1543 3240//1545 1989//1548
f 1264//1546 1989//1548 3241//1549 1992//1547
f 1265//1550 2006//1551 3239//1541 1987//1540
f 1265//1550 1987//1540 3238//1537 2007//1552
f 1265//1550 2007//1552 3246//1553 2001//1554
f 1265//1550 2001//1554 3247//1555 2006//1551
f 1266//1556 2008//1557 3240//1545 1988//1544
f 1266//1556 1988//1544 3239//1541 2006//1551
f 1266//1556 2006//1551 3247//1555 2002//1558
f 1266//1556 2002//1558 3248//1559 2008//1557
f 1267//1560 2009//1561 3241//1549 1989//1548
f 1267//1560 1989//1548 3240//1545 2008//1557
f 1267//1560 2008//1557 3248//1559 2003//1562
f 1267//1560 2003//1562 3249//1563 2009//1561
f 1268//1564 2010//1565 3242//1566 1990//1567
f 1268//1564 1990//1567 3241//1549 2009//1561
f 1268//1564 2009//1561 3249//1563 2004//1568
f 1268//1564 2004//1568 3250//1569 2010//1565
f 1269//1570 2011//1571 3243//1572 1991//1573
f 1269//1570 1991//1573 3242//1566 2010//1565
f 1269//1570 2010//1565 3250//1569 2005//1574
f 1269//1570 2005//1574 3251//1575 2011//1571
f 1270//1576 2012//1577 3236//1529 2448//1528
f 1270//1576 2448//1528 3284//1198 2449//1578
f 1270//1576 2449//1578 3244//1579 2012//1577
f 1271//1580 2013//1581 3237//1533 1985//1532
f 1271//1580 1985//1532 3236//1529 2012//1577
f 1271//1580 2012//1577 3244//1579 1999//1582
f 1271//1580 1999//1582 3245//1583 2013//1581
f 1272//1584 2007//1552 3238//1537 1986//1536
f 1272//1584 1986//1536 3237//1533 2013//1581
f 1272//1584 2013//1581 3245//1583 2000//1585
f 1272//1584 2000//1585 3246//1553 2007//1552
f 1273//1586 2021//1587 3251//1575 2005//1574
f 1273//1586 2005//1574 3250//1569 2022//1588
f 1273//1586 2022//1588 3258//1589 2020//1590
f 1273//1586 2020//1590 3259//1591 2021//1587
f 1274//1592 2023//1593 3244//1579 2449//1578
f 1274//1592 2449//1578 3284//1198 2450//1594
f 1274//1592 2450//1594 3252//1595 2023//1593
f 1275//1596 2024//1597 3245//1583 1999//1582
f 1275//1596 1999//1582 3244//1579 2023//1593
f 1275//1596 2023//1593 3252//1595 2014//1598
f 1275//1596 2014//1598 3253//1599 2024//1597
f 1276//1600 2025//1601 3246//1553 2000//1585
f 1276//1600 2000//1585 3245//1583 2024//1597
f 1276//1600 2024//1597 3253//1599 2015//1602
f 1276//1600 2015//1602 3254//1603 2025//1601
f 1277//1604 2026//1605 3247//1555 2001//1554
f 1277//1604 2001//1554 3246//1553 2025//1601
f 1277//1604 2025//1601 3254//1603 2016//1606
f 1277//1604 2016//1606 3255//1607 2026//1605
f 1278//1608 2027//1609 3248//1559 2002//1558
f 1278//1608 2002//1558 3247//1555 2026//1605
f 1278//1608 2026//1605 3255//1607 2017//1610
f 1278//1608 2017//1610 3256//1611 2027//1609
f 1279//1612 2028//1613 3249//1563 2003//1562
f 1279//1612 2003//1562 3248//1559 2027//1609
f 1279//1612 2027//1609 3256//1611 2018//1614
f 1279//1612 2018//1614 3257//1615 2028//1613
f 1280//1616 2022//1588 3250//1569 2004//1568
f 1280//1616 2004//1568 3249//1563 2028//1613
f 1280//1616 2028//1613 3257//1615 2019//1617
f 1280//1616 2019//1617 3258//1589 2022//1588
f 1281//1618 2036//1619 3256//1611 2017//1610
f 1281//1618 2017//1610 3255//1607 2037//1620
f 1281//1618 2037//1620 3263//1621 2032//1622
f 1281//1618 2032//1622 3264//1623 2036//1619
f 1282//1624 2038//1625 3257//1615 2018//1614
f 1282//1624 2018//1614 3256//1611 2036//1619
f 1282//1624 2036//1619 3264//1623 2033//1626
f 1282//1624 2033//1626 3265//1627 2038//1625
f 1283//1628 2039//1629 3258//1589 2019//1617
f 1283//1628 2019//1617 3257//1615 2038//1625
f 1283//1628 2038//1625 3265//1627 2034//1630
f 1283//1628 2034//1630 3266//1631 2039//1629
f 1284//1632 2040//1633 3259//1591 2020//1590
f 1284//1632 2020//1590 3258//1589 2039//1629
f 1284//1632 2039//1629 3266//1631 2035//1634
f 1284//1632 2035//1634 3267//1635 2040//1633
f 1285//1636 2041//1637 3252//1595 2450//1594
f 1285//1636 2450//1594 3284//1198 2451//1638
f 1285//1636 2451//1638 3260//1639 2041//1637
f 1286//1640 2042//1641 3253//1599 2014//1598
f 1286//1640 2014//1598 3252//1595 2041//1637
f 1286//1640 2041//1637 3260//1639 2029//1642
f 1286//1640 2029//1642 3261//1643 2042//1641
f 1287//1644 2043//1645 3254//1603 2015//1602
f 1287//1644 2015//1602 3253//1599 2042//1641
f 1287//1644 2042//1641 3261//1643 2030//1646
f 1287//1644 2030//1646 3262//1647 2043//1645
f 1288//1648 2037//1620 3255//1607 2016//1606
f 1288//1648 2016//1606 3254//1603 2043//1645
f 1288//1648 2043//1645 3262//1647 2031//1649
f 1288//1648 2031//1649 3263//1621 2037//1620
f 1289//1650 2051//1651 3260//1639 2451//1638
f 1289//1650 2451//1638 3284//1198 2452//1652
f 1289//1650 2452//1652 3268//1653 2051//1651
f 1290//1654 2053//1655 3261//1643 2029//1642
f 1290//1654 2029//1642 3260//1639 2051//1651
f 1290//1654 2051//1651 3268//1653 2044//1656
f 1290//1654 2044//1656 3269//1657 2053//1655
f 1291//1658 2054//1659 3262//1647 2030//1646
f 1291//1658 2030//1646 3261//1643 2053//1655
f 1291//1658 2053//1655 3269//1657 2045//1660
f 1291//1658 2045//1660 3270//1661 2054//1659
f 1292//1662 2055//1663 3263//1621 2031//1649
f 1292//1662 2031//1649 3262//1647 2054//1659
f 1292//1662 2054//1659 3270//1661 2046//1664
f 1292//1662 2046//1664 3271//1665 2055//1663
f 1293//1666 2056//1667 3264//1623 2032//1622
f 1293//1666 2032//1622 3263//1621 2055//1663
f 1293//1666 2055//1663 3271//1665 2047//1668
f 1293//1666 2047//1668 3272//1669 2056//1667
f 1294//1670 2057//1671 3265//1627 2033//1626
f 1294//1670 2033//1626 3264//1623 2056//1667
f 1294//1670 2056//1667 3272//1669 2048//1672
f 1294//1670 2048//1672 3273//1673 2057//1671
f 1295//1674 2058//1675 3266//1631 2034//1630
f 1295//1674 2034//1630 3265//1627 2057//1671
f 1295//1674 2057//1671 3273//1673 2049//1676
f 1295//1674 2049//1676 3274//1677 2058//1675
f 1296//1678 2052//1679 3267//1635 2035//1634
f 1296//1678 2035//1634 3266//1631 2058//1675
f 1296//1678 2058//1675 3274//1677 2050//1680
f 1296//1678 2050//1680 3275//1681 2052//1679
f 1297//1682 2066//1683 3272//1669 2047//1668
f 1297//1682 2047//1668 3271//1665 2067//1684
f 1297//1682 2067//1684 3279//1685 2062//1686
f 1297//1682 2062//1686 3280//1687 2066//1683
f 1298//1688 2068//1689 3273//1673 2048//1672
f 1298//1688 2048//1672 3272//1669 2066//1683
f 1298//1688 2066//1683 3280//1687 2063//1690
f 1298//1688 2063//1690 3281//1691 2068//1689
f 1299//1692 2069//1693 3274//1677 2049//1676
f 1299//1692 2049//1676 3273//1673 2068//1689
f 1299//1692 2068//1689 3281//1691 2064//1694
f 1299//1692 2064//1694 3282//1695 2069//1693
f 1300//1696 2070//1697 3275//1681 2050//1680
f 1300//1696 2050//1680 3274//1677 2069//1693
f 1300//1696 2069//1693 3282//1695 2065//1698
f 1300//1696 2065//1698 3283//1699 2070//1697
f 1301//1700 2071//1701 3268//1653 2452//1652
f 1301//1700 2452//1652 3284//1198 2453//1702
f 1301//1700 2453//1702 3276//1703 2071//1701
f 1302//1704 2072//1705 3269//1657 2044//1656
f 1302//1704 2044//1656 3268//1653 2071//1701
f 1302//1704 2071//1701 3276//1703 2059//1706
f 1302//1704 2059//1706 3277//1707 2072//1705
f 1303//1708 2073//1709 3270//1661 2045//1660
f 1303//1708 2045//1660 3269//1657 2072//1705
f 1303//1708 2072//1705 3277//1707 2060//1710
f 1303//1708 2060//1710 3278//1711 2073//1709
f 1304//1712 2067//1684 3271//1665 2046//1664
f 1304//1712 2046//1664 3270//1661 2073//1709
f 1304//1712 2073//1709 3278//1711 2061//1713
f 1304//1712 2061//1713 3279//1685 2067//1684
f 1305//1714 2083//1715 3277//1707 2059//1706
f 1305//1714 2059//1706 3276//1703 2084//1716
f 1305//1714 2084//1716 3285//1717 2075//1718
f 1305//1714 2075//1718 3286//1719 2083//1715
f 1306//1720 2085//1721 3278//1711 2060//1710
f 1306//1720 2060//1710 3277//1707 2083//1715
f 1306//1720 2083//1715 3286//1719 2076//1722
f 1306//1720 2076//1722 3287//1723 2085//1721
f 1307//1724 2086//1725 3279//1685 2061//1713
f 1307//1724 2061//1713 3278//1711 2085//1721
f 1307//1724 2085//1721 3287//1723 2077//1726
f 1307//1724 2077//1726 3288//1727 2086//1725
f 1308//1728 2087//1729 3280//1687 2062//1686
f 1308//1728 2062//1686 3279//1685 2086//1725
f 1308//1728 2086//1725 3288//1727 2078//1730
f 1308//1728 2078//1730 3289//1731 2087//1729
f 1309//1732 2088//1733 3281//1691 2063//1690
f 1309//1732 2063//1690 3280//1687 2087//1729
f 1309//1732 2087//1729 3289//1731 2079//1734
f 1309//1732 2079//1734 3290//1735 2088//1733
f 1310//1736 2089//1737 3282//1695 2064//1694
f 1310//1736 2064//1694 3281//1691 2088//1733
f 1310//1736 2088//1733 3290//1735 2080//1738
f 1310//1736 2080//1738 3291//1739 2089//1737
f 1311//1740 2082//1741 3283//1699 2065//1698
f 1311//1740 2065//1698 3282//1695 2089//1737
f 1311//1740 2089//1737 3291//1739 2081//1742
f 1311//1740 2081//1742 3292//1743 2082//1741
f 1312//1744 2084//1716 3276//1703 2453//1702
f 1312//1744 2453//1702 3284//1198 2074//1745
f 1312//1744 2074//1745 3285//1717 2084//1716
f 1313//1746 2097//1747 3290//1735 2079//1734
f 1313//1746 2079//1734 3289//1731 2098//1748
f 1313//1746 2098//1748 3297//1749 2094//1750
f 1313//1746 2094//1750 3298//1751 2097//1747
f 1314//1752 2099//1753 3291//1739 2080//1738
f 1314//1752 2080//1738 3290//1735 2097//1747
f 1314//1752 2097//1747 3298//1751 2095//1754
f 1314//1752 2095//1754 3299//1755 2099//1753
f 1315//1756 2100//1757 3292//1743 2081//1742
f 1315//1756 2081//1742 3291//1739 2099//1753
f 1315//1756 2099//1753 3299//1755 2096//1758
f 1315//1756 2096//1758 3300//1759 2100//1757
f 1316//1760 2101//1761 3285//1717 2074//1745
f 1316//1760 2074//1745 3284//1198 2454//1762
f 1316//1760 2454//1762 3293//1763 2101//1761
f 1317//1764 2102//1765 3286//1719 2075//1718
f 1317//1764 2075//1718 3285//1717 2101//1761
f 1317//1764 2101//1761 3293//1763 2090//1766
f 1317//1764 2090//1766 3294//1767 2102//1765
f 1318//1768 2103//1769 3287//1723 2076//1722
f 1318//1768 2076//1722 3286//1719 2102//1765
f 1318//1768 2102//1765 3294//1767 2091//1770
f 1318//1768 2091//1770 3295//1771 2103//1769
f 1319//1772 2104//1773 3288//1727 2077//1726
f 1319//1772 2077//1726 3287//1723 2103//1769
f 1319//1772 2103//1769 3295//1771 2092//1774
f 1319//1772 2092//1774 3296//1775 2104//1773
f 1320//1776 2098//1748 3289//1731 2078//1730
f 1320//1776 2078//1730 3288//1727 2104//1773
f 1320//1776 2104//1773 3296//1775 2093//1777
f 1320//1776 2093//1777 3297//1749 2098//1748
f 1321//1778 2112//1779 3294//1767 2090//1766
f 1321//1778 2090//1766 3293//1763 2113//1780
f 1321//1778 2113//1780 3301//1781 2105//1782
f 1321//1778 2105//1782 3302//1783 2112//1779
f 1322//1784 2114//1785 3295//1771 2091//1770
f 1322//1784 2091//1770 3294//1767 2112//1779
f 1322//1784 2112//1779 3302//1783 2106//1786
f 1322//1784 2106//1786 3303//1787 2114//1785
f 1323//1788 2115//1789 3296//1775 2092//1774
f 1323//1788 2092//1774 3295//1771 2114//1785
f 1323//1788 2114//1785 3303//1787 2107//1790
f 1323//1788 2107//1790 3304//1791 2115//1789
f 1324//1792 2116//1793 3297//1749 2093//1777
f 1324//1792 2093//1777 3296//1775 2115//1789
f 1324//1792 2115//1789 3304//1791 2108//1794
f 1324//1792 2108//1794 3305//1795 2116//1793
f 1325//1796 2117//1797 3298//1751 2094//1750
f 1325//1796 2094//1750 3297//1749 2116//1793
f 1325//1796 2116//1793 3305//1795 2109//1798
f 1325//1796 2109//1798 3306//1799 2117//1797
f 1326//1800 2118//1801 3299//1755 2095//1754
f 1326//1800 2095//1754 3298//1751 2117//1797
f 1326//1800 2117//1797 3306//1799 2110//1802
f 1326//1800 2110//1802 3307//1803 2118//1801
f 1327//1804 2119//1805 3300//1759 2096//1758
f 1327//1804 2096//1758 3299//1755 2118//1801
f 1327//1804 2118//1801 3307//1803 2111//1806
f 1327//1804 2111//1806 3308//1807 2119//1805
f 1328//1808 2113//1780 3293//1763 2454//1762
f 1328//1808 2454//1762 3284//1198 2455//1809
f 1328//1808 2455//1809 3301//1781 2113//1780
f 1329//1810 2127//1811 3306//1799 2109//1798
f 1329//1810 2109//1798 3305//1795 2128//1812
f 1329//1810 2128//1812 3313//1813 2124//1814
f 1329//1810 2124//1814 3314//1815 2127//1811
f 1330//1816 2129//1817 3307//1803 2110//1802
f 1330//1816 2110//1802 3306//1799 2127//1811
f 1330//1816 2127//1811 3314//1815 2125//1818
f 1330//1816 2125//1818 3315//1819 2129//1817
f 1331//1820 2130//1821 3308//1807 2111//1806
f 1331//1820 2111//1806 3307//1803 2129//1817
f 1331//1820 2129//1817 3315//1819 2126//1822
f 1331//1820 2126//1822 3316//1823 2130//1821
f 1332//1824 2131//1825 3301//1781 2455//1809
f 1332//1824 2455//1809 3284//1198 2456//1826
f 1332//1824 2456//1826 3309//1827 2131//1825
f 1333//1828 2132//1829 3302//1783 2105//1782
f 1333//1828 2105//1782 3301//1781 2131//1825
f 1333//1828 2131//1825 3309//1827 2120//1830
f 1333//1828 2120//1830 3310//1831 2132//1829
f 1334//1832 2133//1833 3303//1787 2106//1786
f 1334//1832 2106//1786 3302//1783 2132//1829
f 1334//1832 2132//1829 3310//1831 2121//1834
f 1334//1832 2121//1834 3311//1835 2133//1833
f 1335//1836 2134//1837 3304//1791 2107//1790
f 1335//1836 2107//1790 3303//1787 2133//1833
f 1335//1836 2133//1833 3311//1835 2122//1838
f 1335//1836 2122//1838 3312//1839 2134//1837
f 1336//1840 2128//1812 3305//1795 2108//1794
f 1336//1840 2108//1794 3304//1791 2134//1837
f 1336//1840 2134//1837 3312//1839 2123//1841
f 1336//1840 2123//1841 3313//1813 2128//1812
f 1337//1842 2142//1843 3311//1835 2121//1834
f 1337//1842 2121//1834 3310//1831 2143//1844
f 1337//1842 2143//1844 3318//1845 2136//1846
f 1337//1842 2136//1846 3319//1847 2142//1843
f 1338//1848 2144//1849 3312//1839 2122//1838
f 1338//1848 2122//1838 3311//1835 2142//1843
f 1338//1848 2142//1843 3319//1847 2137//1850
f 1338//1848 2137//1850 3320//1851 2144//1849
f 1339//1852 2145//1853 3313//1813 2123//1841
f 1339//1852 2123//1841 3312//1839 2144//1849
f 1339//1852 2144//1849 3320//1851 2138//1854
f 1339//1852 2138//1854 3321//1855 2145//1853
f 1340//1856 2146//1857 3314//1815 2124//1814
f 1340//1856 2124//1814 3313//1813 2145//1853
f 1340//1856 2145//1853 3321//1855 2139//1858
f 1340//1856 2139//1858 3322//1859 2146//1857
f 1341//1860 2147//1861 3315//1819 2125//1818
f 1341//1860 2125//1818 3314//1815 2146//1857
f 1341//1860 2146//1857 3322//1859 2140//1862
f 1341//1860 2140//1862 3323//1863 2147//1861
f 1342//1864 2148//1865 3316//1823 2126//1822
f 1342//1864 2126//1822 3315//1819 2147//1861
f 1342//1864 2147//1861 3323//1863 2141//1866
f 1342//1864 2141//1866 3324//1867 2148//1865
f 1343//1868 2149//1869 3309//1827 2456//1826
f 1343//1868 2456//1826 3284//1198 2457//1870
f 1343//1868 2457//1870 3317//1871 2149//1869
f 1344//1872 2143//1844 3310//1831 2120//1830
f 1344//1872 2120//1830 3309//1827 2149//1869
f 1344//1872 2149//1869 3317//1871 2135//1873
f 1344//1872 2135//1873 3318//1845 2143//1844
f 1345//1874 2915//1874 3468//1874 2939//1874
f 1345//1874 2939//1874 3467//1874 2938//1874
f 1345//1874 2938//1874 3466//1874 2937//1874
f 1345//1874 2937//1874 3465//1874 2936//1874
f 1345//1874 2936//1874 3464//1874 2935//1874
f 1345//1874 2935//1874 3463//1874 2934//1874
f 1345//1874 2934//1874 3462//1874 2933//1874
f 1345//1874 2933//1874 3453//1874 2943//1874
f 1345//1874 2943//1874 3452//1874 2942//1874
f 1345//1874 2942//1874 3451//1874 2926//1874
f 1345//1874 2926//1874 3450//1874 2940//1874
f 1345//1874 2940//1874 3449//1874 2925//1874
f 1345//1874 2925//1874 3448//1874 2941//1874
f 1345//1874 2941//1874 3447//1874 2924//1874
f 1345//1874 2924//1874 3438//1874 2946//1874
f 1345//1874 2946//1874 3437//1874 2923//1874
f 1345//1874 2923//1874 3436//1874 2945//1874
f 1345//1874 2945//1874 3435//1874 2922//1874
f 1345//1874 2922//1874 3434//1874 2944//1874
f 1345//1874 2944//1874 3433//1874 2921//1874
f 1345//1874 2921//1874 3432//1874 2920//1874
f 1345//1874 2920//1874 3423//1874 2932//1874
f 1345//1874 2932//1874 3422//1874 2931//1874
f 1345//1874 2931//1874 3421//1874 2919//1874
f 1345//1874 2919//1874 3420//1874 2930//1874
f 1345//1874 2930//1874 3419//1874 2918//1874
f 1345//1874 2918//1874 3418//1874 2929//1874
f 1345//1874 2929//1874 3417//1874 2917//1874
f 1345//1874 2917//1874 3408//1874 2928//1874
f 1345//1874 2928//1874 3407//1874 2916//1874
f 1345//1874 2916//1874 3406//1874 2927//1874
f 1345//1874 2927//1874 3405//1874 2915//1874
f 1346//1875 2161//1876 3323//1863 2140//1862
f 1346//1875 2140//1862 3322//1859 2162//1877
f 1346//1875 2162//1877 3330//1878 2155//1879
f 1346//1875 2155//1879 3331//1880 2161//1876
f 1347//1881 2310//1882 3267//1635 2052//1679
f 1347//1881 2052//1679 3275//1681 2291//1883
f 1347//1881 2291//1883 3403//1884 2157//1885
f 1347//1881 2157//1885 3388//1886 2310//1882
f 1348//1887 2163//1888 3324//1867 2141//1866
f 1348//1887 2141//1866 3323//1863 2161//1876
f 1348//1887 2161//1876 3331//1880 2156//1889
f 1348//1887 2156//1889 3332//1890 2163//1888
f 1349//1891 2164//1892 3317//1871 2457//1870
f 1349//1891 2457//1870 3284//1198 2458//1893
f 1349//1891 2458//1893 3325//1894 2164//1892
f 1350//1895 2165//1896 3318//1845 2135//1873
f 1350//1895 2135//1873 3317//1871 2164//1892
f 1350//1895 2164//1892 3325//1894 2150//1897
f 1350//1895 2150//1897 3326//1898 2165//1896
f 1351//1899 2166//1900 3319//1847 2136//1846
f 1351//1899 2136//1846 3318//1845 2165//1896
f 1351//1899 2165//1896 3326//1898 2151//1901
f 1351//1899 2151//1901 3327//1902 2166//1900
f 1352//1903 2167//1904 3320//1851 2137//1850
f 1352//1903 2137//1850 3319//1847 2166//1900
f 1352//1903 2166//1900 3327//1902 2152//1905
f 1352//1903 2152//1905 3328//1906 2167//1904
f 1353//1907 2168//1908 3321//1855 2138//1854
f 1353//1907 2138//1854 3320//1851 2167//1904
f 1353//1907 2167//1904 3328//1906 2153//1909
f 1353//1907 2153//1909 3329//1910 2168//1908
f 1354//1911 2162//1877 3322//1859 2139//1858
f 1354//1911 2139//1858 3321//1855 2168//1908
f 1354//1911 2168//1908 3329//1910 2154//1912
f 1354//1911 2154//1912 3330//1878 2162//1877
f 1355//1913 2235//1914 3205//1411 1941//1425
f 1355//1913 1941//1425 3213//1427 2305//1915
f 1355//1913 2305//1915 3389//1916 2186//1917
f 1355//1913 2186//1917 3359//1918 2235//1914
f 1356//1919 2184//1920 3328//1906 2152//1905
f 1356//1919 2152//1905 3327//1902 2185//1921
f 1356//1919 2185//1921 3336//1922 2171//1923
f 1356//1919 2171//1923 3337//1924 2184//1920
f 1357//1925 2246//1926 3292//1743 2100//1757
f 1357//1925 2100//1757 3300//1759 2290//1927
f 1357//1925 2290//1927 3404//1928 2159//1929
f 1357//1925 2159//1929 3344//1930 2246//1926
f 1358//1931 2187//1932 3329//1910 2153//1909
f 1358//1931 2153//1909 3328//1906 2184//1920
f 1358//1931 2184//1920 3337//1924 2172//1933
f 1358//1931 2172//1933 3338//1934 2187//1932
f 1359//1935 2272//1936 3228//1937 1983//1938
f 1359//1935 1983//1938 3235//1939 2293//1940
f 1359//1935 2293//1940 3393//1941 2188//1942
f 1359//1935 2188//1942 3348//1943 2272//1936
f 1360//1944 2189//1945 3330//1878 2154//1912
f 1360//1944 2154//1912 3329//1910 2187//1932
f 1360//1944 2187//1932 3338//1934 2173//1946
f 1360//1944 2173//1946 3339//1947 2189//1945
f 1361//1948 2274//1949 3316//1823 2148//1865
f 1361//1948 2148//1865 3324//1867 2295//1950
f 1361//1948 2295//1950 3391//1951 2160//1952
f 1361//1948 2160//1952 3358//1953 2274//1949
f 1362//1954 2191//1955 3331//1880 2155//1879
f 1362//1954 2155//1879 3330//1878 2189//1945
f 1362//1954 2189//1945 3339//1947 2174//1956
f 1362//1954 2174//1956 3340//1957 2191//1955
f 1363//1958 2233//1959 3416//1960 2363//1961
f 1363//1958 2363//1961 3431//1962 2294//1963
f 1363//1958 2294//1963 3392//1964 2190//1965
f 1363//1958 2190//1965 3347//1966 2233//1959
f 1364//1967 2193//1968 3332//1890 2156//1889
f 1364//1967 2156//1889 3331//1880 2191//1955
f 1364//1967 2191//1955 3340//1957 2175//1969
f 1364//1967 2175//1969 3341//1970 2193//1968
f 1365//1971 2194//1972 3325//1894 2458//1893
f 1365//1971 2458//1893 3284//1198 2459//1973
f 1365//1971 2459//1973 3334//1974 2194//1972
f 1366//1975 2236//1976 3446//1977 2420//1978
f 1366//1975 2420//1978 3461//1190 2333//1979
f 1366//1975 2333//1979 3362//1980 2183//1981
f 1366//1975 2183//1981 3361//1982 2236//1976
f 1367//1983 2195//1984 3326//1898 2150//1897
f 1367//1983 2150//1897 3325//1894 2194//1972
f 1367//1983 2194//1972 3334//1974 2169//1985
f 1367//1983 2169//1985 3335//1986 2195//1984
f 1368//1987 2276//1988 3332//1890 2193//1968
f 1368//1987 2193//1968 3341//1970 2292//1989
f 1368//1987 2292//1989 3402//1990 2158//1991
f 1368//1987 2158//1991 3360//1992 2276//1988
f 1369//1993 2185//1921 3327//1902 2151//1901
f 1369//1993 2151//1901 3326//1898 2195//1984
f 1369//1993 2195//1984 3335//1986 2170//1994
f 1369//1993 2170//1994 3336//1922 2185//1921
f 1370//1995 2305//1915 3213//1427 1959//1469
f 1370//1995 1959//1469 3221//1471 2324//1996
f 1370//1995 2324//1996 3375//1997 2179//1998
f 1370//1995 2179//1998 3389//1916 2305//1915
f 1371//1999 2212//2000 3341//1970 2175//1969
f 1371//1999 2175//1969 3340//1957 2213//2001
f 1371//1999 2213//2001 3355//2002 2202//2003
f 1371//1999 2202//2003 3356//2004 2212//2000
f 1372//2005 2214//2006 3334//1974 2459//1973
f 1372//2005 2459//1973 3284//1198 2460//2007
f 1372//2005 2460//2007 3349//2008 2214//2006
f 1373//2009 2232//2010 3189//1347 1911//1361
f 1373//2009 1911//1361 3197//1363 2296//2011
f 1373//2009 2296//2011 3390//2012 2192//2013
f 1373//2009 2192//2013 3346//2014 2232//2010
f 1374//2015 2216//2016 3335//1986 2169//1985
f 1374//2015 2169//1985 3334//1974 2214//2006
f 1374//2015 2214//2006 3349//2008 2196//2017
f 1374//2015 2196//2017 3350//2018 2216//2016
f 1375//2019 2209//2020 3371//2021 2268//2022
f 1375//2019 2268//2022 3386//2023 2328//2024
f 1375//2019 2328//2024 3372//2025 2176//2026
f 1375//2019 2176//2026 3343//2027 2209//2020
f 1376//2028 2218//2029 3336//1922 2170//1994
f 1376//2028 2170//1994 3335//1986 2216//2016
f 1376//2028 2216//2016 3350//2018 2197//2030
f 1376//2028 2197//2030 3351//2031 2218//2029
f 1377//2032 2244//2033 3165//1243 1863//1255
f 1377//2032 1863//1255 3173//1259 2331//2034
f 1377//2032 2331//2034 3363//2035 2177//2036
f 1377//2032 2177//2036 3342//2037 2244//2033
f 1378//2038 2220//2039 3337//1924 2171//1923
f 1378//2038 2171//1923 3336//1922 2218//2029
f 1378//2038 2218//2029 3351//2031 2198//2040
f 1378//2038 2198//2040 3352//2041 2220//2039
f 1379//2042 2328//2024 3386//2023 2306//2043
f 1379//2042 2306//2043 3401//2044 2323//2045
f 1379//2042 2323//2045 3376//2046 2215//2047
f 1379//2042 2215//2047 3372//2025 2328//2024
f 1380//2048 2222//2049 3338//1934 2172//1933
f 1380//2048 2172//1933 3337//1924 2220//2039
f 1380//2048 2220//2039 3352//2041 2199//2050
f 1380//2048 2199//2050 3353//2051 2222//2049
f 1381//2052 2292//1989 3341//1970 2212//2000
f 1381//2052 2212//2000 3356//2004 2321//2053
f 1381//2052 2321//2053 3378//2054 2178//2055
f 1381//2052 2178//2055 3402//1990 2292//1989
f 1382//2056 2224//2057 3339//1947 2173//1946
f 1382//2056 2173//1946 3338//1934 2222//2049
f 1382//2056 2222//2049 3353//2051 2200//2058
f 1382//2056 2200//2058 3354//2059 2224//2057
f 1383//2060 2331//2034 3173//1259 1882//1301
f 1383//2060 1882//1301 3181//1303 2325//2061
f 1383//2060 2325//2061 3374//2062 2217//2063
f 1383//2060 2217//2063 3363//2035 2331//2034
f 1384//2064 2213//2001 3340//1957 2174//1956
f 1384//2064 2174//1956 3339//1947 2224//2057
f 1384//2064 2224//2057 3354//2059 2201//2065
f 1384//2064 2201//2065 3355//2002 2213//2001
f 1385//2066 2239//2067 3352//2041 2198//2040
f 1385//2066 2198//2040 3351//2031 2240//2068
f 1385//2066 2240//2068 3366//2069 2227//2070
f 1385//2066 2227//2070 3367//2071 2239//2067
f 1386//2072 2293//1940 3235//1939 1993//2073
f 1386//2072 1993//2073 3243//1572 2349//2074
f 1386//2072 2349//2074 3357//2075 2181//2076
f 1386//2072 2181//2076 3393//1941 2293//1940
f 1387//2077 2243//2078 3353//2051 2199//2050
f 1387//2077 2199//2050 3352//2041 2239//2067
f 1387//2077 2239//2067 3367//2071 2228//2079
f 1387//2077 2228//2079 3368//2080 2243//2078
f 1388//2081 2333//1979 3461//1190 2433//1189
f 1388//2081 2433//1189 3157//1193 2322//2082
f 1388//2081 2322//2082 3377//2083 2223//2084
f 1388//2081 2223//2084 3362//1980 2333//1979
f 1389//2085 2245//2086 3354//2059 2200//2058
f 1389//2085 2200//2058 3353//2051 2243//2078
f 1389//2085 2243//2078 3368//2080 2229//2087
f 1389//2085 2229//2087 3369//2088 2245//2086
f 1390//2089 2294//1963 3431//1962 2385//2090
f 1390//2089 2385//2090 3446//1977 2236//1976
f 1390//2089 2236//1976 3361//1982 2182//2091
f 1390//2089 2182//2091 3392//1964 2294//1963
f 1391//2092 2247//2093 3355//2002 2201//2065
f 1391//2092 2201//2065 3354//2059 2245//2086
f 1391//2092 2245//2086 3369//2088 2230//2094
f 1391//2092 2230//2094 3370//2095 2247//2093
f 1392//2096 2295//1950 3324//1867 2163//1888
f 1392//2096 2163//1888 3332//1890 2276//1988
f 1392//2096 2276//1988 3360//1992 2211//2097
f 1392//2096 2211//2097 3391//1951 2295//1950
f 1393//2098 2249//2099 3356//2004 2202//2003
f 1393//2098 2202//2003 3355//2002 2247//2093
f 1393//2098 2247//2093 3370//2095 2231//2100
f 1393//2098 2231//2100 3371//2021 2249//2099
f 1394//2101 2250//2102 3349//2008 2460//2007
f 1394//2101 2460//2007 3284//1198 2461//2103
f 1394//2101 2461//2103 3364//2104 2250//2102
f 1395//2105 2208//2106 3251//1575 2021//1587
f 1395//2105 2021//1587 3259//1591 2327//2107
f 1395//2105 2327//2107 3373//2108 2219//2109
f 1395//2105 2219//2109 3333//2110 2208//2106
f 1396//2111 2252//2112 3350//2018 2196//2017
f 1396//2111 2196//2017 3349//2008 2250//2102
f 1396//2111 2250//2102 3364//2104 2225//2113
f 1396//2111 2225//2113 3365//2114 2252//2112
f 1397//2115 2290//1927 3300//1759 2119//1805
f 1397//2115 2119//1805 3308//1807 2362//2116
f 1397//2115 2362//2116 3345//2117 2180//2118
f 1397//2115 2180//2118 3404//1928 2290//1927
f 1398//2119 2240//2068 3351//2031 2197//2030
f 1398//2119 2197//2030 3350//2018 2252//2112
f 1398//2119 2252//2112 3365//2114 2226//2120
f 1398//2119 2226//2120 3366//2069 2240//2068
f 1399//2121 2291//1883 3275//1681 2070//1697
f 1399//2121 2070//1697 3283//1699 2320//2122
f 1399//2121 2320//2122 3387//2123 2221//2124
f 1399//2121 2221//2124 3403//1884 2291//1883
f 1400//2125 2268//2022 3371//2021 2231//2100
f 1400//2125 2231//2100 3370//2095 2269//2126
f 1400//2125 2269//2126 3385//2127 2260//2128
f 1400//2125 2260//2128 3386//2023 2268//2022
f 1401//2129 2270//2130 3364//2104 2461//2103
f 1401//2129 2461//2103 3284//1198 2462//2131
f 1401//2129 2462//2131 3379//2132 2270//2130
f 1402//2133 2296//2011 3197//1363 1930//1409
f 1402//2133 1930//1409 3205//1411 2235//1914
f 1402//2133 2235//1914 3359//1918 2210//2134
f 1402//2133 2210//2134 3390//2012 2296//2011
f 1403//2135 2273//2136 3365//2114 2225//2113
f 1403//2135 2225//2113 3364//2104 2270//2130
f 1403//2135 2270//2130 3379//2132 2254//2137
f 1403//2135 2254//2137 3380//2138 2273//2136
f 1404//2139 2327//2107 3259//1591 2040//1633
f 1404//2139 2040//1633 3267//1635 2310//1882
f 1404//2139 2310//1882 3388//1886 2203//2140
f 1404//2139 2203//2140 3373//2108 2327//2107
f 1405//2141 2275//2142 3366//2069 2226//2120
f 1405//2141 2226//2120 3365//2114 2273//2136
f 1405//2141 2273//2136 3380//2138 2255//2143
f 1405//2141 2255//2143 3381//2144 2275//2142
f 1406//2145 2320//2122 3283//1699 2082//1741
f 1406//2145 2082//1741 3292//1743 2246//1926
f 1406//2145 2246//1926 3344//1930 2204//2146
f 1406//2145 2204//2146 3387//2123 2320//2122
f 1407//2147 2277//2148 3367//2071 2227//2070
f 1407//2147 2227//2070 3366//2069 2275//2142
f 1407//2147 2275//2142 3381//2144 2256//2149
f 1407//2147 2256//2149 3382//2150 2277//2148
f 1408//2151 2325//2061 3181//1303 1893//1345
f 1408//2151 1893//1345 3189//1347 2232//2010
f 1408//2151 2232//2010 3346//2014 2251//2152
f 1408//2151 2251//2152 3374//2062 2325//2061
f 1409//2153 2279//2154 3368//2080 2228//2079
f 1409//2153 2228//2079 3367//2071 2277//2148
f 1409//2153 2277//2148 3382//2150 2257//2155
f 1409//2153 2257//2155 3383//2156 2279//2154
f 1410//2157 2362//2116 3308//1807 2130//1821
f 1410//2157 2130//1821 3316//1823 2274//1949
f 1410//2157 2274//1949 3358//1953 2205//2158
f 1410//2157 2205//2158 3345//2117 2362//2116
f 1411//2159 2281//2160 3369//2088 2229//2087
f 1411//2159 2229//2087 3368//2080 2279//2154
f 1411//2159 2279//2154 3383//2156 2258//2161
f 1411//2159 2258//2161 3384//2162 2281//2160
f 1412//2163 2349//2074 3243//1572 2011//1571
f 1412//2163 2011//1571 3251//1575 2208//2106
f 1412//2163 2208//2106 3333//2110 2253//2164
f 1412//2163 2253//2164 3357//2075 2349//2074
f 1413//2165 2269//2126 3370//2095 2230//2094
f 1413//2165 2230//2094 3369//2088 2281//2160
f 1413//2165 2281//2160 3384//2162 2259//2166
f 1413//2165 2259//2166 3385//2127 2269//2126
f 1414//2167 2321//2053 3356//2004 2249//2099
f 1414//2167 2249//2099 3371//2021 2209//2020
f 1414//2167 2209//2020 3343//2027 2206//2168
f 1414//2167 2206//2168 3378//2054 2321//2053
f 1415//2169 2319//2170 3767//2171 3089//2172
f 1415//2169 3089//2172 3757//2173 3036//2174
f 1415//2169 3036//2174 3485//2175 2426//2176
f 1415//2169 2426//2176 3486//2177 2319//2170
f 1416//2178 2299//2179 3383//2156 2257//2155
f 1416//2178 2257//2155 3382//2150 2300//2180
f 1416//2178 2300//2180 3397//2181 2286//2182
f 1416//2178 2286//2182 3398//2183 2299//2179
f 1417//2184 2335//2185 3768//2186 3088//2187
f 1417//2184 3088//2187 3759//2188 3038//2189
f 1417//2184 3038//2189 3470//2190 2388//2191
f 1417//2184 2388//2191 3472//2192 2335//2185
f 1418//2193 2302//2194 3384//2162 2258//2161
f 1418//2193 2258//2161 3383//2156 2299//2179
f 1418//2193 2299//2179 3398//2183 2287//2195
f 1418//2193 2287//2195 3399//2196 2302//2194
f 1419//2197 2337//2198 3769//2199 3087//2200
f 1419//2197 3087//2200 3764//2201 3043//2202
f 1419//2197 3043//2202 3478//2203 2396//2204
f 1419//2197 2396//2204 3492//2205 2337//2198
f 1420//2206 2304//2207 3385//2127 2259//2166
f 1420//2206 2259//2166 3384//2162 2302//2194
f 1420//2206 2302//2194 3399//2196 2288//2208
f 1420//2206 2288//2208 3400//2209 2304//2207
f 1421//2210 2339//2211 3770//2212 3086//2213
f 1421//2210 3086//2213 3754//2214 3033//2215
f 1421//2210 3033//2215 3493//2216 2406//2217
f 1421//2210 2406//2217 3494//2218 2339//2211
f 1422//2219 2306//2043 3386//2023 2260//2128
f 1422//2219 2260//2128 3385//2127 2304//2207
f 1422//2219 2304//2207 3400//2209 2289//2220
f 1422//2219 2289//2220 3401//2044 2306//2043
f 1423//2221 2307//2222 3379//2132 2462//2131
f 1423//2221 2462//2131 3284//1198 2463//2223
f 1423//2221 2463//2223 3394//2224 2307//2222
f 1424//2225 2322//2082 3157//1193 1853//1241
f 1424//2225 1853//1241 3165//1243 2244//2033
f 1424//2225 2244//2033 3342//2037 2242//2226
f 1424//2225 2242//2226 3377//2083 2322//2082
f 1425//2227 2309//2228 3380//2138 2254//2137
f 1425//2227 2254//2137 3379//2132 2307//2222
f 1425//2227 2307//2222 3394//2224 2283//2229
f 1425//2227 2283//2229 3395//2230 2309//2228
f 1426//2231 2323//2045 3401//2044 2329//2232
f 1426//2231 2329//2232 3416//1960 2233//1959
f 1426//2231 2233//1959 3347//1966 2207//2233
f 1426//2231 2207//2233 3376//2046 2323//2045
f 1427//2234 2311//2235 3381//2144 2255//2143
f 1427//2234 2255//2143 3380//2138 2309//2228
f 1427//2234 2309//2228 3395//2230 2284//2236
f 1427//2234 2284//2236 3396//2237 2311//2235
f 1428//2238 2324//1996 3221//1471 1967//2239
f 1428//2238 1967//2239 3228//1937 2272//1936
f 1428//2238 2272//1936 3348//1943 2241//2240
f 1428//2238 2241//2240 3375//1997 2324//1996
f 1429//2241 2300//2180 3382//2150 2256//2149
f 1429//2241 2256//2149 3381//2144 2311//2235
f 1429//2241 2311//2235 3396//2237 2285//2242
f 1429//2241 2285//2242 3397//2181 2300//2180
f 1430//2243 2326//2244 3394//2224 2463//2223
f 1430//2243 2463//2223 3284//1198 2464//2245
f 1430//2243 2464//2245 3409//2246 2326//2244
f 1431//2247 2365//2248 3775//2249 3085//2250
f 1431//2247 3085//2250 3765//2251 3044//2252
f 1431//2247 3044//2252 3482//2253 2379//2254
f 1431//2247 2379//2254 3483//2255 2365//2248
f 1432//2256 2330//2257 3395//2230 2283//2229
f 1432//2256 2283//2229 3394//2224 2326//2244
f 1432//2256 2326//2244 3409//2246 2312//2258
f 1432//2256 2312//2258 3410//2259 2330//2257
f 1433//2260 2357//2261 3772//2262 3084//2263
f 1433//2260 3084//2263 3756//2264 3035//2265
f 1433//2260 3035//2265 3490//2266 2383//2267
f 1433//2260 2383//2267 3491//2268 2357//2261
f 1434//2269 2332//2270 3396//2237 2284//2236
f 1434//2269 2284//2236 3395//2230 2330//2257
f 1434//2269 2330//2257 3410//2259 2313//2271
f 1434//2269 2313//2271 3411//2272 2332//2270
f 1435//2273 2348//2274 3771//2275 3083//2276
f 1435//2273 3083//2276 3755//2277 3034//2278
f 1435//2273 3034//2278 3479//2279 2377//2280
f 1435//2273 2377//2280 3480//2281 2348//2274
f 1436//2282 2334//2283 3397//2181 2285//2242
f 1436//2282 2285//2242 3396//2237 2332//2270
f 1436//2282 2332//2270 3411//2272 2314//2284
f 1436//2282 2314//2284 3412//2285 2334//2283
f 1437//2286 2358//2287 3773//2288 3082//2289
f 1437//2286 3082//2289 3762//2290 3041//2291
f 1437//2286 3041//2291 3471//2292 2390//2293
f 1437//2286 2390//2293 3474//2294 2358//2287
f 1438//2295 2336//2296 3398//2183 2286//2182
f 1438//2295 2286//2182 3397//2181 2334//2283
f 1438//2295 2334//2283 3412//2285 2315//2297
f 1438//2295 2315//2297 3413//2298 2336//2296
f 1439//2299 2360//2300 3774//2301 3081//2302
f 1439//2299 3081//2302 3763//2303 3042//2304
f 1439//2299 3042//2304 3495//2305 2408//2306
f 1439//2299 2408//2306 3496//2307 2360//2300
f 1440//2308 2338//2309 3399//2196 2287//2195
f 1440//2308 2287//2195 3398//2183 2336//2296
f 1440//2308 2336//2296 3413//2298 2316//2310
f 1440//2308 2316//2310 3414//2311 2338//2309
f 1441//2312 2367//2313 3776//2314 3080//2315
f 1441//2312 3080//2315 3760//2316 3039//2317
f 1441//2312 3039//2317 3475//2318 2353//2319
f 1441//2312 2353//2319 3476//2320 2367//2313
f 1442//2321 2340//2322 3400//2209 2288//2208
f 1442//2321 2288//2208 3399//2196 2338//2309
f 1442//2321 2338//2309 3414//2311 2317//2323
f 1442//2321 2317//2323 3415//2324 2340//2322
f 1443//2325 2369//2326 3777//2327 3079//2328
f 1443//2325 3079//2328 3748//2329 3027//2330
f 1443//2325 3027//2330 3498//2331 2411//2332
f 1443//2325 2411//2332 3499//2333 2369//2326
f 1444//2334 2329//2232 3401//2044 2289//2220
f 1444//2334 2289//2220 3400//2209 2340//2322
f 1444//2334 2340//2322 3415//2324 2318//2335
f 1444//2334 2318//2335 3416//1960 2329//2232
f 1445//2336 2355//2337 3413//2298 2315//2297
f 1445//2336 2315//2297 3412//2285 2356//2338
f 1445//2336 2356//2338 3427//2339 2344//2340
f 1445//2336 2344//2340 3428//2341 2355//2337
f 1446//2342 3039//2317 3760//2316 3078//2343
f 1446//2342 3078//2343 3751//2344 3030//2345
f 1446//2342 3030//2345 3473//2346 2392//2347
f 1446//2342 2392//2347 3475//2318 3039//2317
f 1447//2348 2359//2349 3414//2311 2316//2310
f 1447//2348 2316//2310 3413//2298 2355//2337
f 1447//2348 2355//2337 3428//2341 2345//2350
f 1447//2348 2345//2350 3429//2351 2359//2349
f 1448//2352 3043//2202 3764//2201 3077//2353
f 1448//2352 3077//2353 3766//2354 3045//2355
f 1448//2352 3045//2355 3477//2356 2354//2357
f 1448//2352 2354//2357 3478//2203 3043//2202
f 1449//2358 2361//2359 3415//2324 2317//2323
f 1449//2358 2317//2323 3414//2311 2359//2349
f 1449//2358 2359//2349 3429//2351 2346//2360
f 1449//2358 2346//2360 3430//2361 2361//2359
f 1450//2362 3027//2330 3748//2329 3076//2363
f 1450//2362 3076//2363 3761//2364 3040//2365
f 1450//2362 3040//2365 3497//2366 2410//2367
f 1450//2362 2410//2367 3498//2331 3027//2330
f 1451//2368 2363//1961 3416//1960 2318//2335
f 1451//2368 2318//2335 3415//2324 2361//2359
f 1451//2368 2361//2359 3430//2361 2347//2369
f 1451//2368 2347//2369 3431//1962 2363//1961
f 1452//2370 2364//2371 3409//2246 2464//2245
f 1452//2370 2464//2245 3284//1198 2465//2372
f 1452//2370 2465//2372 3424//2373 2364//2371
f 1453//2374 3033//2215 3754//2214 3075//2375
f 1453//2374 3075//2375 3758//2376 3037//2377
f 1453//2374 3037//2377 3500//2378 2419//2379
f 1453//2374 2419//2379 3493//2216 3033//2215
f 1454//2380 2366//2381 3410//2259 2312//2258
f 1454//2380 2312//2258 3409//2246 2364//2371
f 1454//2380 2364//2371 3424//2373 2341//2382
f 1454//2380 2341//2382 3425//2383 2366//2381
f 1455//2384 2384//2385 3778//2386 3074//2387
f 1455//2384 3074//2387 3749//2388 3028//2389
f 1455//2384 3028//2389 3487//2390 2414//2391
f 1455//2384 2414//2391 3488//2392 2384//2385
f 1456//2393 2368//2394 3411//2272 2313//2271
f 1456//2393 2313//2271 3410//2259 2366//2381
f 1456//2393 2366//2381 3425//2383 2342//2395
f 1456//2393 2342//2395 3426//2396 2368//2394
f 1457//2397 3044//2252 3765//2251 3073//2398
f 1457//2397 3073//2398 3750//2399 3029//2400
f 1457//2397 3029//2400 3481//2401 2422//2402
f 1457//2397 2422//2402 3482//2253 3044//2252
f 1458//2403 2356//2338 3412//2285 2314//2284
f 1458//2403 2314//2284 3411//2272 2368//2394
f 1458//2403 2368//2394 3426//2396 2343//2404
f 1458//2403 2343//2404 3427//2339 2356//2338
f 1459//2405 3036//2174 3757//2173 3072//2406
f 1459//2405 3072//2406 3753//2407 3032//2408
f 1459//2405 3032//2408 3484//2409 2380//2410
f 1459//2405 2380//2410 3485//2175 3036//2174
f 1460//2411 3035//2265 3756//2264 3071//2412
f 1460//2411 3071//2412 3747//2413 3026//2414
f 1460//2411 3026//2414 3489//2415 2413//2416
f 1460//2411 2413//2416 3490//2266 3035//2265
f 1461//2417 2386//2418 3425//2383 2341//2382
f 1461//2417 2341//2382 3424//2373 2387//2419
f 1461//2417 2387//2419 3439//2420 2370//2421
f 1461//2417 2370//2421 3440//2422 2386//2418
f 1462//2423 3038//2189 3759//2188 3070//2424
f 1462//2423 3070//2424 3752//2425 3031//2426
f 1462//2423 3031//2426 3469//2427 2350//2428
f 1462//2423 2350//2428 3470//2190 3038//2189
f 1463//2429 2389//2430 3426//2396 2342//2395
f 1463//2429 2342//2395 3425//2383 2386//2418
f 1463//2429 2386//2418 3440//2422 2371//2431
f 1463//2429 2371//2431 3441//2432 2389//2430
f 1464//2433 3041//2291 3762//2290 3069//2434
f 1464//2433 3069//2434 3768//2186 2335//2185
f 1464//2433 2335//2185 3472//2192 2351//2435
f 1464//2433 2351//2435 3471//2292 3041//2291
f 1465//2436 2391//2437 3427//2339 2343//2404
f 1465//2436 2343//2404 3426//2396 2389//2430
f 1465//2436 2389//2430 3441//2432 2372//2438
f 1465//2436 2372//2438 3442//2439 2391//2437
f 1466//2440 3034//2278 3755//2277 3068//2441
f 1466//2440 3068//2441 3769//2199 2337//2198
f 1466//2440 2337//2198 3492//2205 2398//2442
f 1466//2440 2398//2442 3479//2279 3034//2278
f 1467//2443 2393//2444 3428//2341 2344//2340
f 1467//2443 2344//2340 3427//2339 2391//2437
f 1467//2443 2391//2437 3442//2439 2373//2445
f 1467//2443 2373//2445 3443//2446 2393//2444
f 1468//2447 3042//2304 3763//2303 3067//2448
f 1468//2447 3067//2448 3770//2212 2339//2211
f 1468//2447 2339//2211 3494//2218 2407//2449
f 1468//2447 2407//2449 3495//2305 3042//2304
f 1469//2450 2395//2451 3429//2351 2345//2350
f 1469//2450 2345//2350 3428//2341 2393//2444
f 1469//2450 2393//2444 3443//2446 2374//2452
f 1469//2450 2374//2452 3444//2453 2395//2451
f 1470//2454 3028//2389 3749//2388 3066//2455
f 1470//2454 3066//2455 3767//2171 2319//2170
f 1470//2454 2319//2170 3486//2177 2381//2456
f 1470//2454 2381//2456 3487//2390 3028//2389
f 1471//2457 2397//2458 3430//2361 2346//2360
f 1471//2457 2346//2360 3429//2351 2395//2451
f 1471//2457 2395//2451 3444//2453 2375//2459
f 1471//2457 2375//2459 3445//2460 2397//2458
f 1472//2461 3032//2408 3753//2407 3065//2462
f 1472//2461 3065//2462 3775//2249 2365//2248
f 1472//2461 2365//2248 3483//2255 2424//2463
f 1472//2461 2424//2463 3484//2409 3032//2408
f 1473//2464 2385//2090 3431//1962 2347//2369
f 1473//2464 2347//2369 3430//2361 2397//2458
f 1473//2464 2397//2458 3445//2460 2376//2465
f 1473//2464 2376//2465 3446//1977 2385//2090
f 1474//2466 2387//2419 3424//2373 2465//2372
f 1474//2466 2465//2372 3284//1198 2466//2467
f 1474//2466 2466//2467 3439//2420 2387//2419
f 1475//2468 3040//2365 3761//2364 3064//2469
f 1475//2468 3064//2469 3774//2301 2360//2300
f 1475//2468 2360//2300 3496//2307 2409//2470
f 1475//2468 2409//2470 3497//2366 3040//2365
f 1476//2471 2415//2472 3444//2453 2374//2452
f 1476//2471 2374//2452 3443//2446 2416//2473
f 1476//2471 2416//2473 3458//1177 2403//1176
f 1476//2471 2403//1176 3459//1175 2415//2472
f 1477//2474 3029//2400 3750//2399 3063//2475
f 1477//2474 3063//2475 3771//2275 2348//2274
f 1477//2474 2348//2274 3480//2281 2378//2476
f 1477//2474 2378//2476 3481//2401 3029//2400
f 1478//2477 2418//2478 3445//2460 2375//2459
f 1478//2477 2375//2459 3444//2453 2415//2472
f 1478//2477 2415//2472 3459//1175 2404//1185
f 1478//2477 2404//1185 3460//1184 2418//2478
f 1479//2479 3026//2414 3747//2413 3062//2480
f 1479//2479 3062//2480 3778//2386 2384//2385
f 1479//2479 2384//2385 3488//2392 2382//2481
f 1479//2479 2382//2481 3489//2415 3026//2414
f 1480//2482 2420//1978 3446//1977 2376//2465
f 1480//2482 2376//2465 3445//2460 2418//2478
f 1480//2482 2418//2478 3460//1184 2405//1191
f 1480//2482 2405//1191 3461//1190 2420//1978
f 1481//2483 2421//2484 3439//2420 2466//2467
f 1481//2483 2466//2467 3284//1198 2428//1197
f 1481//2483 2428//1197 3454//1196 2421//2484
f 1482//2485 3045//2355 3766//2354 3061//2486
f 1482//2485 3061//2486 3776//2314 2367//2313
f 1482//2485 2367//2313 3476//2320 2394//2487
f 1482//2485 2394//2487 3477//2356 3045//2355
f 1483//2488 2423//2489 3440//2422 2370//2421
f 1483//2488 2370//2421 3439//2420 2421//2484
f 1483//2488 2421//2484 3454//1196 2399//1204
f 1483//2488 2399//1204 3455//1203 2423//2489
f 1484//2490 3031//2426 3752//2425 3060//2491
f 1484//2490 3060//2491 3777//2327 2369//2326
f 1484//2490 2369//2326 3499//2333 2412//2492
f 1484//2490 2412//2492 3469//2427 3031//2426
f 1485//2493 2425//2494 3441//2432 2371//2431
f 1485//2493 2371//2431 3440//2422 2423//2489
f 1485//2493 2423//2489 3455//1203 2400//1210
f 1485//2493 2400//1210 3456//1209 2425//2494
f 1486//2495 3030//2345 3751//2344 3059//2496
f 1486//2495 3059//2496 3773//2288 2358//2287
f 1486//2495 2358//2287 3474//2294 2352//2497
f 1486//2495 2352//2497 3473//2346 3030//2345
f 1487//2498 2427//2499 3442//2439 2372//2438
f 1487//2498 2372//2438 3441//2432 2425//2494
f 1487//2498 2425//2494 3456//1209 2401//1216
f 1487//2498 2401//1216 3457//1215 2427//2499
f 1488//2500 3037//2377 3758//2376 3058//2501
f 1488//2500 3058//2501 3772//2262 2357//2261
f 1488//2500 2357//2261 3491//2268 2417//2502
f 1488//2500 2417//2502 3500//2378 3037//2377
f 1489//2503 2416//2473 3443//2446 2373//2445
f 1489//2503 2373//2445 3442//2439 2427//2499
f 1489//2503 2427//2499 3457//1215 2402//1220
f 1489//2503 2402//1220 3458//1177 2416//2473
f 1490//2504 2499//2505 3501//1874 2467//1874
f 1490//2504 2467//1874 3502//1874 2500//2506
f 1490//2504 2500//2506 3470//2190 2350//2428
f 1490//2504 2350//2428 3469//2427 2499//2505
f 1491//2507 2501//2508 3504//1874 2468//1874
f 1491//2507 2468//1874 3503//1874 2502//2509
f 1491//2507 2502//2509 3471//2292 2351//2435
f 1491//2507 2351//2435 3472//2192 2501//2508
f 1492//2510 2503//2511 3506//1874 2469//1874
f 1492//2510 2469//1874 3505//1874 2504//2512
f 1492//2510 2504//2512 3473//2346 2352//2497
f 1492//2510 2352//2497 3474//2294 2503//2511
f 1493//2513 2505//2514 3507//1874 2470//1874
f 1493//2513 2470//1874 3508//1874 2506//2515
f 1493//2513 2506//2515 3476//2320 2353//2319
f 1493//2513 2353//2319 3475//2318 2505//2514
f 1494//2516 2507//2517 3509//1874 2471//1874
f 1494//2516 2471//1874 3510//1874 2508//2518
f 1494//2516 2508//2518 3478//2203 2354//2357
f 1494//2516 2354//2357 3477//2356 2507//2517
f 1495//2519 2509//2520 3511//1874 2472//1874
f 1495//2519 2472//1874 3512//1874 2510//2521
f 1495//2519 2510//2521 3480//2281 2377//2280
f 1495//2519 2377//2280 3479//2279 2509//2520
f 1496//2522 2510//2521 3512//1874 2473//1874
f 1496//2522 2473//1874 3513//1874 2511//2523
f 1496//2522 2511//2523 3481//2401 2378//2476
f 1496//2522 2378//2476 3480//2281 2510//2521
f 1497//2524 2512//2525 3514//1874 2474//1874
f 1497//2524 2474//1874 3515//1874 2513//2526
f 1497//2524 2513//2526 3483//2255 2379//2254
f 1497//2524 2379//2254 3482//2253 2512//2525
f 1498//2527 2514//2528 3516//1874 2475//1874
f 1498//2527 2475//1874 3517//1874 2515//2529
f 1498//2527 2515//2529 3485//2175 2380//2410
f 1498//2527 2380//2410 3484//2409 2514//2528
f 1499//2530 2516//2531 3518//1874 2476//1874
f 1499//2530 2476//1874 3519//1874 2517//2532
f 1499//2530 2517//2532 3487//2390 2381//2456
f 1499//2530 2381//2456 3486//2177 2516//2531
f 1500//2533 2518//2534 3520//1874 2477//1874
f 1500//2533 2477//1874 3521//1874 2519//2535
f 1500//2533 2519//2535 3489//2415 2382//2481
f 1500//2533 2382//2481 3488//2392 2518//2534
f 1501//2536 2520//2537 3522//1874 2478//1874
f 1501//2536 2478//1874 3523//1874 2521//2538
f 1501//2536 2521//2538 3491//2268 2383//2267
f 1501//2536 2383//2267 3490//2266 2520//2537
f 1502//2539 2500//2506 3502//1874 2479//1874
f 1502//2539 2479//1874 3504//1874 2501//2508
f 1502//2539 2501//2508 3472//2192 2388//2191
f 1502//2539 2388//2191 3470//2190 2500//2506
f 1503//2540 2502//2509 3503//1874 2480//1874
f 1503//2540 2480//1874 3506//1874 2503//2511
f 1503//2540 2503//2511 3474//2294 2390//2293
f 1503//2540 2390//2293 3471//2292 2502//2509
f 1504//2541 2504//2512 3505//1874 2481//1874
f 1504//2541 2481//1874 3507//1874 2505//2514
f 1504//2541 2505//2514 3475//2318 2392//2347
f 1504//2541 2392//2347 3473//2346 2504//2512
f 1505//2542 2506//2515 3508//1874 2482//1874
f 1505//2542 2482//1874 3509//1874 2507//2517
f 1505//2542 2507//2517 3477//2356 2394//2487
f 1505//2542 2394//2487 3476//2320 2506//2515
f 1506//2543 2508//2518 3510//1874 2483//1874
f 1506//2543 2483//1874 3524//1874 2522//2544
f 1506//2543 2522//2544 3492//2205 2396//2204
f 1506//2543 2396//2204 3478//2203 2508//2518
f 1507//2545 2522//2544 3524//1874 2484//1874
f 1507//2545 2484//1874 3511//1874 2509//2520
f 1507//2545 2509//2520 3479//2279 2398//2442
f 1507//2545 2398//2442 3492//2205 2522//2544
f 1508//2546 2523//2547 3525//1874 2485//1874
f 1508//2546 2485//1874 3526//1874 2524//2548
f 1508//2546 2524//2548 3494//2218 2406//2217
f 1508//2546 2406//2217 3493//2216 2523//2547
f 1509//2549 2524//2548 3526//1874 2486//1874
f 1509//2549 2486//1874 3527//1874 2525//2550
f 1509//2549 2525//2550 3495//2305 2407//2449
f 1509//2549 2407//2449 3494//2218 2524//2548
f 1510//2551 2525//2550 3527//1874 2487//1874
f 1510//2551 2487//1874 3528//1874 2526//2552
f 1510//2551 2526//2552 3496//2307 2408//2306
f 1510//2551 2408//2306 3495//2305 2525//2550
f 1511//2553 2526//2552 3528//1874 2488//1874
f 1511//2553 2488//1874 3529//1874 2527//2554
f 1511//2553 2527//2554 3497//2366 2409//2470
f 1511//2553 2409//2470 3496//2307 2526//2552
f 1512//2555 2527//2554 3529//1874 2489//1874
f 1512//2555 2489//1874 3530//1874 2528//2556
f 1512//2555 2528//2556 3498//2331 2410//2367
f 1512//2555 2410//2367 3497//2366 2527//2554
f 1513//2557 2528//2556 3530//1874 2490//1874
f 1513//2557 2490//1874 3531//1874 2529//2558
f 1513//2557 2529//2558 3499//2333 2411//2332
f 1513//2557 2411//2332 3498//2331 2528//2556
f 1514//2559 2529//2558 3531//1874 2491//1874
f 1514//2559 2491//1874 3501//1874 2499//2505
f 1514//2559 2499//2505 3469//2427 2412//2492
f 1514//2559 2412//2492 3499//2333 2529//2558
f 1515//2560 2519//2535 3521//1874 2492//1874
f 1515//2560 2492//1874 3522//1874 2520//2537
f 1515//2560 2520//2537 3490//2266 2413//2416
f 1515//2560 2413//2416 3489//2415 2519//2535
f 1516//2561 2517//2532 3519//1874 2493//1874
f 1516//2561 2493//1874 3520//1874 2518//2534
f 1516//2561 2518//2534 3488//2392 2414//2391
f 1516//2561 2414//2391 3487//2390 2517//2532
f 1517//2562 2521//2538 3523//1874 2494//1874
f 1517//2562 2494//1874 3532//1874 2530//2563
f 1517//2562 2530//2563 3500//2378 2417//2502
f 1517//2562 2417//2502 3491//2268 2521//2538
f 1518//2564 2530//2563 3532//1874 2495//1874
f 1518//2564 2495//1874 3525//1874 2523//2547
f 1518//2564 2523//2547 3493//2216 2419//2379
f 1518//2564 2419//2379 3500//2378 2530//2563
f 1519//2565 2511//2523 3513//1874 2496//1874
f 1519//2565 2496//1874 3514//1874 2512//2525
f 1519//2565 2512//2525 3482//2253 2422//2402
f 1519//2565 2422//2402 3481//2401 2511//2523
f 1520//2566 2513//2526 3515//1874 2497//1874
f 1520//2566 2497//1874 3516//1874 2514//2528
f 1520//2566 2514//2528 3484//2409 2424//2463
f 1520//2566 2424//2463 3483//2255 2513//2526
f 1521//2567 2515//2529 3517//1874 2498//1874
f 1521//2567 2498//1874 3518//1874 2516//2531
f 1521//2567 2516//2531 3486//2177 2426//2176
f 1521//2567 2426//2176 3485//2175 2515//2529
f 1522//1874 2563//1874 3533//1874 2531//1874
f 1522//1874 2531//1874 3534//1874 2564//1874
f 1522//1874 2564//1874 3502//1874 2467//1874
f 1522//1874 2467//1874 3501//1874 2563//1874
f 1523//1874 2565//1874 3536//1874 2532//1874
f 1523//1874 2532//1874 3535//1874 2566//1874
f 1523//1874 2566//1874 3503//1874 2468//1874
f 1523//1874 2468//1874 3504//1874 2565//1874
f 1524//1874 2567//1874 3538//1874 2533//1874
f 1524//1874 2533//1874 3537//1874 2568//1874
f 1524//1874 2568//1874 3505//1874 2469//1874
f 1524//1874 2469//1874 3506//1874 2567//1874
f 1525//1874 2569//1874 3539//1874 2534//1874
f 1525//1874 2534//1874 3540//1874 2570//1874
f 1525//1874 2570//1874 3508//1874 2470//1874
f 1525//1874 2470//1874 3507//1874 2569//1874
f 1526//1874 2571//1874 3541//1874 2535//1874
f 1526//1874 2535//1874 3542//1874 2572//1874
f 1526//1874 2572//1874 3510//1874 2471//1874
f 1526//1874 2471//1874 3509//1874 2571//1874
f 1527//1874 2573//1874 3543//1874 2536//1874
f 1527//1874 2536//1874 3544//1874 2574//1874
f 1527//1874 2574//1874 3512//1874 2472//1874
f 1527//1874 2472//1874 3511//1874 2573//1874
f 1528//1874 2574//1874 3544//1874 2537//1874
f 1528//1874 2537//1874 3545//1874 2575//1874
f 1528//1874 2575//1874 3513//1874 2473//1874
f 1528//1874 2473//1874 3512//1874 2574//1874
f 1529//1874 2576//1874 3546//1874 2538//1874
f 1529//1874 2538//1874 3547//1874 2577//1874
f 1529//1874 2577//1874 3515//1874 2474//1874
f 1529//1874 2474//1874 3514//1874 2576//1874
f 1530//1874 2578//1874 3548//1874 2539//1874
f 1530//1874 2539//1874 3549//1874 2579//1874
f 1530//1874 2579//1874 3517//1874 2475//1874
f 1530//1874 2475//1874 3516//1874 2578//1874
f 1531//1874 2580//1874 3550//1874 2540//1874
f 1531//1874 2540//1874 3551//1874 2581//1874
f 1531//1874 2581//1874 3519//1874 2476//1874
f 1531//1874 2476//1874 3518//1874 2580//1874
f 1532//1874 2582//1874 3552//1874 2541//1874
f 1532//1874 2541//1874 3553//1874 2583//1874
f 1532//1874 2583//1874 3521//1874 2477//1874
f 1532//1874 2477//1874 3520//1874 2582//1874
f 1533//1874 2584//1874 3554//1874 2542//1874
f 1533//1874 2542//1874 3555//1874 2585//1874
f 1533//1874 2585//1874 3523//1874 2478//1874
f 1533//1874 2478//1874 3522//1874 2584//1874
f 1534//1874 2564//1874 3534//1874 2543//1874
f 1534//1874 2543//1874 3536//1874 2565//1874
f 1534//1874 2565//1874 3504//1874 2479//1874
f 1534//1874 2479//1874 3502//1874 2564//1874
f 1535//1874 2566//1874 3535//1874 2544//1874
f 1535//1874 2544//1874 3538//1874 2567//1874
f 1535//1874 2567//1874 3506//1874 2480//1874
f 1535//1874 2480//1874 3503//1874 2566//1874
f 1536//1874 2568//1874 3537//1874 2545//1874
f 1536//1874 2545//1874 3539//1874 2569//1874
f 1536//1874 2569//1874 3507//1874 2481//1874
f 1536//1874 2481//1874 3505//1874 2568//1874
f 1537//1874 2570//1874 3540//1874 2546//1874
f 1537//1874 2546//1874 3541//1874 2571//1874
f 1537//1874 2571//1874 3509//1874 2482//1874
f 1537//1874 2482//1874 3508//1874 2570//1874
f 1538//1874 2572//1874 3542//1874 2547//1874
f 1538//1874 2547//1874 3556//1874 2586//1874
f 1538//1874 2586//1874 3524//1874 2483//1874
f 1538//1874 2483//1874 3510//1874 2572//1874
f 1539//1874 2586//1874 3556//1874 2548//1874
f 1539//1874 2548//1874 3543//1874 2573//1874
f 1539//1874 2573//1874 3511//1874 2484//1874
f 1539//1874 2484//1874 3524//1874 2586//1874
f 1540//1874 2587//1874 3557//1874 2549//1874
f 1540//1874 2549//1874 3558//1874 2588//1874
f 1540//1874 2588//1874 3526//1874 2485//1874
f 1540//1874 2485//1874 3525//1874 2587//1874
f 1541//1874 2588//1874 3558//1874 2550//1874
f 1541//1874 2550//1874 3559//1874 2589//1874
f 1541//1874 2589//1874 3527//1874 2486//1874
f 1541//1874 2486//1874 3526//1874 2588//1874
f 1542//1874 2589//1874 3559//1874 2551//1874
f 1542//1874 2551//1874 3560//1874 2590//1874
f 1542//1874 2590//1874 3528//1874 2487//1874
f 1542//1874 2487//1874 3527//1874 2589//1874
f 1543//1874 2590//1874 3560//1874 2552//1874
f 1543//1874 2552//1874 3561//1874 2591//1874
f 1543//1874 2591//1874 3529//1874 2488//1874
f 1543//1874 2488//1874 3528//1874 2590//1874
f 1544//1874 2591//1874 3561//1874 2553//1874
f 1544//1874 2553//1874 3562//1874 2592//1874
f 1544//1874 2592//1874 3530//1874 2489//1874
f 1544//1874 2489//1874 3529//1874 2591//1874
f 1545//1874 2592//1874 3562//1874 2554//1874
f 1545//1874 2554//1874 3563//1874 2593//1874
f 1545//1874 2593//1874 3531//1874 2490//1874
f 1545//1874 2490//1874 3530//1874 2592//1874
f 1546//1874 2593//1874 3563//1874 2555//1874
f 1546//1874 2555//1874 3533//1874 2563//1874
f 1546//1874 2563//1874 3501//1874 2491//1874
f 1546//1874 2491//1874 3531//1874 2593//1874
f 1547//1874 2583//1874 3553//1874 2556//1874
f 1547//1874 2556//1874 3554//1874 2584//1874
f 1547//1874 2584//1874 3522//1874 2492//1874
f 1547//1874 2492//1874 3521//1874 2583//1874
f 1548//1874 2581//1874 3551//1874 2557//1874
f 1548//1874 2557//1874 3552//1874 2582//1874
f 1548//1874 2582//1874 3520//1874 2493//1874
f 1548//1874 2493//1874 3519//1874 2581//1874
f 1549//1874 2585//1874 3555//1874 2558//1874
f 1549//1874 2558//1874 3564//1874 2594//1874
f 1549//1874 2594//1874 3532//1874 2494//1874
f 1549//1874 2494//1874 3523//1874 2585//1874
f 1550//1874 2594//1874 3564//1874 2559//1874
f 1550//1874 2559//1874 3557//1874 2587//1874
f 1550//1874 2587//1874 3525//1874 2495//1874
f 1550//1874 2495//1874 3532//1874 2594//1874
f 1551//1874 2575//1874 3545//1874 2560//1874
f 1551//1874 2560//1874 3546//1874 2576//1874
f 1551//1874 2576//1874 3514//1874 2496//1874
f 1551//1874 2496//1874 3513//1874 2575//1874
f 1552//1874 2577//1874 3547//1874 2561//1874
f 1552//1874 2561//1874 3548//1874 2578//1874
f 1552//1874 2578//1874 3516//1874 2497//1874
f 1552//1874 2497//1874 3515//1874 2577//1874
f 1553//1874 2579//1874 3549//1874 2562//1874
f 1553//1874 2562//1874 3550//1874 2580//1874
f 1553//1874 2580//1874 3518//1874 2498//1874
f 1553//1874 2498//1874 3517//1874 2579//1874
f 1554//1874 2627//1874 3565//1874 2595//1874
f 1554//1874 2595//1874 3566//1874 2628//1874
f 1554//1874 2628//1874 3534//1874 2531//1874
f 1554//1874 2531//1874 3533//1874 2627//1874
f 1555//1874 2629//1874 3568//1874 2596//1874
f 1555//1874 2596//1874 3567//1874 2630//1874
f 1555//1874 2630//1874 3535//1874 2532//1874
f 1555//1874 2532//1874 3536//1874 2629//1874
f 1556//1874 2631//1874 3570//1874 2597//1874
f 1556//1874 2597//1874 3569//1874 2632//1874
f 1556//1874 2632//1874 3537//1874 2533//1874
f 1556//1874 2533//1874 3538//1874 2631//1874
f 1557//1874 2633//1874 3571//1874 2598//1874
f 1557//1874 2598//1874 3572//1874 2634//1874
f 1557//1874 2634//1874 3540//1874 2534//1874
f 1557//1874 2534//1874 3539//1874 2633//1874
f 1558//1874 2635//1874 3573//1874 2599//1874
f 1558//1874 2599//1874 3574//1874 2636//1874
f 1558//1874 2636//1874 3542//1874 2535//1874
f 1558//1874 2535//1874 3541//1874 2635//1874
f 1559//1874 2637//1874 3575//1874 2600//1874
f 1559//1874 2600//1874 3576//1874 2638//1874
f 1559//1874 2638//1874 3544//1874 2536//1874
f 1559//1874 2536//1874 3543//1874 2637//1874
f 1560//1874 2638//1874 3576//1874 2601//1874
f 1560//1874 2601//1874 3577//1874 2639//1874
f 1560//1874 2639//1874 3545//1874 2537//1874
f 1560//1874 2537//1874 3544//1874 2638//1874
f 1561//1874 2640//1874 3578//1874 2602//1874
f 1561//1874 2602//1874 3579//1874 2641//1874
f 1561//1874 2641//1874 3547//1874 2538//1874
f 1561//1874 2538//1874 3546//1874 2640//1874
f 1562//1874 2642//1874 3580//1874 2603//1874
f 1562//1874 2603//1874 3581//1874 2643//1874
f 1562//1874 2643//1874 3549//1874 2539//1874
f 1562//1874 2539//1874 3548//1874 2642//1874
f 1563//1874 2644//1874 3582//1874 2604//1874
f 1563//1874 2604//1874 3583//1874 2645//1874
f 1563//1874 2645//1874 3551//1874 2540//1874
f 1563//1874 2540//1874 3550//1874 2644//1874
f 1564//1874 2646//1874 3584//1874 2605//1874
f 1564//1874 2605//1874 3585//1874 2647//1874
f 1564//1874 2647//1874 3553//1874 2541//1874
f 1564//1874 2541//1874 3552//1874 2646//1874
f 1565//1874 2648//1874 3586//1874 2606//1874
f 1565//1874 2606//1874 3587//1874 2649//1874
f 1565//1874 2649//1874 3555//1874 2542//1874
f 1565//1874 2542//1874 3554//1874 2648//1874
f 1566//1874 2628//1874 3566//1874 2607//1874
f 1566//1874 2607//1874 3568//1874 2629//1874
f 1566//1874 2629//1874 3536//1874 2543//1874
f 1566//1874 2543//1874 3534//1874 2628//1874
f 1567//1874 2630//1874 3567//1874 2608//1874
f 1567//1874 2608//1874 3570//1874 2631//1874
f 1567//1874 2631//1874 3538//1874 2544//1874
f 1567//1874 2544//1874 3535//1874 2630//1874
f 1568//1874 2632//1874 3569//1874 2609//1874
f 1568//1874 2609//1874 3571//1874 2633//1874
f 1568//1874 2633//1874 3539//1874 2545//1874
f 1568//1874 2545//1874 3537//1874 2632//1874
f 1569//1874 2634//1874 3572//1874 2610//1874
f 1569//1874 2610//1874 3573//1874 2635//1874
f 1569//1874 2635//1874 3541//1874 2546//1874
f 1569//1874 2546//1874 3540//1874 2634//1874
f 1570//1874 2636//1874 3574//1874 2611//1874
f 1570//1874 2611//1874 3588//1874 2650//1874
f 1570//1874 2650//1874 3556//1874 2547//1874
f 1570//1874 2547//1874 3542//1874 2636//1874
f 1571//1874 2650//1874 3588//1874 2612//1874
f 1571//1874 2612//1874 3575//1874 2637//1874
f 1571//1874 2637//1874 3543//1874 2548//1874
f 1571//1874 2548//1874 3556//1874 2650//1874
f 1572//1874 2651//1874 3589//1874 2613//1874
f 1572//1874 2613//1874 3590//1874 2652//1874
f 1572//1874 2652//1874 3558//1874 2549//1874
f 1572//1874 2549//1874 3557//1874 2651//1874
f 1573//1874 2652//1874 3590//1874 2614//1874
f 1573//1874 2614//1874 3591//1874 2653//1874
f 1573//1874 2653//1874 3559//1874 2550//1874
f 1573//1874 2550//1874 3558//1874 2652//1874
f 1574//1874 2653//1874 3591//1874 2615//1874
f 1574//1874 2615//1874 3592//1874 2654//1874
f 1574//1874 2654//1874 3560//1874 2551//1874
f 1574//1874 2551//1874 3559//1874 2653//1874
f 1575//1874 2654//1874 3592//1874 2616//1874
f 1575//1874 2616//1874 3593//1874 2655//1874
f 1575//1874 2655//1874 3561//1874 2552//1874
f 1575//1874 2552//1874 3560//1874 2654//1874
f 1576//1874 2655//1874 3593//1874 2617//1874
f 1576//1874 2617//1874 3594//1874 2656//1874
f 1576//1874 2656//1874 3562//1874 2553//1874
f 1576//1874 2553//1874 3561//1874 2655//1874
f 1577//1874 2656//1874 3594//1874 2618//1874
f 1577//1874 2618//1874 3595//1874 2657//1874
f 1577//1874 2657//1874 3563//1874 2554//1874
f 1577//1874 2554//1874 3562//1874 2656//1874
f 1578//1874 2657//1874 3595//1874 2619//1874
f 1578//1874 2619//1874 3565//1874 2627//1874
f 1578//1874 2627//1874 3533//1874 2555//1874
f 1578//1874 2555//1874 3563//1874 2657//1874
f 1579//1874 2647//1874 3585//1874 2620//1874
f 1579//1874 2620//1874 3586//1874 2648//1874
f 1579//1874 2648//1874 3554//1874 2556//1874
f 1579//1874 2556//1874 3553//1874 2647//1874
f 1580//1874 2645//1874 3583//1874 2621//1874
f 1580//1874 2621//1874 3584//1874 2646//1874
f 1580//1874 2646//1874 3552//1874 2557//1874
f 1580//1874 2557//1874 3551//1874 2645//1874
f 1581//1874 2649//1874 3587//1874 2622//1874
f 1581//1874 2622//1874 3596//1874 2658//1874
f 1581//1874 2658//1874 3564//1874 2558//1874
f 1581//1874 2558//1874 3555//1874 2649//1874
f 1582//1874 2658//1874 3596//1874 2623//1874
f 1582//1874 2623//1874 3589//1874 2651//1874
f 1582//1874 2651//1874 3557//1874 2559//1874
f 1582//1874 2559//1874 3564//1874 2658//1874
f 1583//1874 2639//1874 3577//1874 2624//1874
f 1583//1874 2624//1874 3578//1874 2640//1874
f 1583//1874 2640//1874 3546//1874 2560//1874
f 1583//1874 2560//1874 3545//1874 2639//1874
f 1584//1874 2641//1874 3579//1874 2625//1874
f 1584//1874 2625//1874 3580//1874 2642//1874
f 1584//1874 2642//1874 3548//1874 2561//1874
f 1584//1874 2561//1874 3547//1874 2641//1874
f 1585//1874 2643//1874 3581//1874 2626//1874
f 1585//1874 2626//1874 3582//1874 2644//1874
f 1585//1874 2644//1874 3550//1874 2562//1874
f 1585//1874 2562//1874 3549//1874 2643//1874
f 1586//1874 2691//1874 3597//1874 2659//1874
f 1586//1874 2659//1874 3598//1874 2692//1874
f 1586//1874 2692//1874 3566//1874 2595//1874
f 1586//1874 2595//1874 3565//1874 2691//1874
f 1587//1874 2693//1874 3600//1874 2660//1874
f 1587//1874 2660//1874 3599//1874 2694//1874
f 1587//1874 2694//1874 3567//1874 2596//1874
f 1587//1874 2596//1874 3568//1874 2693//1874
f 1588//1874 2695//1874 3602//1874 2661//1874
f 1588//1874 2661//1874 3601//1874 2696//1874
f 1588//1874 2696//1874 3569//1874 2597//1874
f 1588//1874 2597//1874 3570//1874 2695//1874
f 1589//1874 2697//1874 3603//1874 2662//1874
f 1589//1874 2662//1874 3604//1874 2698//1874
f 1589//1874 2698//1874 3572//1874 2598//1874
f 1589//1874 2598//1874 3571//1874 2697//1874
f 1590//1874 2699//1874 3605//1874 2663//1874
f 1590//1874 2663//1874 3606//1874 2700//1874
f 1590//1874 2700//1874 3574//1874 2599//1874
f 1590//1874 2599//1874 3573//1874 2699//1874
f 1591//1874 2701//1874 3607//1874 2664//1874
f 1591//1874 2664//1874 3608//1874 2702//1874
f 1591//1874 2702//1874 3576//1874 2600//1874
f 1591//1874 2600//1874 3575//1874 2701//1874
f 1592//1874 2702//1874 3608//1874 2665//1874
f 1592//1874 2665//1874 3609//1874 2703//1874
f 1592//1874 2703//1874 3577//1874 2601//1874
f 1592//1874 2601//1874 3576//1874 2702//1874
f 1593//1874 2704//1874 3610//1874 2666//1874
f 1593//1874 2666//1874 3611//1874 2705//1874
f 1593//1874 2705//1874 3579//1874 2602//1874
f 1593//1874 2602//1874 3578//1874 2704//1874
f 1594//1874 2706//1874 3612//1874 2667//1874
f 1594//1874 2667//1874 3613//1874 2707//1874
f 1594//1874 2707//1874 3581//1874 2603//1874
f 1594//1874 2603//1874 3580//1874 2706//1874
f 1595//1874 2708//1874 3614//1874 2668//1874
f 1595//1874 2668//1874 3615//1874 2709//1874
f 1595//1874 2709//1874 3583//1874 2604//1874
f 1595//1874 2604//1874 3582//1874 2708//1874
f 1596//1874 2710//1874 3616//1874 2669//1874
f 1596//1874 2669//1874 3617//1874 2711//1874
f 1596//1874 2711//1874 3585//1874 2605//1874
f 1596//1874 2605//1874 3584//1874 2710//1874
f 1597//1874 2712//1874 3618//1874 2670//1874
f 1597//1874 2670//1874 3619//1874 2713//1874
f 1597//1874 2713//1874 3587//1874 2606//1874
f 1597//1874 2606//1874 3586//1874 2712//1874
f 1598//1874 2692//1874 3598//1874 2671//1874
f 1598//1874 2671//1874 3600//1874 2693//1874
f 1598//1874 2693//1874 3568//1874 2607//1874
f 1598//1874 2607//1874 3566//1874 2692//1874
f 1599//1874 2694//1874 3599//1874 2672//1874
f 1599//1874 2672//1874 3602//1874 2695//1874
f 1599//1874 2695//1874 3570//1874 2608//1874
f 1599//1874 2608//1874 3567//1874 2694//1874
f 1600//1874 2696//1874 3601//1874 2673//1874
f 1600//1874 2673//1874 3603//1874 2697//1874
f 1600//1874 2697//1874 3571//1874 2609//1874
f 1600//1874 2609//1874 3569//1874 2696//1874
f 1601//1874 2698//1874 3604//1874 2674//1874
f 1601//1874 2674//1874 3605//1874 2699//1874
f 1601//1874 2699//1874 3573//1874 2610//1874
f 1601//1874 2610//1874 3572//1874 2698//1874
f 1602//1874 2700//1874 3606//1874 2675//1874
f 1602//1874 2675//1874 3620//1874 2714//1874
f 1602//1874 2714//1874 3588//1874 2611//1874
f 1602//1874 2611//1874 3574//1874 2700//1874
f 1603//1874 2714//1874 3620//1874 2676//1874
f 1603//1874 2676//1874 3607//1874 2701//1874
f 1603//1874 2701//1874 3575//1874 2612//1874
f 1603//1874 2612//1874 3588//1874 2714//1874
f 1604//1874 2715//1874 3621//1874 2677//1874
f 1604//1874 2677//1874 3622//1874 2716//1874
f 1604//1874 2716//1874 3590//1874 2613//1874
f 1604//1874 2613//1874 3589//1874 2715//1874
f 1605//1874 2716//1874 3622//1874 2678//1874
f 1605//1874 2678//1874 3623//1874 2717//1874
f 1605//1874 2717//1874 3591//1874 2614//1874
f 1605//1874 2614//1874 3590//1874 2716//1874
f 1606//1874 2717//1874 3623//1874 2679//1874
f 1606//1874 2679//1874 3624//1874 2718//1874
f 1606//1874 2718//1874 3592//1874 2615//1874
f 1606//1874 2615//1874 3591//1874 2717//1874
f 1607//1874 2718//1874 3624//1874 2680//1874
f 1607//1874 2680//1874 3625//1874 2719//1874
f 1607//1874 2719//1874 3593//1874 2616//1874
f 1607//1874 2616//1874 3592//1874 2718//1874
f 1608//1874 2719//1874 3625//1874 2681//1874
f 1608//1874 2681//1874 3626//1874 2720//1874
f 1608//1874 2720//1874 3594//1874 2617//1874
f 1608//1874 2617//1874 3593//1874 2719//1874
f 1609//1874 2720//1874 3626//1874 2682//1874
f 1609//1874 2682//1874 3627//1874 2721//1874
f 1609//1874 2721//1874 3595//1874 2618//1874
f 1609//1874 2618//1874 3594//1874 2720//1874
f 1610//1874 2721//1874 3627//1874 2683//1874
f 1610//1874 2683//1874 3597//1874 2691//1874
f 1610//1874 2691//1874 3565//1874 2619//1874
f 1610//1874 2619//1874 3595//1874 2721//1874
f 1611//1874 2711//1874 3617//1874 2684//1874
f 1611//1874 2684//1874 3618//1874 2712//1874
f 1611//1874 2712//1874 3586//1874 2620//1874
f 1611//1874 2620//1874 3585//1874 2711//1874
f 1612//1874 2709//1874 3615//1874 2685//1874
f 1612//1874 2685//1874 3616//1874 2710//1874
f 1612//1874 2710//1874 3584//1874 2621//1874
f 1612//1874 2621//1874 3583//1874 2709//1874
f 1613//1874 2713//1874 3619//1874 2686//1874
f 1613//1874 2686//1874 3628//1874 2722//1874
f 1613//1874 2722//1874 3596//1874 2622//1874
f 1613//1874 2622//1874 3587//1874 2713//1874
f 1614//1874 2722//1874 3628//1874 2687//1874
f 1614//1874 2687//1874 3621//1874 2715//1874
f 1614//1874 2715//1874 3589//1874 2623//1874
f 1614//1874 2623//1874 3596//1874 2722//1874
f 1615//1874 2703//1874 3609//1874 2688//1874
f 1615//1874 2688//1874 3610//1874 2704//1874
f 1615//1874 2704//1874 3578//1874 2624//1874
f 1615//1874 2624//1874 3577//1874 2703//1874
f 1616//1874 2705//1874 3611//1874 2689//1874
f 1616//1874 2689//1874 3612//1874 2706//1874
f 1616//1874 2706//1874 3580//1874 2625//1874
f 1616//1874 2625//1874 3579//1874 2705//1874
f 1617//1874 2707//1874 3613//1874 2690//1874
f 1617//1874 2690//1874 3614//1874 2708//1874
f 1617//1874 2708//1874 3582//1874 2626//1874
f 1617//1874 2626//1874 3581//1874 2707//1874
f 1618//1874 2755//1874 3629//1874 2723//1874
f 1618//1874 2723//1874 3630//1874 2756//1874
f 1618//1874 2756//1874 3598//1874 2659//1874
f 1618//1874 2659//1874 3597//1874 2755//1874
f 1619//1874 2757//1874 3632//1874 2724//1874
f 1619//1874 2724//1874 3631//1874 2758//1874
f 1619//1874 2758//1874 3599//1874 2660//1874
f 1619//1874 2660//1874 3600//1874 2757//1874
f 1620//1874 2759//1874 3634//1874 2725//1874
f 1620//1874 2725//1874 3633//1874 2760//1874
f 1620//1874 2760//1874 3601//1874 2661//1874
f 1620//1874 2661//1874 3602//1874 2759//1874
f 1621//1874 2761//1874 3635//1874 2726//1874
f 1621//1874 2726//1874 3636//1874 2762//1874
f 1621//1874 2762//1874 3604//1874 2662//1874
f 1621//1874 2662//1874 3603//1874 2761//1874
f 1622//1874 2763//1874 3637//1874 2727//1874
f 1622//1874 2727//1874 3638//1874 2764//1874
f 1622//1874 2764//1874 3606//1874 2663//1874
f 1622//1874 2663//1874 3605//1874 2763//1874
f 1623//1874 2765//1874 3639//1874 2728//1874
f 1623//1874 2728//1874 3640//1874 2766//1874
f 1623//1874 2766//1874 3608//1874 2664//1874
f 1623//1874 2664//1874 3607//1874 2765//1874
f 1624//1874 2766//1874 3640//1874 2729//1874
f 1624//1874 2729//1874 3641//1874 2767//1874
f 1624//1874 2767//1874 3609//1874 2665//1874
f 1624//1874 2665//1874 3608//1874 2766//1874
f 1625//1874 2768//1874 3642//1874 2730//1874
f 1625//1874 2730//1874 3643//1874 2769//1874
f 1625//1874 2769//1874 3611//1874 2666//1874
f 1625//1874 2666//1874 3610//1874 2768//1874
f 1626//1874 2770//1874 3644//1874 2731//1874
f 1626//1874 2731//1874 3645//1874 2771//1874
f 1626//1874 2771//1874 3613//1874 2667//1874
f 1626//1874 2667//1874 3612//1874 2770//1874
f 1627//1874 2772//1874 3646//1874 2732//1874
f 1627//1874 2732//1874 3647//1874 2773//1874
f 1627//1874 2773//1874 3615//1874 2668//1874
f 1627//1874 2668//1874 3614//1874 2772//1874
f 1628//1874 2774//1874 3648//1874 2733//1874
f 1628//1874 2733//1874 3649//1874 2775//1874
f 1628//1874 2775//1874 3617//1874 2669//1874
f 1628//1874 2669//1874 3616//1874 2774//1874
f 1629//1874 2776//1874 3650//1874 2734//1874
f 1629//1874 2734//1874 3651//1874 2777//1874
f 1629//1874 2777//1874 3619//1874 2670//1874
f 1629//1874 2670//1874 3618//1874 2776//1874
f 1630//1874 2756//1874 3630//1874 2735//1874
f 1630//1874 2735//1874 3632//1874 2757//1874
f 1630//1874 2757//1874 3600//1874 2671//1874
f 1630//1874 2671//1874 3598//1874 2756//1874
f 1631//1874 2758//1874 3631//1874 2736//1874
f 1631//1874 2736//1874 3634//1874 2759//1874
f 1631//1874 2759//1874 3602//1874 2672//1874
f 1631//1874 2672//1874 3599//1874 2758//1874
f 1632//1874 2760//1874 3633//1874 2737//1874
f 1632//1874 2737//1874 3635//1874 2761//1874
f 1632//1874 2761//1874 3603//1874 2673//1874
f 1632//1874 2673//1874 3601//1874 2760//1874
f 1633//1874 2762//1874 3636//1874 2738//1874
f 1633//1874 2738//1874 3637//1874 2763//1874
f 1633//1874 2763//1874 3605//1874 2674//1874
f 1633//1874 2674//1874 3604//1874 2762//1874
f 1634//1874 2764//1874 3638//1874 2739//1874
f 1634//1874 2739//1874 3652//1874 2778//1874
f 1634//1874 2778//1874 3620//1874 2675//1874
f 1634//1874 2675//1874 3606//1874 2764//1874
f 1635//1874 2778//1874 3652//1874 2740//1874
f 1635//1874 2740//1874 3639//1874 2765//1874
f 1635//1874 2765//1874 3607//1874 2676//1874
f 1635//1874 2676//1874 3620//1874 2778//1874
f 1636//1874 2779//1874 3653//1874 2741//1874
f 1636//1874 2741//1874 3654//1874 2780//1874
f 1636//1874 2780//1874 3622//1874 2677//1874
f 1636//1874 2677//1874 3621//1874 2779//1874
f 1637//1874 2780//1874 3654//1874 2742//1874
f 1637//1874 2742//1874 3655//1874 2781//1874
f 1637//1874 2781//1874 3623//1874 2678//1874
f 1637//1874 2678//1874 3622//1874 2780//1874
f 1638//1874 2781//1874 3655//1874 2743//1874
f 1638//1874 2743//1874 3656//1874 2782//1874
f 1638//1874 2782//1874 3624//1874 2679//1874
f 1638//1874 2679//1874 3623//1874 2781//1874
f 1639//1874 2782//1874 3656//1874 2744//1874
f 1639//1874 2744//1874 3657//1874 2783//1874
f 1639//1874 2783//1874 3625//1874 2680//1874
f 1639//1874 2680//1874 3624//1874 2782//1874
f 1640//1874 2783//1874 3657//1874 2745//1874
f 1640//1874 2745//1874 3658//1874 2784//1874
f 1640//1874 2784//1874 3626//1874 2681//1874
f 1640//1874 2681//1874 3625//1874 2783//1874
f 1641//1874 2784//1874 3658//1874 2746//1874
f 1641//1874 2746//1874 3659//1874 2785//1874
f 1641//1874 2785//1874 3627//1874 2682//1874
f 1641//1874 2682//1874 3626//1874 2784//1874
f 1642//1874 2785//1874 3659//1874 2747//1874
f 1642//1874 2747//1874 3629//1874 2755//1874
f 1642//1874 2755//1874 3597//1874 2683//1874
f 1642//1874 2683//1874 3627//1874 2785//1874
f 1643//1874 2775//1874 3649//1874 2748//1874
f 1643//1874 2748//1874 3650//1874 2776//1874
f 1643//1874 2776//1874 3618//1874 2684//1874
f 1643//1874 2684//1874 3617//1874 2775//1874
f 1644//1874 2773//1874 3647//1874 2749//1874
f 1644//1874 2749//1874 3648//1874 2774//1874
f 1644//1874 2774//1874 3616//1874 2685//1874
f 1644//1874 2685//1874 3615//1874 2773//1874
f 1645//1874 2777//1874 3651//1874 2750//1874
f 1645//1874 2750//1874 3660//1874 2786//1874
f 1645//1874 2786//1874 3628//1874 2686//1874
f 1645//1874 2686//1874 3619//1874 2777//1874
f 1646//1874 2786//1874 3660//1874 2751//1874
f 1646//1874 2751//1874 3653//1874 2779//1874
f 1646//1874 2779//1874 3621//1874 2687//1874
f 1646//1874 2687//1874 3628//1874 2786//1874
f 1647//1874 2767//1874 3641//1874 2752//1874
f 1647//1874 2752//1874 3642//1874 2768//1874
f 1647//1874 2768//1874 3610//1874 2688//1874
f 1647//1874 2688//1874 3609//1874 2767//1874
f 1648//1874 2769//1874 3643//1874 2753//1874
f 1648//1874 2753//1874 3644//1874 2770//1874
f 1648//1874 2770//1874 3612//1874 2689//1874
f 1648//1874 2689//1874 3611//1874 2769//1874
f 1649//1874 2771//1874 3645//1874 2754//1874
f 1649//1874 2754//1874 3646//1874 2772//1874
f 1649//1874 2772//1874 3614//1874 2690//1874
f 1649//1874 2690//1874 3613//1874 2771//1874
f 1650//1874 2819//1874 3661//1874 2787//1874
f 1650//1874 2787//1874 3662//1874 2820//1874
f 1650//1874 2820//1874 3630//1874 2723//1874
f 1650//1874 2723//1874 3629//1874 2819//1874
f 1651//1874 2821//1874 3664//1874 2788//1874
f 1651//1874 2788//1874 3663//1874 2822//1874
f 1651//1874 2822//1874 3631//1874 2724//1874
f 1651//1874 2724//1874 3632//1874 2821//1874
f 1652//1874 2823//1874 3666//1874 2789//1874
f 1652//1874 2789//1874 3665//1874 2824//1874
f 1652//1874 2824//1874 3633//1874 2725//1874
f 1652//1874 2725//1874 3634//1874 2823//1874
f 1653//1874 2825//1874 3667//1874 2790//1874
f 1653//1874 2790//1874 3668//1874 2826//1874
f 1653//1874 2826//1874 3636//1874 2726//1874
f 1653//1874 2726//1874 3635//1874 2825//1874
f 1654//1874 2827//1874 3669//1874 2791//1874
f 1654//1874 2791//1874 3670//1874 2828//1874
f 1654//1874 2828//1874 3638//1874 2727//1874
f 1654//1874 2727//1874 3637//1874 2827//1874
f 1655//1874 2829//1874 3671//1874 2792//1874
f 1655//1874 2792//1874 3672//1874 2830//1874
f 1655//1874 2830//1874 3640//1874 2728//1874
f 1655//1874 2728//1874 3639//1874 2829//1874
f 1656//1874 2830//1874 3672//1874 2793//1874
f 1656//1874 2793//1874 3673//1874 2831//1874
f 1656//1874 2831//1874 3641//1874 2729//1874
f 1656//1874 2729//1874 3640//1874 2830//1874
f 1657//1874 2832//1874 3674//1874 2794//1874
f 1657//1874 2794//1874 3675//1874 2833//1874
f 1657//1874 2833//1874 3643//1874 2730//1874
f 1657//1874 2730//1874 3642//1874 2832//1874
f 1658//1874 2834//1874 3676//1874 2795//1874
f 1658//1874 2795//1874 3677//1874 2835//1874
f 1658//1874 2835//1874 3645//1874 2731//1874
f 1658//1874 2731//1874 3644//1874 2834//1874
f 1659//1874 2836//1874 3678//1874 2796//1874
f 1659//1874 2796//1874 3679//1874 2837//1874
f 1659//1874 2837//1874 3647//1874 2732//1874
f 1659//1874 2732//1874 3646//1874 2836//1874
f 1660//1874 2838//1874 3680//1874 2797//1874
f 1660//1874 2797//1874 3681//1874 2839//1874
f 1660//1874 2839//1874 3649//1874 2733//1874
f 1660//1874 2733//1874 3648//1874 2838//1874
f 1661//1874 2840//1874 3682//1874 2798//1874
f 1661//1874 2798//1874 3683//1874 2841//1874
f 1661//1874 2841//1874 3651//1874 2734//1874
f 1661//1874 2734//1874 3650//1874 2840//1874
f 1662//1874 2820//1874 3662//1874 2799//1874
f 1662//1874 2799//1874 3664//1874 2821//1874
f 1662//1874 2821//1874 3632//1874 2735//1874
f 1662//1874 2735//1874 3630//1874 2820//1874
f 1663//1874 2822//1874 3663//1874 2800//1874
f 1663//1874 2800//1874 3666//1874 2823//1874
f 1663//1874 2823//1874 3634//1874 2736//1874
f 1663//1874 2736//1874 3631//1874 2822//1874
f 1664//1874 2824//1874 3665//1874 2801//1874
f 1664//1874 2801//1874 3667//1874 2825//1874
f 1664//1874 2825//1874 3635//1874 2737//1874
f 1664//1874 2737//1874 3633//1874 2824//1874
f 1665//1874 2826//1874 3668//1874 2802//1874
f 1665//1874 2802//1874 3669//1874 2827//1874
f 1665//1874 2827//1874 3637//1874 2738//1874
f 1665//1874 2738//1874 3636//1874 2826//1874
f 1666//1874 2828//1874 3670//1874 2803//1874
f 1666//1874 2803//1874 3684//1874 2842//1874
f 1666//1874 2842//1874 3652//1874 2739//1874
f 1666//1874 2739//1874 3638//1874 2828//1874
f 1667//1874 2842//1874 3684//1874 2804//1874
f 1667//1874 2804//1874 3671//1874 2829//1874
f 1667//1874 2829//1874 3639//1874 2740//1874
f 1667//1874 2740//1874 3652//1874 2842//1874
f 1668//1874 2843//1874 3685//1874 2805//1874
f 1668//1874 2805//1874 3686//1874 2844//1874
f 1668//1874 2844//1874 3654//1874 2741//1874
f 1668//1874 2741//1874 3653//1874 2843//1874
f 1669//1874 2844//1874 3686//1874 2806//1874
f 1669//1874 2806//1874 3687//1874 2845//1874
f 1669//1874 2845//1874 3655//1874 2742//1874
f 1669//1874 2742//1874 3654//1874 2844//1874
f 1670//1874 2845//1874 3687//1874 2807//1874
f 1670//1874 2807//1874 3688//1874 2846//1874
f 1670//1874 2846//1874 3656//1874 2743//1874
f 1670//1874 2743//1874 3655//1874 2845//1874
f 1671//1874 2846//1874 3688//1874 2808//1874
f 1671//1874 2808//1874 3689//1874 2847//1874
f 1671//1874 2847//1874 3657//1874 2744//1874
f 1671//1874 2744//1874 3656//1874 2846//1874
f 1672//1874 2847//1874 3689//1874 2809//1874
f 1672//1874 2809//1874 3690//1874 2848//1874
f 1672//1874 2848//1874 3658//1874 2745//1874
f 1672//1874 2745//1874 3657//1874 2847//1874
f 1673//1874 2848//1874 3690//1874 2810//1874
f 1673//1874 2810//1874 3691//1874 2849//1874
f 1673//1874 2849//1874 3659//1874 2746//1874
f 1673//1874 2746//1874 3658//1874 2848//1874
f 1674//1874 2849//1874 3691//1874 2811//1874
f 1674//1874 2811//1874 3661//1874 2819//1874
f 1674//1874 2819//1874 3629//1874 2747//1874
f 1674//1874 2747//1874 3659//1874 2849//1874
f 1675//1874 2839//1874 3681//1874 2812//1874
f 1675//1874 2812//1874 3682//1874 2840//1874
f 1675//1874 2840//1874 3650//1874 2748//1874
f 1675//1874 2748//1874 3649//1874 2839//1874
f 1676//1874 2837//1874 3679//1874 2813//1874
f 1676//1874 2813//1874 3680//1874 2838//1874
f 1676//1874 2838//1874 3648//1874 2749//1874
f 1676//1874 2749//1874 3647//1874 2837//1874
f 1677//1874 2841//1874 3683//1874 2814//1874
f 1677//1874 2814//1874 3692//1874 2850//1874
f 1677//1874 2850//1874 3660//1874 2750//1874
f 1677//1874 2750//1874 3651//1874 2841//1874
f 1678//1874 2850//1874 3692//1874 2815//1874
f 1678//1874 2815//1874 3685//1874 2843//1874
f 1678//1874 2843//1874 3653//1874 2751//1874
f 1678//1874 2751//1874 3660//1874 2850//1874
f 1679//1874 2831//1874 3673//1874 2816//1874
f 1679//1874 2816//1874 3674//1874 2832//1874
f 1679//1874 2832//1874 3642//1874 2752//1874
f 1679//1874 2752//1874 3641//1874 2831//1874
f 1680//1874 2833//1874 3675//1874 2817//1874
f 1680//1874 2817//1874 3676//1874 2834//1874
f 1680//1874 2834//1874 3644//1874 2753//1874
f 1680//1874 2753//1874 3643//1874 2833//1874
f 1681//1874 2835//1874 3677//1874 2818//1874
f 1681//1874 2818//1874 3678//1874 2836//1874
f 1681//1874 2836//1874 3646//1874 2754//1874
f 1681//1874 2754//1874 3645//1874 2835//1874
f 1682//1874 2883//1874 3693//1874 2851//1874
f 1682//1874 2851//1874 3694//1874 2884//1874
f 1682//1874 2884//1874 3662//1874 2787//1874
f 1682//1874 2787//1874 3661//1874 2883//1874
f 1683//1874 2885//1874 3696//1874 2852//1874
f 1683//1874 2852//1874 3695//1874 2886//1874
f 1683//1874 2886//1874 3663//1874 2788//1874
f 1683//1874 2788//1874 3664//1874 2885//1874
f 1684//1874 2887//1874 3698//1874 2853//1874
f 1684//1874 2853//1874 3697//1874 2888//1874
f 1684//1874 2888//1874 3665//1874 2789//1874
f 1684//1874 2789//1874 3666//1874 2887//1874
f 1685//1874 2889//1874 3699//1874 2854//1874
f 1685//1874 2854//1874 3700//1874 2890//1874
f 1685//1874 2890//1874 3668//1874 2790//1874
f 1685//1874 2790//1874 3667//1874 2889//1874
f 1686//1874 2891//1874 3701//1874 2855//1874
f 1686//1874 2855//1874 3702//1874 2892//1874
f 1686//1874 2892//1874 3670//1874 2791//1874
f 1686//1874 2791//1874 3669//1874 2891//1874
f 1687//1874 2893//1874 3703//1874 2856//1874
f 1687//1874 2856//1874 3704//1874 2894//1874
f 1687//1874 2894//1874 3672//1874 2792//1874
f 1687//1874 2792//1874 3671//1874 2893//1874
f 1688//1874 2894//1874 3704//1874 2857//1874
f 1688//1874 2857//1874 3705//1874 2895//1874
f 1688//1874 2895//1874 3673//1874 2793//1874
f 1688//1874 2793//1874 3672//1874 2894//1874
f 1689//1874 2896//1874 3706//1874 2858//1874
f 1689//1874 2858//1874 3707//1874 2897//1874
f 1689//1874 2897//1874 3675//1874 2794//1874
f 1689//1874 2794//1874 3674//1874 2896//1874
f 1690//1874 2898//1874 3708//1874 2859//1874
f 1690//1874 2859//1874 3709//1874 2899//1874
f 1690//1874 2899//1874 3677//1874 2795//1874
f 1690//1874 2795//1874 3676//1874 2898//1874
f 1691//1874 2900//1874 3710//1874 2860//1874
f 1691//1874 2860//1874 3711//1874 2901//1874
f 1691//1874 2901//1874 3679//1874 2796//1874
f 1691//1874 2796//1874 3678//1874 2900//1874
f 1692//1874 2902//1874 3712//1874 2861//1874
f 1692//1874 2861//1874 3713//1874 2903//1874
f 1692//1874 2903//1874 3681//1874 2797//1874
f 1692//1874 2797//1874 3680//1874 2902//1874
f 1693//1874 2904//1874 3714//1874 2862//1874
f 1693//1874 2862//1874 3715//1874 2905//1874
f 1693//1874 2905//1874 3683//1874 2798//1874
f 1693//1874 2798//1874 3682//1874 2904//1874
f 1694//1874 2884//1874 3694//1874 2863//1874
f 1694//1874 2863//1874 3696//1874 2885//1874
f 1694//1874 2885//1874 3664//1874 2799//1874
f 1694//1874 2799//1874 3662//1874 2884//1874
f 1695//1874 2886//1874 3695//1874 2864//1874
f 1695//1874 2864//1874 3698//1874 2887//1874
f 1695//1874 2887//1874 3666//1874 2800//1874
f 1695//1874 2800//1874 3663//1874 2886//1874
f 1696//1874 2888//1874 3697//1874 2865//1874
f 1696//1874 2865//1874 3699//1874 2889//1874
f 1696//1874 2889//1874 3667//1874 2801//1874
f 1696//1874 2801//1874 3665//1874 2888//1874
f 1697//1874 2890//1874 3700//1874 2866//1874
f 1697//1874 2866//1874 3701//1874 2891//1874
f 1697//1874 2891//1874 3669//1874 2802//1874
f 1697//1874 2802//1874 3668//1874 2890//1874
f 1698//1874 2892//1874 3702//1874 2867//1874
f 1698//1874 2867//1874 3716//1874 2906//1874
f 1698//1874 2906//1874 3684//1874 2803//1874
f 1698//1874 2803//1874 3670//1874 2892//1874
f 1699//1874 2906//1874 3716//1874 2868//1874
f 1699//1874 2868//1874 3703//1874 2893//1874
f 1699//1874 2893//1874 3671//1874 2804//1874
f 1699//1874 2804//1874 3684//1874 2906//1874
f 1700//1874 2907//1874 3717//1874 2869//1874
f 1700//1874 2869//1874 3718//1874 2908//1874
f 1700//1874 2908//1874 3686//1874 2805//1874
f 1700//1874 2805//1874 3685//1874 2907//1874
f 1701//1874 2908//1874 3718//1874 2870//1874
f 1701//1874 2870//1874 3719//1874 2909//1874
f 1701//1874 2909//1874 3687//1874 2806//1874
f 1701//1874 2806//1874 3686//1874 2908//1874
f 1702//1874 2909//1874 3719//1874 2871//1874
f 1702//1874 2871//1874 3720//1874 2910//1874
f 1702//1874 2910//1874 3688//1874 2807//1874
f 1702//1874 2807//1874 3687//1874 2909//1874
f 1703//1874 2910//1874 3720//1874 2872//1874
f 1703//1874 2872//1874 3721//1874 2911//1874
f 1703//1874 2911//1874 3689//1874 2808//1874
f 1703//1874 2808//1874 3688//1874 2910//1874
f 1704//1874 2911//1874 3721//1874 2873//1874
f 1704//1874 2873//1874 3722//1874 2912//1874
f 1704//1874 2912//1874 3690//1874 2809//1874
f 1704//1874 2809//1874 3689//1874 2911//1874
f 1705//1874 2912//1874 3722//1874 2874//1874
f 1705//1874 2874//1874 3723//1874 2913//1874
f 1705//1874 2913//1874 3691//1874 2810//1874
f 1705//1874 2810//1874 3690//1874 2912//1874
f 1706//1874 2913//1874 3723//1874 2875//1874
f 1706//1874 2875//1874 3693//1874 2883//1874
f 1706//1874 2883//1874 3661//1874 2811//1874
f 1706//1874 2811//1874 3691//1874 2913//1874
f 1707//1874 2903//1874 3713//1874 2876//1874
f 1707//1874 2876//1874 3714//1874 2904//1874
f 1707//1874 2904//1874 3682//1874 2812//1874
f 1707//1874 2812//1874 3681//1874 2903//1874
f 1708//1874 2901//1874 3711//1874 2877//1874
f 1708//1874 2877//1874 3712//1874 2902//1874
f 1708//1874 2902//1874 3680//1874 2813//1874
f 1708//1874 2813//1874 3679//1874 2901//1874
f 1709//1874 2905//1874 3715//1874 2878//1874
f 1709//1874 2878//1874 3724//1874 2914//1874
f 1709//1874 2914//1874 3692//1874 2814//1874
f 1709//1874 2814//1874 3683//1874 2905//1874
f 1710//1874 2914//1874 3724//1874 2879//1874
f 1710//1874 2879//1874 3717//1874 2907//1874
f 1710//1874 2907//1874 3685//1874 2815//1874
f 1710//1874 2815//1874 3692//1874 2914//1874
f 1711//1874 2895//1874 3705//1874 2880//1874
f 1711//1874 2880//1874 3706//1874 2896//1874
f 1711//1874 2896//1874 3674//1874 2816//1874
f 1711//1874 2816//1874 3673//1874 2895//1874
f 1712//1874 2897//1874 3707//1874 2881//1874
f 1712//1874 2881//1874 3708//1874 2898//1874
f 1712//1874 2898//1874 3676//1874 2817//1874
f 1712//1874 2817//1874 3675//1874 2897//1874
f 1713//1874 2899//1874 3709//1874 2882//1874
f 1713//1874 2882//1874 3710//1874 2900//1874
f 1713//1874 2900//1874 3678//1874 2818//1874
f 1713//1874 2818//1874 3677//1874 2899//1874
f 1714//1874 2947//1874 3468//1874 2915//1874
f 1714//1874 2915//1874 3405//1874 2948//1874
f 1714//1874 2948//1874 3694//1874 2851//1874
f 1714//1874 2851//1874 3693//1874 2947//1874
f 1715//1874 2949//1874 3406//1874 2916//1874
f 1715//1874 2916//1874 3407//1874 2950//1874
f 1715//1874 2950//1874 3695//1874 2852//1874
f 1715//1874 2852//1874 3696//1874 2949//1874
f 1716//1874 2951//1874 3408//1874 2917//1874
f 1716//1874 2917//1874 3417//1874 2952//1874
f 1716//1874 2952//1874 3697//1874 2853//1874
f 1716//1874 2853//1874 3698//1874 2951//1874
f 1717//1874 2953//1874 3418//1874 2918//1874
f 1717//1874 2918//1874 3419//1874 2954//1874
f 1717//1874 2954//1874 3700//1874 2854//1874
f 1717//1874 2854//1874 3699//1874 2953//1874
f 1718//1874 2955//1874 3420//1874 2919//1874
f 1718//1874 2919//1874 3421//1874 2956//1874
f 1718//1874 2956//1874 3702//1874 2855//1874
f 1718//1874 2855//1874 3701//1874 2955//1874
f 1719//1874 2957//1874 3423//1874 2920//1874
f 1719//1874 2920//1874 3432//1874 2958//1874
f 1719//1874 2958//1874 3704//1874 2856//1874
f 1719//1874 2856//1874 3703//1874 2957//1874
f 1720//1874 2958//1874 3432//1874 2921//1874
f 1720//1874 2921//1874 3433//1874 2959//1874
f 1720//1874 2959//1874 3705//1874 2857//1874
f 1720//1874 2857//1874 3704//1874 2958//1874
f 1721//1874 2960//1874 3434//1874 2922//1874
f 1721//1874 2922//1874 3435//1874 2961//1874
f 1721//1874 2961//1874 3707//1874 2858//1874
f 1721//1874 2858//1874 3706//1874 2960//1874
f 1722//1874 2962//1874 3436//1874 2923//1874
f 1722//1874 2923//1874 3437//1874 2963//1874
f 1722//1874 2963//1874 3709//1874 2859//1874
f 1722//1874 2859//1874 3708//1874 2962//1874
f 1723//1874 2964//1874 3438//1874 2924//1874
f 1723//1874 2924//1874 3447//1874 2965//1874
f 1723//1874 2965//1874 3711//1874 2860//1874
f 1723//1874 2860//1874 3710//1874 2964//1874
f 1724//1874 2966//1874 3448//1874 2925//1874
f 1724//1874 2925//1874 3449//1874 2967//1874
f 1724//1874 2967//1874 3713//1874 2861//1874
f 1724//1874 2861//1874 3712//1874 2966//1874
f 1725//1874 2968//1874 3450//1874 2926//1874
f 1725//1874 2926//1874 3451//1874 2969//1874
f 1725//1874 2969//1874 3715//1874 2862//1874
f 1725//1874 2862//1874 3714//1874 2968//1874
f 1726//1874 2948//1874 3405//1874 2927//1874
f 1726//1874 2927//1874 3406//1874 2949//1874
f 1726//1874 2949//1874 3696//1874 2863//1874
f 1726//1874 2863//1874 3694//1874 2948//1874
f 1727//1874 2950//1874 3407//1874 2928//1874
f 1727//1874 2928//1874 3408//1874 2951//1874
f 1727//1874 2951//1874 3698//1874 2864//1874
f 1727//1874 2864//1874 3695//1874 2950//1874
f 1728//1874 2952//1874 3417//1874 2929//1874
f 1728//1874 2929//1874 3418//1874 2953//1874
f 1728//1874 2953//1874 3699//1874 2865//1874
f 1728//1874 2865//1874 3697//1874 2952//1874
f 1729//1874 2954//1874 3419//1874 2930//1874
f 1729//1874 2930//1874 3420//1874 2955//1874
f 1729//1874 2955//1874 3701//1874 2866//1874
f 1729//1874 2866//1874 3700//1874 2954//1874
f 1730//1874 2956//1874 3421//1874 2931//1874
f 1730//1874 2931//1874 3422//1874 2970//1874
f 1730//1874 2970//1874 3716//1874 2867//1874
f 1730//1874 2867//1874 3702//1874 2956//1874
f 1731//1874 2970//1874 3422//1874 2932//1874
f 1731//1874 2932//1874 3423//1874 2957//1874
f 1731//1874 2957//1874 3703//1874 2868//1874
f 1731//1874 2868//1874 3716//1874 2970//1874
f 1732//1874 2971//1874 3453//1874 2933//1874
f 1732//1874 2933//1874 3462//1874 2972//1874
f 1732//1874 2972//1874 3718//1874 2869//1874
f 1732//1874 2869//1874 3717//1874 2971//1874
f 1733//1874 2972//1874 3462//1874 2934//1874
f 1733//1874 2934//1874 3463//1874 2973//1874
f 1733//1874 2973//1874 3719//1874 2870//1874
f 1733//1874 2870//1874 3718//1874 2972//1874
f 1734//1874 2973//1874 3463//1874 2935//1874
f 1734//1874 2935//1874 3464//1874 2974//1874
f 1734//1874 2974//1874 3720//1874 2871//1874
f 1734//1874 2871//1874 3719//1874 2973//1874
f 1735//1874 2974//1874 3464//1874 2936//1874
f 1735//1874 2936//1874 3465//1874 2975//1874
f 1735//1874 2975//1874 3721//1874 2872//1874
f 1735//1874 2872//1874 3720//1874 2974//1874
f 1736//1874 2975//1874 3465//1874 2937//1874
f 1736//1874 2937//1874 3466//1874 2976//1874
f 1736//1874 2976//1874 3722//1874 2873//1874
f 1736//1874 2873//1874 3721//1874 2975//1874
f 1737//1874 2976//1874 3466//1874 2938//1874
f 1737//1874 2938//1874 3467//1874 2977//1874
f 1737//1874 2977//1874 3723//1874 2874//1874
f 1737//1874 2874//1874 3722//1874 2976//1874
f 1738//1874 2977//1874 3467//1874 2939//1874
f 1738//1874 2939//1874 3468//1874 2947//1874
f 1738//1874 2947//1874 3693//1874 2875//1874
f 1738//1874 2875//1874 3723//1874 2977//1874
f 1739//1874 2967//1874 3449//1874 2940//1874
f 1739//1874 2940//1874 3450//1874 2968//1874
f 1739//1874 2968//1874 3714//1874 2876//1874
f 1739//1874 2876//1874 3713//1874 2967//1874
f 1740//1874 2965//1874 3447//1874 2941//1874
f 1740//1874 2941//1874 3448//1874 2966//1874
f 1740//1874 2966//1874 3712//1874 2877//1874
f 1740//1874 2877//1874 3711//1874 2965//1874
f 1741//1874 2969//1874 3451//1874 2942//1874
f 1741//1874 2942//1874 3452//1874 2978//1874
f 1741//1874 2978//1874 3724//1874 2878//1874
f 1741//1874 2878//1874 3715//1874 2969//1874
f 1742//1874 2978//1874 3452//1874 2943//1874
f 1742//1874 2943//1874 3453//1874 2971//1874
f 1742//1874 2971//1874 3717//1874 2879//1874
f 1742//1874 2879//1874 3724//1874 2978//1874
f 1743//1874 2959//1874 3433//1874 2944//1874
f 1743//1874 2944//1874 3434//1874 2960//1874
f 1743//1874 2960//1874 3706//1874 2880//1874
f 1743//1874 2880//1874 3705//1874 2959//1874
f 1744//1874 2961//1874 3435//1874 2945//1874
f 1744//1874 2945//1874 3436//1874 2962//1874
f 1744//1874 2962//1874 3708//1874 2881//1874
f 1744//1874 2881//1874 3707//1874 2961//1874
f 1745//1874 2963//1874 3437//1874 2946//1874
f 1745//1874 2946//1874 3438//1874 2964//1874
f 1745//1874 2964//1874 3710//1874 2882//1874
f 1745//1874 2882//1874 3709//1874 2963//1874
f 1746//2568 3006//2569 3737//2570 3025//2571
f 1746//2568 3025//2571 3738//2572 2990//2573
f 1746//2568 2990//2573 3726//2574 2980//2575
f 1746//2568 2980//2575 3727//2576 3006//2569
f 1747//2577 3008//2578 3739//2579 3024//2580
f 1747//2577 3024//2580 3781//2581 2992//2582
f 1747//2577 2992//2582 3779//2583 2988//2584
f 1747//2577 2988//2584 3734//2585 3008//2578
f 1748//2586 3010//2587 3741//2588 3023//2589
f 1748//2586 3023//2589 3785//2590 2994//2591
f 1748//2586 2994//2591 3784//2592 2981//2593
f 1748//2586 2981//2593 3725//2594 3010//2587
f 1749//2595 3125//2596 3788//2597 3106//2598
f 1749//2595 3106//2598 3728//2599 3099//2600
f 1749//2595 3099//2600 3742//2601 3112//2602
f 1749//2595 3112//2602 3789//2603 3125//2596
f 1750//2604 3013//2605 3797//2606 3021//2607
f 1750//2604 3021//2607 3745//2608 2997//2609
f 1750//2604 2997//2609 3733//2610 2985//2611
f 1750//2604 2985//2611 3796//2612 3013//2605
f 1751//2613 2995//2614 3782//2615 3020//2616
f 1751//2613 3020//2616 3737//2570 3006//2569
f 1751//2613 3006//2569 3727//2576 2982//2617
f 1751//2613 2982//2617 3780//2618 2995//2614
f 1752//2619 2997//2609 3745//2608 3019//2620
f 1752//2619 3019//2620 3739//2579 3008//2578
f 1752//2619 3008//2578 3734//2585 2986//2621
f 1752//2619 2986//2621 3733//2610 2997//2609
f 1753//2622 2990//2573 3738//2572 3018//2623
f 1753//2622 3018//2623 3741//2588 3010//2587
f 1753//2622 3010//2587 3725//2594 2979//2624
f 1753//2622 2979//2624 3726//2574 2990//2573
f 1754//2625 3143//2626 3804//2627 3149//2628
f 1754//2625 3149//2628 3803//2629 3138//2630
f 1754//2625 3138//2630 3801//2631 3137//2632
f 1754//2625 3137//2632 3802//2633 3143//2626
f 1755//2634 3123//2635 3789//2603 3112//2602
f 1755//2634 3112//2602 3742//2601 3101//2636
f 1755//2634 3101//2636 3746//2637 3114//2638
f 1755//2634 3114//2638 3791//2639 3123//2635
f 1756//2640 3001//2641 3779//2583 2984//2642
f 1756//2640 2984//2642 3780//2618 3000//2643
f 1756//2640 3000//2643 3735//2644 2999//2645
f 1756//2640 2999//2645 3736//2646 3001//2641
f 1757//2647 2986//2621 3734//2585 2988//2584
f 1757//2647 2988//2584 3779//2583 3001//2641
f 1757//2647 3001//2641 3736//2646 3002//2648
f 1757//2647 3002//2648 3733//2610 2986//2621
f 1758//2649 2980//2575 3726//2574 3003//2650
f 1758//2649 3003//2650 3735//2644 3000//2643
f 1758//2649 3000//2643 3780//2618 2982//2617
f 1758//2649 2982//2617 3727//2576 2980//2575
f 1759//2651 3005//2652 3784//2592 2983//2653
f 1759//2651 2983//2653 3795//2654 3004//2655
f 1759//2651 3004//2655 3736//2646 2999//2645
f 1759//2651 2999//2645 3735//2644 3005//2652
f 1760//2656 3003//2650 3726//2574 2979//2624
f 1760//2656 2979//2624 3725//2594 2981//2593
f 1760//2656 2981//2593 3784//2592 3005//2652
f 1760//2656 3005//2652 3735//2644 3003//2650
f 1761//2657 2985//2611 3733//2610 3002//2648
f 1761//2657 3002//2648 3736//2646 3004//2655
f 1761//2657 3004//2655 3795//2654 2987//2658
f 1761//2657 2987//2658 3796//2612 2985//2611
f 1762//2659 3011//2660 3227//1501 1982//1517
f 1762//2659 1982//1517 3234//1519 2998//2661
f 1762//2659 2998//2661 3798//2662 3016//2663
f 1762//2659 3016//2663 3785//2590 3011//2660
f 1763//2664 2998//2661 3234//1519 1992//1547
f 1763//2664 1992//1547 3241//1549 2996//2665
f 1763//2664 2996//2665 3797//2606 3017//2666
f 1763//2664 3017//2666 3798//2662 2998//2661
f 1764//2667 3007//2668 3220//1467 1951//1466
f 1764//2667 1951//1466 3219//1463 2993//2669
f 1764//2667 2993//2669 3741//2588 3018//2623
f 1764//2667 3018//2623 3738//2572 3007//2668
f 1765//2670 3014//2671 3242//1566 1991//1573
f 1765//2670 1991//1573 3243//1572 2991//2672
f 1765//2670 2991//2672 3739//2579 3019//2620
f 1765//2670 3019//2620 3745//2608 3014//2671
f 1766//2673 3012//2674 3228//1937 1967//2239
f 1766//2673 1967//2239 3221//1471 2989//2675
f 1766//2673 2989//2675 3737//2570 3020//2616
f 1766//2673 3020//2616 3782//2615 3012//2674
f 1767//2676 2996//2665 3241//1549 1990//1567
f 1767//2676 1990//1567 3242//1566 3014//2671
f 1767//2676 3014//2671 3745//2608 3021//2607
f 1767//2676 3021//2607 3797//2606 2996//2665
f 1768//2677 3009//2678 3235//1939 1983//1938
f 1768//2677 1983//1938 3228//1937 3012//2674
f 1768//2677 3012//2674 3782//2615 3022//2679
f 1768//2677 3022//2679 3781//2581 3009//2678
f 1769//2680 2993//2669 3219//1463 1966//1499
f 1769//2680 1966//1499 3227//1501 3011//2660
f 1769//2680 3011//2660 3785//2590 3023//2589
f 1769//2680 3023//2589 3741//2588 2993//2669
f 1770//2681 2991//2672 3243//1572 1993//2073
f 1770//2681 1993//2073 3235//1939 3009//2678
f 1770//2681 3009//2678 3781//2581 3024//2580
f 1770//2681 3024//2580 3739//2579 2991//2672
f 1771//2682 2989//2675 3221//1471 1952//1470
f 1771//2682 1952//1470 3220//1467 3007//2668
f 1771//2682 3007//2668 3738//2572 3025//2571
f 1771//2682 3025//2571 3737//2570 2989//2675
f 1772//2683 2271//2684 3375//1997 2241//2240
f 1772//2683 2241//2240 3348//1943 3051//2685
f 1772//2683 3051//2685 3772//2262 3058//2501
f 1772//2683 3058//2501 3758//2376 2271//2684
f 1773//2686 2261//2687 3376//2046 2207//2233
f 1773//2686 2207//2233 3347//1966 3052//2688
f 1773//2686 3052//2688 3773//2288 3059//2496
f 1773//2686 3059//2496 3751//2344 2261//2687
f 1774//2689 2262//2690 3377//2083 2242//2226
f 1774//2689 2242//2226 3342//2037 3056//2691
f 1774//2689 3056//2691 3777//2327 3060//2491
f 1774//2689 3060//2491 3752//2425 2262//2690
f 1775//2692 2308//2693 3378//2054 2206//2168
f 1775//2692 2206//2168 3343//2027 3055//2694
f 1775//2692 3055//2694 3776//2314 3061//2486
f 1775//2692 3061//2486 3766//2354 2308//2693
f 1776//2695 2234//2696 3357//2075 2253//2164
f 1776//2695 2253//2164 3333//2110 3057//2697
f 1776//2695 3057//2697 3778//2386 3062//2480
f 1776//2695 3062//2480 3747//2413 2234//2696
f 1777//2698 2248//2699 3345//2117 2205//2158
f 1777//2698 2205//2158 3358//1953 3050//2700
f 1777//2698 3050//2700 3771//2275 3063//2475
f 1777//2698 3063//2475 3750//2399 2248//2699
f 1778//2701 2282//2702 3374//2062 2251//2152
f 1778//2701 2251//2152 3346//2014 3053//2703
f 1778//2701 3053//2703 3774//2301 3064//2469
f 1778//2701 3064//2469 3761//2364 2282//2702
f 1779//2704 2263//2705 3387//2123 2204//2146
f 1779//2704 2204//2146 3344//1930 3054//2706
f 1779//2704 3054//2706 3775//2249 3065//2462
f 1779//2704 3065//2462 3753//2407 2263//2705
f 1780//2707 2238//2708 3373//2108 2203//2140
f 1780//2707 2203//2140 3388//1886 3046//2709
f 1780//2707 3046//2709 3767//2171 3066//2455
f 1780//2707 3066//2455 3749//2388 2238//2708
f 1781//2710 2298//2711 3390//2012 2210//2134
f 1781//2710 2210//2134 3359//1918 3049//2712
f 1781//2710 3049//2712 3770//2212 3067//2448
f 1781//2710 3067//2448 3763//2303 2298//2711
f 1782//2713 2265//2714 3391//1951 2211//2097
f 1782//2713 2211//2097 3360//1992 3048//2715
f 1782//2713 3048//2715 3769//2199 3068//2441
f 1782//2713 3068//2441 3755//2277 2265//2714
f 1783//2716 2297//2717 3392//1964 2182//2091
f 1783//2716 2182//2091 3361//1982 3047//2718
f 1783//2716 3047//2718 3768//2186 3069//2434
f 1783//2716 3069//2434 3762//2290 2297//2717
f 1784//2719 2278//2720 3362//1980 2223//2084
f 1784//2719 2223//2084 3377//2083 2262//2690
f 1784//2719 2262//2690 3752//2425 3070//2424
f 1784//2719 3070//2424 3759//2188 2278//2720
f 1785//2721 2266//2722 3393//1941 2181//2076
f 1785//2721 2181//2076 3357//2075 2234//2696
f 1785//2721 2234//2696 3747//2413 3071//2412
f 1785//2721 3071//2412 3756//2264 2266//2722
f 1786//2723 2267//2724 3403//1884 2221//2124
f 1786//2723 2221//2124 3387//2123 2263//2705
f 1786//2723 2263//2705 3753//2407 3072//2406
f 1786//2723 3072//2406 3757//2173 2267//2724
f 1787//2725 2303//2726 3404//1928 2180//2118
f 1787//2725 2180//2118 3345//2117 2248//2699
f 1787//2725 2248//2699 3750//2399 3073//2398
f 1787//2725 3073//2398 3765//2251 2303//2726
f 1788//2727 3057//2697 3333//2110 2219//2109
f 1788//2727 2219//2109 3373//2108 2238//2708
f 1788//2727 2238//2708 3749//2388 3074//2387
f 1788//2727 3074//2387 3778//2386 3057//2697
f 1789//2728 2264//2729 3389//1916 2179//1998
f 1789//2728 2179//1998 3375//1997 2271//2684
f 1789//2728 2271//2684 3758//2376 3075//2375
f 1789//2728 3075//2375 3754//2214 2264//2729
f 1790//2730 2237//2731 3363//2035 2217//2063
f 1790//2730 2217//2063 3374//2062 2282//2702
f 1790//2730 2282//2702 3761//2364 3076//2363
f 1790//2730 3076//2363 3748//2329 2237//2731
f 1791//2732 2301//2733 3402//1990 2178//2055
f 1791//2732 2178//2055 3378//2054 2308//2693
f 1791//2732 2308//2693 3766//2354 3077//2353
f 1791//2732 3077//2353 3764//2201 2301//2733
f 1792//2734 2280//2735 3372//2025 2215//2047
f 1792//2734 2215//2047 3376//2046 2261//2687
f 1792//2734 2261//2687 3751//2344 3078//2343
f 1792//2734 3078//2343 3760//2316 2280//2735
f 1793//2736 3056//2691 3342//2037 2177//2036
f 1793//2736 2177//2036 3363//2035 2237//2731
f 1793//2736 2237//2731 3748//2329 3079//2328
f 1793//2736 3079//2328 3777//2327 3056//2691
f 1794//2737 3055//2694 3343//2027 2176//2026
f 1794//2737 2176//2026 3372//2025 2280//2735
f 1794//2737 2280//2735 3760//2316 3080//2315
f 1794//2737 3080//2315 3776//2314 3055//2694
f 1795//2738 3053//2703 3346//2014 2192//2013
f 1795//2738 2192//2013 3390//2012 2298//2711
f 1795//2738 2298//2711 3763//2303 3081//2302
f 1795//2738 3081//2302 3774//2301 3053//2703
f 1796//2739 3052//2688 3347//1966 2190//1965
f 1796//2739 2190//1965 3392//1964 2297//2717
f 1796//2739 2297//2717 3762//2290 3082//2289
f 1796//2739 3082//2289 3773//2288 3052//2688
f 1797//2740 3050//2700 3358//1953 2160//1952
f 1797//2740 2160//1952 3391//1951 2265//2714
f 1797//2740 2265//2714 3755//2277 3083//2276
f 1797//2740 3083//2276 3771//2275 3050//2700
f 1798//2741 3051//2685 3348//1943 2188//1942
f 1798//2741 2188//1942 3393//1941 2266//2722
f 1798//2741 2266//2722 3756//2264 3084//2263
f 1798//2741 3084//2263 3772//2262 3051//2685
f 1799//2742 3054//2706 3344//1930 2159//1929
f 1799//2742 2159//1929 3404//1928 2303//2726
f 1799//2742 2303//2726 3765//2251 3085//2250
f 1799//2742 3085//2250 3775//2249 3054//2706
f 1800//2743 3049//2712 3359//1918 2186//1917
f 1800//2743 2186//1917 3389//1916 2264//2729
f 1800//2743 2264//2729 3754//2214 3086//2213
f 1800//2743 3086//2213 3770//2212 3049//2712
f 1801//2744 3048//2715 3360//1992 2158//1991
f 1801//2744 2158//1991 3402//1990 2301//2733
f 1801//2744 2301//2733 3764//2201 3087//2200
f 1801//2744 3087//2200 3769//2199 3048//2715
f 1802//2745 3047//2718 3361//1982 2183//1981
f 1802//2745 2183//1981 3362//1980 2278//2720
f 1802//2745 2278//2720 3759//2188 3088//2187
f 1802//2745 3088//2187 3768//2186 3047//2718
f 1803//2746 3046//2709 3388//1886 2157//1885
f 1803//2746 2157//1885 3403//1884 2267//2724
f 1803//2746 2267//2724 3757//2173 3089//2172
f 1803//2746 3089//2172 3767//2171 3046//2709
f 1804//2747 3094//2748 3731//2749 3090//2750
f 1804//2747 3090//2750 3729//2751 3095//2752
f 1804//2747 3095//2752 3780//2618 2984//2642
f 1804//2747 2984//2642 3779//2583 3094//2748
f 1805//2753 3096//2754 3740//2755 3091//2756
f 1805//2753 3091//2756 3731//2749 3094//2748
f 1805//2753 3094//2748 3779//2583 2992//2582
f 1805//2753 2992//2582 3781//2581 3096//2754
f 1806//2757 3095//2752 3729//2751 3092//2758
f 1806//2757 3092//2758 3743//2759 3097//2760
f 1806//2757 3097//2760 3782//2615 2995//2614
f 1806//2757 2995//2614 3780//2618 3095//2752
f 1807//2761 3097//2760 3743//2759 3093//2762
f 1807//2761 3093//2762 3740//2755 3096//2754
f 1807//2761 3096//2754 3781//2581 3022//2679
f 1807//2761 3022//2679 3782//2615 3097//2760
f 1808//2763 3102//2764 3728//2599 3098//2765
f 1808//2763 3098//2765 3730//2766 3103//2767
f 1808//2763 3103//2767 3795//2654 2983//2653
f 1808//2763 2983//2653 3784//2592 3102//2764
f 1809//2768 3104//2769 3742//2601 3099//2600
f 1809//2768 3099//2600 3728//2599 3102//2764
f 1809//2768 3102//2764 3784//2592 2994//2591
f 1809//2768 2994//2591 3785//2590 3104//2769
f 1810//2770 3103//2767 3730//2766 3100//2771
f 1810//2770 3100//2771 3746//2637 3105//2772
f 1810//2770 3105//2772 3798//2662 3015//2773
f 1810//2770 3015//2773 3795//2654 3103//2767
f 1811//2774 3105//2772 3746//2637 3101//2636
f 1811//2774 3101//2636 3742//2601 3104//2769
f 1811//2774 3104//2769 3785//2590 3016//2663
f 1811//2774 3016//2663 3798//2662 3105//2772
f 1812//2775 3121//2776 3791//2639 3114//2638
f 1812//2775 3114//2638 3746//2637 3100//2771
f 1812//2775 3100//2771 3730//2766 3116//2777
f 1812//2775 3116//2777 3793//2778 3121//2776
f 1813//2779 3119//2780 3793//2778 3116//2777
f 1813//2779 3116//2777 3730//2766 3098//2765
f 1813//2779 3098//2765 3728//2599 3106//2598
f 1813//2779 3106//2598 3788//2597 3119//2780
f 1814//2781 3090//2750 3731//2749 3109//2782
f 1814//2781 3109//2782 3794//2783 3118//2784
f 1814//2781 3118//2784 3787//2785 3110//2786
f 1814//2781 3110//2786 3729//2751 3090//2750
f 1815//2787 3118//2784 3794//2783 3117//2788
f 1815//2787 3117//2788 3793//2778 3119//2780
f 1815//2787 3119//2780 3788//2597 3111//2789
f 1815//2787 3111//2789 3787//2785 3118//2784
f 1816//2790 3091//2756 3740//2755 3108//2791
f 1816//2790 3108//2791 3792//2792 3120//2793
f 1816//2790 3120//2793 3794//2783 3109//2782
f 1816//2790 3109//2782 3731//2749 3091//2756
f 1817//2794 3120//2793 3792//2792 3115//2795
f 1817//2794 3115//2795 3791//2639 3121//2776
f 1817//2794 3121//2776 3793//2778 3117//2788
f 1817//2794 3117//2788 3794//2783 3120//2793
f 1818//2796 3093//2762 3743//2759 3107//2797
f 1818//2796 3107//2797 3790//2798 3122//2799
f 1818//2796 3122//2799 3792//2792 3108//2791
f 1818//2796 3108//2791 3740//2755 3093//2762
f 1819//2800 3122//2799 3790//2798 3113//2801
f 1819//2800 3113//2801 3789//2603 3123//2635
f 1819//2800 3123//2635 3791//2639 3115//2795
f 1819//2800 3115//2795 3792//2792 3122//2799
f 1820//2802 3092//2758 3729//2751 3110//2786
f 1820//2802 3110//2786 3787//2785 3124//2803
f 1820//2802 3124//2803 3790//2798 3107//2797
f 1820//2802 3107//2797 3743//2759 3092//2758
f 1821//2804 3124//2803 3787//2785 3111//2789
f 1821//2804 3111//2789 3788//2597 3125//2596
f 1821//2804 3125//2596 3789//2603 3113//2801
f 1821//2804 3113//2801 3790//2798 3124//2803
f 1822//2805 3130//2806 3783//2807 3126//2808
f 1822//2805 3126//2808 3732//2809 3131//2810
f 1822//2805 3131//2810 3796//2612 2987//2658
f 1822//2805 2987//2658 3795//2654 3130//2806
f 1823//2811 3131//2810 3732//2809 3127//2812
f 1823//2811 3127//2812 3744//2813 3132//2814
f 1823//2811 3132//2814 3797//2606 3013//2605
f 1823//2811 3013//2605 3796//2612 3131//2810
f 1824//2815 3133//2816 3786//2817 3128//2818
f 1824//2815 3128//2818 3783//2807 3130//2806
f 1824//2815 3130//2806 3795//2654 3015//2773
f 1824//2815 3015//2773 3798//2662 3133//2816
f 1825//2819 3132//2814 3744//2813 3129//2820
f 1825//2819 3129//2820 3786//2817 3133//2816
f 1825//2819 3133//2816 3798//2662 3017//2666
f 1825//2819 3017//2666 3797//2606 3132//2814
f 1826//2821 3136//2822 3802//2633 3137//2632
f 1826//2821 3137//2632 3801//2631 3135//2823
f 1826//2821 3135//2823 3800//2824 3134//2825
f 1826//2821 3134//2825 3799//2826 3136//2822
f 1827//2827 3138//2630 3803//2629 3148//2828
f 1827//2827 3148//2828 3805//2829 3140//2830
f 1827//2827 3140//2830 3800//2824 3135//2823
f 1827//2827 3135//2823 3801//2631 3138//2630
f 1828//2831 3145//2832 3806//2833 3147//2834
f 1828//2831 3147//2834 3804//2627 3143//2626
f 1828//2831 3143//2626 3802//2633 3136//2822
f 1828//2831 3136//2822 3799//2826 3145//2832
f 1829//2835 3140//2830 3805//2829 3146//2836
f 1829//2835 3146//2836 3806//2833 3145//2832
f 1829//2835 3145//2832 3799//2826 3134//2825
f 1829//2835 3134//2825 3800//2824 3140//2830
f 1830//2837 3144//2838 3732//2809 3126//2808
f 1830//2837 3126//2808 3783//2807 3141//2839
f 1830//2837 3141//2839 3806//2833 3146//2836
f 1830//2837 3146//2836 3805//2829 3144//2838
f 1831//2840 3141//2839 3783//2807 3128//2818
f 1831//2840 3128//2818 3786//2817 3139//2841
f 1831//2840 3139//2841 3804//2627 3147//2834
f 1831//2840 3147//2834 3806//2833 3141//2839
f 1832//2842 3142//2843 3744//2813 3127//2812
f 1832//2842 3127//2812 3732//2809 3144//2838
f 1832//2842 3144//2838 3805//2829 3148//2828
f 1832//2842 3148//2828 3803//2629 3142//2843
f 1833//2844 3139//2841 3786//2817 3129//2820
f 1833//2844 3129//2820 3744//2813 3142//2843
f 1833//2844 3142//2843 3803//2629 3149//2628
f 1833//2844 3149//2628 3804//2627 3139//2841
